run,bot,seed,calling,weapon,ability,tier,people,oath,level,won,win_min,died,minutes,death_cause,killer_level,kills,ember,cards,cards_per_min,low_hp,low_hp_before_win,boss_max_hp,boss_seconds,boss_left,quaffs,heralds,greats,top_hurt,ember_curve,alive_curve,hp_curve,build
0,deft,1031,warden,worn_oathblade,shield_bash,1,pack,none,1,1,30.49,0,45.00,,0,42853,72,80,1.78,0.328,0.328,49318,29.2,0.000,1,2,stormborn hunters_mark,Longtooth Wolf:3421 Thicket Tusker:2383 Blight-Sick Wolf:2313 blast:2202,11 14 18 20 23 25 28 30 32 33 35 36 37 39 41 42 43 44 45 46 47 49 49 51 52 53 54 55 56 57 58 59 60 61 63 64 65 66 67 68 69 70 70 71 72,35 46 55 43 67 79 86 94 73 84 120 111 115 106 99 114 167 168 141 140 162 188 208 164 225 206 162 200 167 195 196 190 234 228 256 247 297 273 304 301 361 345 381 387 370,1 1 1 1 1 1 1 1 1 1 1 1 1 1 0.99 1 1 1 0.96 1 1 1 1 1 1 1 1 1 1 1 0.94 1 1 1 1 1 1 1 1 1 0.76 1 1 0.88 1,oathkeeper8 thousand_cuts8 harrowing8 plaguebloom8 tether_of_anguish8 razorgale8 | stormborn1 butchers_mark1 soul_harvest1 grave_call2 blood_scent1 hunters_mark3 expanse5 perennial5 recovery4 ironhide2 wisdom3 serration4
1,deft,8950,warden,judgement_disc_item,shield_bash,1,pack,none,1,1,30.31,0,45.00,,0,48206,76,84,1.87,0.271,0.540,49318,18.5,0.000,1,3,arcane_overflow momentum,Longtooth Wolf:1919 Thicket Tusker:1680 blast:1223 Greymuzzle:1165,13 17 21 24 26 29 30 33 34 35 37 39 40 41 42 44 45 46 48 49 50 51 52 53 54 55 57 58 59 60 61 62 63 64 65 66 67 68 70 71 72 73 74 75 76,36 40 46 48 59 67 79 67 57 62 108 85 87 118 81 88 104 99 72 73 107 77 95 94 97 126 118 112 139 111 150 142 152 114 163 222 208 196 207 270 296 249 350 370 345,1 1 1 1 0.99 1 1 1 1 1 0.97 1 1 1 1 1 1 1 1 1 1 1 1 0.95 1 1 1 1 1 1 1 0.94 1 1 1 1 1 1 1 0.87 1 1 1 1 1,aegis_wheel8 verdant_gaze8 blighted_earth8 circle_of_dawn8 tempest_coil8 rend_and_mend8 | arcane_overflow1 dark_bargain1 plague_bearer1 static_charge1 sanctify1 consecration1 momentum1 chilling3 vitality5 evasion4 expanse5 perennial5 shatter1 serration4 pack_leader1
2,deft,16869,warden,worn_oathblade,bulwark,1,pack,none,1,1,30.86,0,45.00,,0,41314,70,78,1.73,0.671,0.685,49318,51.4,0.000,0,3,duelists_grace duelists_grace,Longtooth Wolf:2071 blast:1597 Thicket Tusker:1589 Blight-Sick Wolf:782,8 14 17 21 24 25 28 29 31 32 34 36 37 38 39 40 42 42 44 44 46 47 48 49 50 51 53 54 55 56 56 57 58 60 61 62 63 64 65 66 67 68 68 69 70,34 41 49 53 73 73 86 93 60 81 116 119 130 140 156 160 177 147 144 150 177 183 180 224 144 224 208 175 248 262 193 273 274 282 263 256 305 325 323 316 357 329 363 374 301,1 1 1 1 1 1 1 1 1 1 0.96 0.99 1 1 0.96 0.99 1 1 0.96 1 1 1 1 1 1 1 1 1 1 1 1 1 0.93 1 1 1 1 1 0.98 1 1 1 1 1 0.9,oathkeeper8 arrowfall8 sunbreak8 moonfall8 tether_of_anguish8 steel_flurry8 | duelists_grace3 sanctify1 blood_scent1 consecration1 soul_harvest1 might5 fleetfoot5 expanse2 recovery4 ironhide4 pack_leader1 velocity3 grave_call1
3,deft,24788,warden,judgement_disc_item,bulwark,1,pack,none,1,1,30.45,0,45.00,,0,40895,71,79,1.76,0.072,0.362,49318,27.1,0.000,3,3,spirit_companion spirit_companion,Longtooth Wolf:7273 Thicket Tusker:2455 Blight-Sick Wolf:2446 Greymuzzle:2277,11 15 20 23 26 28 29 32 33 35 36 38 39 40 42 43 44 45 46 47 49 50 51 52 53 55 55 57 58 59 60 61 62 63 64 65 66 67 67 68 69 69 70 70 71,33 48 35 48 49 66 68 60 63 78 122 94 106 105 127 153 138 148 172 143 165 143 173 179 169 182 125 196 183 190 204 137 200 307 308 321 321 321 306 336 309 368 357 381 365,1 1 1 1 0.99 1 1 0.92 1 1 1 1 1 0.78 1 0.61 0.97 1 0.87 1 1 1 1 1 1 1 1 1 1 1 1 1 1 0.95 1 1 0.98 0.92 0.99 0.66 0.82 0.97 0.35 0.55 1,aegis_wheel8 circle_of_dawn8 arrowfall8 tempest_coil8 soul_siphon8 gale_chakram8 | spirit_companion3 sanctify1 static_charge1 dark_bargain1 grave_call1 recovery4 vitality5 velocity3 fortune4 warding3 expanse5 consecration1 soul_harvest1
4,deft,32707,warden,worn_oathblade,shield_bash,1,pack,none,1,1,30.76,1,43.80,wolf,25,43743,78,86,1.96,0.000,0.150,49318,45.4,0.000,3,2,glass_cannon ember_tithe,blast:2505 Longtooth Wolf:1869 Thicket Tusker:1732 Greymuzzle:1053,8 15 19 22 25 26 28 30 31 32 34 36 38 39 41 43 44 45 47 48 50 51 52 54 55 56 57 59 60 61 62 63 64 65 66 68 69 71 72 73 75 76 77,37 48 56 55 71 80 76 85 101 112 108 132 117 133 91 152 150 160 178 181 137 125 130 190 122 133 171 146 141 152 156 156 148 169 232 191 244 190 232 271 349 356 366,1 1 1 1 1 1 1 1 1 0.96 1 1 0.83 0.92 0.98 1 1 1 1 0.99 0.89 1 1 0.94 1 1 1 1 1 1 1 1 1 1 1 0.75 1 1 1 1 1 1 0.77,oathkeeper8 thunder_palm8 harrowing8 knifestorm8 moonfall8 thornbloom8 | glass_cannon1 grave_call2 dread_command2 dark_bargain1 ember_tithe2 perennial5 ironhide5 expanse5 recovery4 haste5 soul_harvest1 might5
5,deft,40626,warden,judgement_disc_item,shield_bash,1,pack,none,1,1,30.97,0,45.00,,0,34928,68,75,1.67,0.547,0.589,49318,57.9,0.000,0,2,bloodthirst arcane_overflow,Longtooth Wolf:3720 blast:1842 Thicket Tusker:1722 Blight-Sick Wolf:1562,11 16 19 24 26 27 30 31 33 35 36 38 39 40 41 43 44 46 47 47 48 49 50 52 53 53 55 56 57 58 59 59 60 61 62 63 64 64 65 66 66 66 66 67 68,37 47 55 52 66 74 72 95 82 101 94 113 128 135 97 157 164 147 171 160 195 209 177 216 225 238 158 225 260 180 65 238 286 291 274 266 333 320 325 330 349 348 352 379 382,1 1 1 1 1 1 1 1 1 1 1 1 1 1 1 1 1 0.97 0.96 1 0.78 1 1 1 1 1 1 1 1 1 1 1 0.99 1 1 1 1 0.96 0.95 1 0.92 0.88 1 1 1,aegis_wheel8 starseeker8 gale_chakram8 gyrestorm8 deathcoil8 reaving_arc8 | bloodthirst2 dark_bargain1 grave_call3 soul_harvest1 arcane_overflow1 ironhide5 precision4 thorns5 ferocity4 duplicity2 perennial5
6,deft,1034,warden,worn_oathblade,shield_bash,1,dead,none,1,0,,1,22.11,barrow_knight,10,9242,35,40,1.81,0.000,0.000,0,0.0,,3,1,iron_vow iron_vow,bolt_bone:531 Barrow Knight:413 frost_orb:179 Risen Shieldman:12,5 9 11 13 15 17 18 20 21 23 23 25 27 28 28 28 30 31 32 33 34 35,33 42 50 62 69 75 79 86 91 104 117 124 133 143 137 157 162 169 179 181 191 198,1 1 1 1 1 0.98 1 1 1 1 0.86 0.93 0.97 1 0.84 1 1 1 1 1 1 0.83,oathblade8 verdant_lance5 axe_gyre8 arcweb8 spirit_herd6 iron_palms5 | iron_vow2 static_charge1 grave_call2 plague_bearer1
7,deft,8953,warden,judgement_disc_item,shield_bash,1,dead,none,1,1,30.71,0,45.00,,0,29434,54,61,1.36,0.280,0.689,39834,42.8,0.000,1,2,arcane_overflow spirit_companion,bolt_bone:1900 frost_orb:684 Barrow Knight:76 Risen:64,5 9 11 14 14 16 17 20 21 23 25 26 27 29 31 31 32 34 34 36 36 37 38 39 40 41 42 42 44 45 45 47 47 48 49 50 51 51 52 53 53 53 54 54 54,38 43 44 60 63 73 87 99 98 108 120 128 131 129 120 149 166 167 179 195 190 211 205 217 230 248 195 243 189 216 264 195 280 272 260 323 334 324 321 340 350 340 367 358 378,1 1 1 1 1 0.99 1 1 0.99 1 1 1 1 1 1 0.95 1 1 0.96 1 1 0.95 1 1 1 1 1 0.95 1 1 0.87 1 0.85 1 1 1 1 0.94 1 1 0.7 1 1 1 0.84,reckoning8 great_herd8 glacier_spear8 predators_volley8 skybreak8 thunder_palm8 | arcane_overflow1 grave_call1 soul_harvest1 deep_chill1 dread_command2 spirit_companion1 precision3 pack_leader1 velocity3 perennial1 haste1 serration2 expanse1
8,deft,16872,warden,worn_oathblade,bulwark,1,dead,none,1,0,,1,30.40,barrow_knight,14,18595,48,54,1.78,0.000,0.000,39834,24.2,0.355,3,2,ember_tithe momentum,bolt_bone:1222 Barrow Knight:565 frost_orb:168 Risen Shieldman:31,7 10 12 14 16 19 20 22 23 25 26 28 29 31 32 33 35 36 36 38 39 40 41 41 43 44 45 46 47 48,42 43 54 56 62 69 84 91 107 111 115 126 125 136 135 160 168 165 180 182 201 209 207 207 232 237 238 257 260 272,1 1 1 0.97 1 1 0.98 1 0.98 0.97 0.97 1 1 1 1 1 0.96 1 1 1 1 1 0.97 0.96 0.95 1 1 1 1 1,graveedge8 dawnpulse8 thousand_cuts8 thornbloom8 spirit_herd8 cinderfall8 | ember_tithe1 grave_call3 pack_leader1 soul_harvest1 momentum1 serration1 might1
9,deft,24791,warden,judgement_disc_item,bulwark,1,dead,none,1,1,30.34,1,36.19,barrow_knight,18,29244,53,59,1.63,0.000,0.159,39834,20.6,0.000,2,2,hunters_mark glass_cannon,bolt_bone:1393 Barrow Knight:433 frost_orb:333 Risen:16,6 9 11 13 15 18 19 21 23 25 26 28 29 29 31 32 34 35 36 38 39 40 41 42 43 43 45 46 47 48 49 50 51 52 52 53,39 39 47 55 72 78 92 85 91 107 112 130 125 140 146 152 158 159 175 169 200 202 214 223 171 237 225 203 229 243 266 296 255 301 296 320,1 1 1 1 1 0.98 0.88 1 1 1 1 1 0.93 1 0.95 1 1 1 0.74 0.96 1 1 1 1 1 1 1 1 1 1 1 1 1 0.99 0.8 1,aegis_wheel8 thousand_cuts8 razorgale8 everbloom8 reavers_wheel8 rend_and_mend8 | hunters_mark3 blood_scent1 grave_call1 glass_cannon1 pack_leader1 ironhide4 recovery3 thorns1 serration3 fleetfoot1
10,deft,32710,warden,worn_oathblade,shield_bash,1,dead,none,1,0,,1,30.86,risen_archer,13,16414,43,49,1.59,0.000,0.000,39834,51.6,0.541,3,2,stormborn stormborn,bolt_bone:1499 Barrow Knight:847 frost_orb:356 Risen Shieldman:67,6 9 11 14 15 18 19 21 23 24 25 25 25 28 28 28 30 31 33 34 34 35 37 38 38 39 40 41 42 42,37 39 52 60 59 83 84 94 93 83 110 115 139 138 139 161 162 165 149 181 202 198 205 215 232 233 246 222 260 262,1 1 1 0.96 1 1 0.95 0.97 1 0.94 1 1 0.77 0.86 0.88 0.76 1 1 0.82 1 0.8 0.78 0.92 0.95 0.95 1 1 1 0.85 1,oathblade8 iron_palms8 axe_gyre8 arcweb8 knifestorm8 seeking_motes8 | stormborn2 storm_caller1 blood_scent1 grave_call1 pack_leader1 static_charge1
11,deft,40629,warden,judgement_disc_item,shield_bash,1,dead,none,1,1,30.99,1,38.82,risen,20,24190,51,57,1.47,0.000,0.194,39834,59.2,0.000,3,2,duelists_grace arcane_overflow,bolt_bone:1953 Risen Shieldman:617 Barrow Knight:536 frost_orb:404,6 9 12 14 16 18 18 19 22 24 25 27 29 30 30 32 33 34 36 36 37 38 39 41 42 42 43 44 45 45 46 46 47 48 48 49 50 50,37 48 50 63 64 77 89 88 98 108 117 120 137 141 140 155 159 177 169 180 204 207 202 215 211 203 252 233 242 272 57 277 281 290 302 306 311 324,1 1 1 1 1 1 1 0.97 1 1 0.98 0.94 1 1 0.97 1 0.99 1 1 1 1 0.97 1 1 1 1 0.94 1 0.81 1 1 0.83 0.82 0.94 1 1 1 0.92,aegis_wheel8 living_flame8 knifestorm8 tempest_coil8 moonfall8 gale_chakram8 | duelists_grace1 soul_harvest1 grave_call1 static_charge1 pack_leader1 arcane_overflow1 dark_bargain1 perennial1 vitality2 expanse2
12,deft,1037,warden,worn_oathblade,shield_bash,1,lamplings,none,1,1,30.89,0,45.00,,0,44723,59,66,1.47,0.688,0.766,43628,53.5,0.000,0,3,duelists_grace momentum,blast:1832 firepot:813 Lampling Tunneler:341 burning ground:253,5 10 12 15 18 20 22 24 26 27 29 30 31 32 33 34 35 36 37 38 39 40 41 42 43 44 45 45 46 47 47 48 49 50 51 51 53 53 54 55 56 57 57 58 59,38 44 55 67 66 64 78 81 81 89 79 122 122 76 107 129 101 158 98 108 99 131 111 116 143 144 140 152 147 122 134 152 184 204 168 228 213 213 340 335 330 358 299 367 379,1 1 1 1 1 1 1 1 1 1 1 0.98 0.84 1 1 1 0.94 1 1 1 1 1 1 1 1 1 1 1 1 1 0.99 1 1 1 1 0.88 1 0.86 1 1 1 1 1 1 1,oathkeeper8 steel_flurry8 deepwinter8 thunder_palm8 lunar_brand8 strangleroot8 | duelists_grace1 blood_scent1 deep_chill1 grave_call2 momentum1 pack_leader1 chilling3 fleetfoot3 ironhide4 haste4 fortune1 velocity3 soul_harvest1
13,deft,8956,warden,judgement_disc_item,shield_bash,1,lamplings,none,1,1,30.82,0,45.00,,0,41557,64,71,1.58,0.713,0.713,43628,49.1,0.000,0,2,ember_tithe stormborn,Lampling Tunneler:4823 blast:834 firepot:807 burning ground:171,10 13 16 19 21 23 25 27 28 30 31 33 34 36 37 38 39 40 41 42 43 44 45 46 47 48 49 50 51 52 52 53 54 55 56 57 58 59 60 60 61 62 62 63 64,39 39 50 63 52 69 88 77 62 63 90 80 106 83 67 98 128 121 117 102 117 121 104 120 122 138 172 130 125 146 171 202 210 279 235 310 300 331 329 351 321 346 383 360 380,1 1 1 1 1 1 1 1 1 1 1 1 1 1 1 1 1 0.94 1 1 1 1 1 1 1 1 0.94 1 1 1 1 1 1 1 1 1 1 1 1 1 1 1 1 1 1,aegis_wheel8 arcweb8 soul_siphon8 verdant_lance8 thunder_palm8 tether_of_anguish8 | ember_tithe1 grave_call2 plague_bearer1 dark_bargain1 stormborn1 soul_harvest1 vitality5 recovery4 wisdom4 haste2 thorns4 warding3 pack_leader1
14,deft,16875,warden,worn_oathblade,bulwark,1,lamplings,none,1,1,30.80,0,45.00,,0,47443,63,70,1.56,0.738,0.844,43628,48.0,0.000,0,4,cinderwake ember_tithe,blast:1235 firepot:756 Lampling Tunneler:588 burning ground:175,6 11 14 17 19 21 23 25 27 28 29 30 32 33 34 35 36 38 39 40 41 42 43 44 45 46 47 48 48 49 50 51 52 52 53 54 55 56 57 58 59 60 61 62 63,39 50 54 58 58 60 65 70 75 74 96 71 85 82 85 133 104 95 89 103 115 114 160 103 115 155 161 142 128 127 146 146 204 140 203 158 154 184 250 198 270 233 218 393 243,1 1 1 1 1 1 1 1 1 1 0.95 1 1 1 1 1 1 0.95 1 1 1 1 0.94 1 1 0.93 1 1 1 1 0.98 0.99 1 1 1 1 0.9 1 1 1 1 1 0.91 1 0.99,oathkeeper8 reavers_wheel8 temple_breaker8 aegis_wheel8 glacier_spear8 razorgale8 | cinderwake1 grave_call2 soul_harvest1 deep_chill1 ember_tithe1 pack_leader1 ironhide5 evasion2 serration3 velocity2 shatter1 duplicity1 perennial3
15,deft,24794,warden,judgement_disc_item,bulwark,1,lamplings,none,1,1,30.45,0,45.00,,0,46987,60,67,1.49,0.276,0.301,43628,27.2,0.000,2,3,momentum arcane_overflow,Lampling Tunneler:3301 firepot:1035 blast:722 burning ground:263,7 12 14 17 19 22 24 26 27 28 29 31 32 32 34 35 36 37 38 39 40 41 42 43 43 44 45 46 47 48 48 49 50 51 52 53 53 54 55 56 57 57 58 59 60,32 48 53 55 61 76 79 51 75 79 87 87 93 92 103 76 109 86 112 86 146 105 120 108 102 121 115 138 103 117 139 186 151 125 172 121 197 242 217 242 351 292 354 370 241,1 1 1 1 1 1 0.98 1 1 1 1 1 1 1 1 1 1 1 0.98 1 1 0.94 1 1 1 1 0.91 0.97 1 1 0.97 1 1 0.92 1 0.97 1 0.87 1 1 1 1 0.92 0.93 0.99,aegis_wheel8 seeking_motes8 gale_chakram8 pyre_of_faith8 axe_gyre8 knifestorm8 | momentum1 sanctify1 blood_scent1 butchers_mark1 consecration1 arcane_overflow1 grave_call2 searing4 ironhide3 warding3 perennial5 expanse2 vitality5
16,deft,32713,warden,worn_oathblade,shield_bash,1,lamplings,none,1,1,31.03,0,45.00,,0,46475,62,69,1.53,0.544,0.590,43628,61.6,0.000,0,3,duelists_grace ember_tithe,Lampling Tunneler:2825 blast:2063 firepot:986 burning ground:228,6 9 13 16 18 21 23 24 26 28 29 30 31 32 33 35 36 37 38 39 40 41 42 43 44 45 46 47 48 49 49 50 51 52 53 54 55 56 57 58 59 59 60 61 62,41 42 49 54 43 62 77 86 71 88 97 87 96 123 93 125 116 157 133 106 104 141 127 159 137 128 150 144 165 175 30 194 255 207 238 167 180 261 192 258 211 323 297 370 354,1 1 1 1 1 1 1 1 0.95 1 1 1 1 1 1 0.98 1 1 1 1 1 1 0.94 1 1 0.89 0.9 1 1 1 1 1 1 1 1 0.74 1 1 0.82 0.94 1 1 1 0.65 0.8,oathblade8 axe_gyre8 harrowing8 circle_of_dawn8 iron_palms8 verdant_gaze8 | duelists_grace2 soul_harvest1 dread_command1 pack_leader1 ember_tithe1 sanctify1 expanse5 recovery3 thorns5 might5 precision1 fortune3 consecration1
17,deft,40632,warden,judgement_disc_item,shield_bash,1,lamplings,none,1,1,30.99,0,45.00,,0,45198,62,69,1.53,0.216,0.714,43628,59.3,0.000,2,3,restless_hands ember_tithe,Lampling Tunneler:5071 blast:1307 firepot:848 Lampling Sapper:137,7 12 14 17 19 20 23 25 26 28 28 30 31 33 33 35 36 37 38 40 41 42 43 44 44 46 46 47 48 49 50 50 51 52 53 53 55 56 56 57 58 59 60 61 62,34 44 57 55 64 62 78 71 94 94 97 72 89 86 94 116 88 123 130 104 124 104 140 106 159 122 159 144 140 111 48 195 222 150 226 360 167 190 235 210 313 241 317 369 355,1 1 1 1 1 1 1 1 1 1 1 1 0.99 1 1 1 1 1 1 0.94 1 1 1 1 1 1 1 1 1 1 1 1 1 1 1 1 1 1 0.94 0.89 1 1 0.91 0.97 1,reckoning8 seeking_motes8 harrowing8 knifestorm8 circle_of_dawn8 axe_gyre8 | restless_hands1 butchers_mark1 grave_call1 soul_harvest1 consecration1 ember_tithe1 pack_leader1 expanse4 evasion3 recovery4 fortune1 perennial4 vitality4 sanctify1
18,deft,1040,warden,worn_oathblade,shield_bash,1,kerchiefs,none,1,0,,1,30.46,enforcer,14,23523,59,66,2.17,0.000,0.000,45524,27.8,0.220,3,2,momentum momentum,Kerchief Enforcer:1039 firepot:961 Kerchief Footpad:589 Kerchief Bruiser:551,5 11 17 20 22 25 26 29 32 33 33 36 37 39 39 41 43 44 45 46 47 49 50 51 52 54 55 56 58 58,43 42 57 62 68 74 80 95 76 104 127 127 130 125 143 156 151 169 189 176 207 160 205 200 163 231 167 197 168 220,0.95 0.97 1 1 0.92 1 0.85 0.93 1 1 1 1 1 1 0.88 1 0.94 1 0.85 1 1 0.7 0.59 1 0.98 1 0.98 1 1 1,graveedge8 soul_siphon8 circle_of_dawn8 great_herd8 verdant_gaze8 temple_breaker8 | momentum2 sanctify1 grave_call2 dread_command1 plague_bearer1 velocity3 perennial3 expanse1 evasion1 serration3 blood_scent1 recovery1
19,deft,8959,warden,judgement_disc_item,shield_bash,1,kerchiefs,none,1,1,30.34,0,45.00,,0,47460,78,86,1.91,0.118,0.508,45524,20.6,0.000,3,4,arcane_overflow restless_hands,firepot:1640 burning ground:794 Kerchief Footpad:698 Kerchief Enforcer:457,9 15 19 23 26 29 31 32 34 36 37 39 40 42 43 45 46 47 48 50 51 52 53 54 56 57 58 59 60 61 62 63 64 66 67 68 69 71 71 73 74 75 76 77 78,39 47 52 57 56 62 86 79 71 95 107 90 103 133 108 161 94 111 95 95 102 123 107 144 108 135 157 158 164 149 147 182 158 155 163 229 210 260 251 174 278 316 261 320 293,1 1 1 1 1 1 1 0.96 1 1 1 1 1 1 1 1 1 1 1 1 1 1 1 1 1 1 1 1 1 1 0.95 1 1 1 1 1 0.78 1 1 1 1 1 0.92 1 0.95,reckoning8 deepwinter8 lunar_brand8 sunbreak8 living_flame8 plaguebloom8 | arcane_overflow1 grave_call1 pyre_burst1 consecration1 fracture1 plague_bearer1 restless_hands1 perennial5 fortune4 haste5 fleetfoot5 shatter1 serration4 might5 sanctify1
20,deft,16878,warden,worn_oathblade,bulwark,1,kerchiefs,none,1,1,30.50,1,39.09,bruiser,20,35559,69,76,1.94,0.000,0.808,45524,29.9,0.000,3,2,stormborn arcane_overflow,Kerchief Bruiser:1228 Kerchief Footpad:1141 burning ground:136 firepot:130,10 15 17 22 24 27 29 31 33 34 36 38 39 40 42 44 45 46 48 49 50 51 51 53 54 55 56 58 59 60 61 62 63 64 65 67 67 68 69,46 40 54 60 68 61 86 96 96 112 99 120 127 114 128 164 167 180 181 122 196 135 145 164 136 179 172 174 244 182 181 227 287 266 298 271 322 327 366,1 1 1 1 1 1 0.94 1 1 1 1 1 1 1 1 1 1 1 1 1 1 1 1 1 1 1 1 1 1 1 0.99 1 1 1 0.94 1 1 1 1,graveedge8 blightfield8 thornbloom8 thousand_cuts8 ruin_bolt8 verdant_lance8 | stormborn2 blood_scent1 plague_bearer1 soul_harvest1 pack_leader1 arcane_overflow1 serration4 warding3 ferocity4 might5 recovery4 fleetfoot5 grave_call1
21,deft,24797,warden,judgement_disc_item,bulwark,1,kerchiefs,none,1,1,30.58,1,35.36,bruiser,17,30747,65,72,2.04,0.000,0.134,45524,34.7,0.000,3,2,restless_hands glass_cannon,Kerchief Footpad:1820 Kerchief Bruiser:1632 firepot:694 Kerchief Enforcer:546,9 13 16 19 21 25 28 28 32 33 35 37 39 40 41 43 44 46 47 48 49 51 52 53 54 55 56 57 58 60 60 61 63 64 65,40 45 52 60 66 78 96 89 101 106 118 128 125 126 149 162 146 173 159 129 196 154 181 151 152 175 240 213 200 230 282 205 295 300 305,1 1 1 1 1 0.92 1 0.99 1 0.88 1 0.78 0.97 0.97 1 0.85 0.97 1 1 1 1 1 0.85 1 0.9 1 0.99 0.96 1 1 1 1 1 1 1,judgement_disc8 soul_siphon8 verdant_lance8 knifestorm8 strangleroot8 great_herd8 | restless_hands2 plague_bearer1 butchers_mark1 pack_leader1 dread_command1 glass_cannon1 recovery4 chilling3 perennial4 haste3 velocity3 blood_scent1 greed2
22,deft,32716,warden,worn_oathblade,shield_bash,1,kerchiefs,none,1,1,31.23,0,45.00,,0,32974,74,82,1.82,0.108,0.679,45524,73.9,0.000,3,2,ember_tithe stormborn,Kerchief Footpad:4674 Kerchief Bruiser:4125 firepot:1595 burning ground:1020,11 15 19 22 25 27 29 31 33 34 35 37 38 40 41 43 44 46 47 49 51 52 53 55 56 57 59 60 61 63 63 64 65 66 67 67 68 68 69 70 71 71 72 73 74,42 46 50 53 69 75 81 87 101 111 121 120 135 131 143 153 166 119 152 152 200 160 167 167 172 197 163 255 195 198 49 289 288 302 301 293 345 328 347 329 352 338 355 368 374,1 1 1 1 1 1 1 1 1 1 1 1 1 1 1 1 1 0.94 1 0.93 1 0.92 0.94 0.85 0.99 1 1 1 1 0.99 1 1 1 1 1 1 1 1 0.89 0.93 1 0.89 1 0.78 1,oathkeeper8 knifestorm8 arrowfall8 tether_of_anguish8 pyre_of_faith8 moonfall8 | ember_tithe1 butchers_mark1 consecration1 blood_scent1 soul_harvest1 pack_leader1 stormborn1 searing4 evasion4 ironhide5 recovery4 sanctify1 greed5 velocity3 pyre_burst1
23,deft,40635,warden,judgement_disc_item,shield_bash,1,kerchiefs,none,1,1,30.31,1,44.90,bruiser,25,43318,80,88,1.96,0.000,0.315,45524,18.7,0.000,3,3,hunters_mark duelists_grace,Kerchief Footpad:3207 Kerchief Bruiser:2749 firepot:1689 Kerchief Enforcer:1024,11 15 19 21 25 26 27 29 32 34 36 37 39 41 42 43 44 46 47 48 50 51 52 54 55 57 58 59 61 62 63 64 65 67 69 70 71 73 74 75 76 77 78 79,35 45 56 50 47 60 73 49 104 112 104 127 108 117 115 145 163 166 126 162 200 184 222 144 119 186 152 145 165 144 198 184 173 226 206 298 297 326 292 330 339 344 369 367,1 1 1 1 1 1 0.96 1 1 0.97 1 0.96 0.97 1 1 0.87 1 1 0.82 0.82 1 1 1 1 1 1 0.98 1 1 1 1 1 1 1 1 0.88 1 1 0.92 1 1 0.88 0.91 0.88,aegis_wheel8 sanctified_earth8 umbral_bolt8 harrowing8 iron_palms8 arrowfall8 | hunters_mark3 sanctify1 consecration1 grave_call1 duelists_grace1 serration4 wisdom4 velocity3 greed5 expanse5 ironhide5 dread_command1 pack_leader1
24,deft,1062,warden,worn_oathblade,shield_bash,2,pack,none,4,1,31.22,1,44.66,wolf,27,40533,71,79,1.77,0.000,0.194,75792,73.4,0.000,3,2,iron_vow iron_vow,Longtooth Wolf:5443 Greymuzzle:3017 Blight-Sick Wolf:2328 Thicket Tusker:1740,8 13 19 22 25 26 29 30 32 34 35 36 38 38 41 42 43 45 46 48 49 50 51 52 53 54 55 56 58 59 59 60 61 62 63 64 65 66 67 68 69 69 70 70,42 53 57 67 68 86 99 91 100 106 133 132 150 139 144 141 135 119 118 102 165 136 136 143 138 133 185 230 164 195 31 251 258 332 322 343 368 324 381 358 390 402 399 398,1 1 1 1 1 1 1 1 1 1 1 1 1 1 1 1 1 1 0.94 1 1 1 1 1 1 1 1 1 1 1 1 1 0.95 1 0.77 0.93 1 1 1 0.91 1 1 1 1,oathblade8 thunder_palm8 moonfall8 knifestorm8 starseeker8 plaguebloom8 | iron_vow3 blood_scent1 plague_bearer1 grave_call3 perennial5 greed5 precision5 haste5 velocity3 recovery4 dread_command1
25,deft,8981,warden,judgement_disc_item,shield_bash,2,pack,none,4,1,30.25,1,42.08,wolf_alpha,25,43547,72,80,1.9,0.000,0.206,75792,15.0,0.000,3,3,iron_vow hunters_mark,Greymuzzle:2518 blast:1464 Longtooth Wolf:1437 Thicket Tusker:775,10 15 20 25 26 29 30 33 33 35 37 39 40 41 43 44 45 46 48 49 50 51 52 53 54 55 56 58 59 59 60 61 62 63 64 66 67 68 69 70 71 72,43 53 58 49 65 79 71 53 76 75 121 103 94 83 95 117 99 95 110 98 120 134 143 158 114 97 97 112 108 89 130 124 169 141 174 245 208 226 253 290 386 367,1 1 1 1 1 1 1 1 1 1 1 1 1 1 1 1 1 1 1 1 1 1 1 0.91 1 1 1 1 1 1 1 1 1 1 1 1 1 1 1 0.9 0.77 0.44,reckoning8 pyre_of_faith8 razorgale8 volley8 tempest_coil8 thunder_palm8 | iron_vow3 static_charge1 storm_caller1 sanctify1 hunters_mark2 expanse5 haste5 searing4 perennial5 serration4 fortune4 blood_scent1
26,deft,16900,warden,worn_oathblade,bulwark,2,pack,none,4,1,30.89,0,45.00,,0,44028,74,82,1.82,0.758,0.827,75792,53.1,0.000,0,4,stormborn stormborn,blast:1994 Thicket Tusker:1165 Longtooth Wolf:896 Blight-Sick Wolf:298,7 14 19 21 25 27 29 31 32 34 35 36 37 39 40 41 42 44 45 46 47 48 49 51 52 54 54 56 57 58 58 59 60 62 63 64 65 66 67 68 70 71 72 73 74,40 47 51 55 76 81 88 108 109 115 119 127 97 155 171 144 183 153 158 212 189 196 173 198 172 165 194 166 240 201 178 209 241 278 226 297 255 382 320 366 261 326 296 285 291,1 1 1 1 1 1 0.99 1 0.98 1 1 1 1 0.88 1 1 0.99 0.94 1 0.99 1 1 1 1 1 1 1 1 1 1 1 0.94 1 1 1 0.9 1 0.97 1 1 0.88 1 1 1 1,oathkeeper8 axe_gyre8 sunbreak8 steel_flurry8 iron_palms8 glacier_spear8 | stormborn2 soul_harvest1 consecration1 shatter1 sanctify1 fracture1 ironhide5 velocity3 perennial5 might5 expanse5 fleetfoot5 blood_scent1 dread_command1
27,deft,24819,warden,judgement_disc_item,bulwark,2,pack,none,4,1,30.89,0,45.00,,0,46784,75,83,1.84,0.742,0.890,75792,53.5,0.000,0,4,bloodthirst iron_vow,blast:1568 Longtooth Wolf:1467 Thicket Tusker:1160 Blight-Sick Wolf:324,9 15 17 22 25 28 30 31 33 35 36 38 40 41 42 44 44 46 46 48 49 51 51 53 54 55 56 57 58 59 60 61 61 62 63 64 65 66 67 69 70 71 72 73 75,41 54 54 63 56 90 84 105 110 95 124 123 129 133 153 149 153 141 158 153 199 170 149 168 142 186 158 165 166 169 149 212 295 193 271 316 297 245 319 265 400 336 290 314 403,1 1 1 1 1 1 1 1 0.97 0.99 1 1 1 1 0.97 1 1 1 1 1 1 1 1 1 1 1 1 1 1 1 1 1 1 1 0.99 1 1 1 1 1 1 1 1 1 1,reckoning8 deepwinter8 thousand_cuts8 circle_of_dawn8 thornbloom8 living_flame8 | bloodthirst2 soul_harvest1 fracture1 kindling1 pack_leader1 iron_vow1 precision5 perennial5 vitality5 serration4 haste5 shatter1 searing4 deep_chill1
28,deft,32738,warden,worn_oathblade,shield_bash,2,pack,none,4,1,30.37,0,45.00,,0,43355,73,81,1.8,0.612,0.612,75792,22.0,0.000,0,3,hunters_mark restless_hands,blast:1975 Longtooth Wolf:1008 Thicket Tusker:484 Blight-Sick Wolf:380,6 15 19 22 26 28 31 32 34 36 37 37 38 39 41 42 43 44 45 47 48 49 51 52 53 54 54 56 57 58 59 60 61 62 63 64 66 67 68 69 70 71 72 73 73,41 51 43 41 70 79 84 82 100 85 132 129 149 120 135 174 186 180 130 162 178 122 99 108 110 147 130 102 116 102 117 135 166 126 214 342 365 348 351 228 388 388 382 383 419,0.83 1 1 1 1 1 1 1 1 1 0.97 0.89 1 1 0.93 0.97 1 0.97 1 1 1 1 1 1 1 1 1 1 1 1 1 1 1 1 1 1 1 1 1 0.94 1 1 1 0.86 1,oathkeeper8 lunar_brand8 volley8 deepwinter8 seeking_motes8 circle_of_dawn8 | hunters_mark3 sanctify1 grave_call1 fracture1 restless_hands1 haste5 recovery4 fortune4 perennial5 ironhide5 consecration1 ferocity4 dark_bargain1
29,deft,40657,warden,judgement_disc_item,shield_bash,2,pack,none,4,1,30.80,0,45.00,,0,31582,69,76,1.69,0.272,0.706,75792,47.8,0.000,3,2,duelists_grace duelists_grace,Longtooth Wolf:8113 Thicket Tusker:4159 Blight-Sick Wolf:3774 blast:2013,6 15 20 24 26 29 31 32 34 36 37 38 39 41 43 44 45 46 47 48 49 51 51 53 55 56 57 57 59 60 61 62 63 64 65 65 66 67 67 68 68 68 69 69 69,42 54 65 57 61 84 99 97 114 110 149 142 147 135 165 172 181 189 206 204 218 139 204 216 210 226 266 282 277 296 194 225 310 339 346 336 354 349 411 389 378 389 381 442 397,0.93 1 1 1 1 0.97 0.99 0.98 0.98 1 1 1 1 1 0.97 1 1 1 0.88 0.93 1 1 1 0.96 1 1 1 1 1 1 1 0.98 1 1 1 1 1 1 0.82 0.99 0.73 0.7 1 1 1,aegis_wheel8 seeking_motes8 arcweb8 lunar_brand8 grave_tether8 ruin_bolt8 | duelists_grace2 dark_bargain2 static_charge1 grave_call1 pack_leader1 thorns3 might4 haste5 vitality5 velocity3 fortune4 soul_harvest1
30,deft,1065,warden,worn_oathblade,shield_bash,2,dead,none,4,0,,1,30.34,barrow_knight,16,15833,45,51,1.68,0.000,0.000,61217,20.3,0.650,3,2,cinderwake duelists_grace,bolt_bone:1454 Barrow Knight:760 frost_orb:378 Risen:7,1 7 10 13 14 16 19 20 22 23 25 27 28 29 31 32 33 33 35 36 36 37 38 39 40 41 42 42 43 44,51 48 52 64 76 84 94 98 106 116 127 134 140 156 147 166 175 194 200 209 219 237 229 238 246 248 268 272 253 302,0.98 1 1 0.96 1 0.99 1 0.97 0.97 1 1 0.94 1 0.97 1 1 0.98 1 1 1 1 1 1 1 1 1 1 1 0.86 1,oathblade8 thornbloom8 cinderfall8 iron_palms8 axe_gyre8 dawnpulse8 | cinderwake1 pyre_burst1 soul_harvest1 dread_command1 sanctify1 duelists_grace1 consecration1 expanse1
31,deft,8984,warden,judgement_disc_item,shield_bash,2,dead,none,4,1,32.19,0,45.00,,0,28278,55,62,1.38,0.189,0.588,61217,131.3,0.000,3,2,iron_vow restless_hands,bolt_bone:1810 frost_orb:801 Barrow Knight:534 Risen:354,7 9 13 15 16 18 21 23 25 27 28 29 30 30 31 33 34 35 35 37 38 39 40 41 42 43 44 44 45 46 47 47 48 48 49 50 50 51 52 52 53 54 54 54 55,41 46 55 64 72 83 92 103 111 117 137 133 146 187 161 176 182 182 199 208 214 224 243 252 248 260 283 284 286 255 65 58 322 337 355 367 353 352 369 380 405 395 408 413 387,1 1 1 1 1 1 1 1 1 1 1 1 1 1 1 1 1 0.97 1 1 1 1 1 1 1 1 1 0.95 1 1 1 1 1 1 1 1 1 1 1 1 1 1 0.89 0.95 1,aegis_wheel8 umbral_bolt8 glacier_spear8 thunder_palm8 harrowing8 plaguebloom8 | iron_vow1 grave_call2 soul_harvest1 plague_bearer1 restless_hands1 deep_chill1 serration2 velocity2 perennial2 ironhide1 haste2 expanse2 dread_command1
32,deft,16903,warden,worn_oathblade,bulwark,2,dead,none,4,1,31.05,0,45.00,,0,33159,62,69,1.53,0.271,0.271,61217,62.7,0.000,1,3,ember_tithe iron_vow,bolt_bone:3517 Barrow Knight:1620 frost_orb:937 Risen Shieldman:170,7 10 13 15 17 19 21 24 25 27 28 30 31 32 33 35 36 37 38 39 40 41 42 44 44 45 46 48 48 50 50 51 52 54 54 55 56 57 58 59 60 60 61 62 62,38 46 51 67 75 81 90 99 107 113 123 147 152 157 173 172 178 179 225 168 226 221 227 245 266 254 266 236 240 283 62 279 320 340 318 358 328 353 367 396 387 409 428 385 417,1 1 1 1 0.92 1 1 1 1 1 1 0.97 1 1 0.98 1 0.98 1 0.97 0.96 0.98 1 1 1 1 0.98 1 1 1 1 0.95 0.95 1 1 1 1 1 1 1 0.88 1 1 0.82 0.93 1,oathblade8 hailwheel8 thunder_palm8 circle_of_dawn8 hallowed_ring8 everbloom8 | ember_tithe1 grave_call3 sanctify1 pack_leader1 iron_vow1 consecration1 vitality5 thorns3 velocity3 haste5 chilling1 evasion4
33,deft,24822,warden,judgement_disc_item,bulwark,2,dead,none,4,1,30.67,0,45.00,,0,28704,55,62,1.38,0.198,0.752,61217,40.3,0.000,2,3,bloodthirst glass_cannon,bolt_bone:3084 frost_orb:866 Risen Shieldman:628 Barrow Knight:398,7 10 13 14 16 17 20 21 22 24 25 26 28 28 29 31 32 33 34 35 37 37 38 39 40 41 43 44 44 45 46 46 48 48 50 50 51 52 53 53 54 54 55 55 55,37 49 53 64 74 88 89 102 105 116 125 138 146 152 155 169 180 193 204 198 221 218 235 252 217 254 268 271 285 247 250 236 323 328 339 344 356 359 368 375 397 389 389 399 400,1 1 1 0.98 0.99 1 1 1 1 1 1 1 1 1 1 1 1 1 1 1 1 1 1 1 1 1 1 1 1 1 1 0.98 1 1 1 1 1 1 1 1 1 1 1 1 1,judgement_disc8 steel_flurry8 arrowfall8 glacier_spear8 soul_siphon8 mote_cascade8 | bloodthirst1 blood_scent1 butchers_mark1 grave_call1 deep_chill1 glass_cannon1 velocity3 dread_command1 recovery4 haste2 duplicity1 evasion3 fleetfoot3 pack_leader1
34,deft,32741,warden,worn_oathblade,shield_bash,2,dead,none,4,1,30.40,1,36.76,barrow_knight,20,27621,54,61,1.66,0.000,0.304,61217,24.1,0.000,3,2,cinderwake momentum,bolt_bone:2219 Barrow Knight:1447 frost_orb:642 Risen Shieldman:99,1 2 4 8 13 16 19 20 22 25 26 28 30 31 32 33 35 36 37 38 39 40 41 42 43 44 45 46 47 48 49 50 51 51 53 53,51 45 55 70 76 85 90 96 112 129 136 139 142 158 159 169 175 196 192 211 192 221 219 238 238 248 280 286 253 292 305 312 320 325 339 351,0.98 1 1 1 0.99 0.97 1 1 0.97 0.98 0.83 0.96 1 1 0.98 1 1 0.92 1 0.97 0.91 1 0.95 0.94 0.95 1 1 1 1 1 1 1 1 1 1 1,oathkeeper8 circle_of_dawn8 mote_cascade8 plaguebloom8 gale_chakram8 aegis_wheel8 | cinderwake1 consecration1 sanctify1 grave_call2 momentum2 perennial3 vitality2 searing2 ironhide2 duplicity1 plague_bearer1
35,deft,40660,warden,judgement_disc_item,shield_bash,2,dead,none,4,1,30.52,1,36.00,barrow_knight,20,29672,55,62,1.72,0.000,0.517,61217,31.3,0.000,3,2,arcane_overflow hunters_mark,bolt_bone:1672 Barrow Knight:654 frost_orb:533 Risen Shieldman:14,8 11 13 16 17 20 22 24 26 27 29 30 31 33 34 36 37 38 39 39 41 42 43 43 44 45 46 48 49 50 50 51 52 53 54 55,39 46 50 60 75 106 87 102 106 122 128 126 136 149 165 165 188 189 200 160 184 230 226 224 265 242 269 201 271 213 296 254 273 312 298 349,1 1 1 1 1 1 1 1 1 1 1 0.99 1 0.9 1 1 0.95 1 0.96 1 1 1 1 0.75 1 1 1 1 1 1 0.85 1 1 0.96 1 0.04,aegis_wheel8 sanctified_earth8 living_flame8 circle_of_dawn8 plaguebloom8 thousand_cuts8 | arcane_overflow1 grave_call2 dread_command1 blood_scent1 soul_harvest1 hunters_mark1 sanctify1 vitality1 serration2 perennial2 wisdom1 ironhide1 haste1
36,deft,1068,warden,worn_oathblade,shield_bash,2,lamplings,none,4,1,30.36,0,45.00,,0,48563,65,72,1.6,0.034,0.514,67047,21.5,0.000,3,4,glass_cannon glass_cannon,Lampling Tunneler:1547 firepot:1325 blast:1110 burning ground:296,8 12 17 20 22 24 26 28 29 30 32 33 35 35 37 38 39 40 41 42 43 44 45 46 47 48 48 49 50 51 52 53 54 55 56 57 58 59 60 60 62 63 63 64 65,43 47 50 56 47 72 89 78 73 77 76 85 74 76 89 97 105 97 130 130 129 111 113 100 101 114 121 136 113 109 147 149 144 177 133 161 151 135 231 167 171 177 180 180 216,1 1 1 1 1 1 1 1 1 1 0.92 0.91 1 1 1 1 1 1 1 1 1 1 1 1 1 1 1 1 1 1 1 0.8 1 1 1 1 1 1 1 1 1 0.64 1 1 1,graveedge8 rimeshard8 plaguebloom8 skybreak8 rend_and_mend8 reckoning8 | glass_cannon2 fracture1 dark_bargain1 storm_caller1 shatter1 deep_chill1 perennial5 precision2 wisdom1 recovery3 might5 serration2 pack_leader1
37,deft,8987,warden,judgement_disc_item,shield_bash,2,lamplings,none,4,1,30.29,0,45.00,,0,48648,62,69,1.53,0.052,0.193,67047,17.1,0.000,3,4,glass_cannon momentum,"Lampling Tunneler:2224 blast:1586 firepot:904 Grimtunnel, Roused:230",8 12 15 19 21 23 25 27 29 30 31 32 34 35 36 37 38 39 40 41 42 42 44 44 45 46 47 48 49 50 50 51 52 53 54 55 55 56 57 58 59 60 61 62 62,31 49 56 46 50 80 67 66 69 57 85 91 79 65 64 88 86 82 91 85 103 117 106 105 130 113 112 107 115 149 116 213 172 132 149 118 172 218 219 163 170 176 199 275 255,1 1 1 1 1 0.98 1 1 1 1 1 1 1 1 1 1 1 1 0.9 1 1 1 1 1 1 1 1 1 1 1 1 1 1 1 1 1 1 0.82 1 1 1 1 0.91 0.9 0.85,aegis_wheel8 rend_and_mend8 plaguebloom8 gyrestorm8 moonbrand8 thousand_cuts8 | glass_cannon2 plague_bearer1 blood_scent1 grave_call1 momentum1 butchers_mark1 vitality3 perennial5 searing4 ferocity1 serration2 recovery4 sanctify1
38,deft,16906,warden,worn_oathblade,bulwark,2,lamplings,none,4,1,31.30,0,45.00,,0,47348,61,68,1.51,0.689,0.702,67047,77.8,0.000,0,3,restless_hands restless_hands,Lampling Tunneler:1306 firepot:901 blast:363 burning ground:171,8 11 15 18 20 23 25 26 28 29 31 32 33 35 35 36 37 39 40 40 41 42 43 44 44 46 47 47 48 49 49 50 51 52 53 53 54 55 56 57 58 59 60 61 61,44 55 53 59 58 73 75 76 67 74 99 77 95 87 88 100 95 110 103 111 114 123 144 117 106 122 126 156 161 155 30 149 167 124 145 214 189 218 177 213 221 200 264 383 326,0.98 1 1 1 1 1 1 1 1 1 1 1 1 1 0.98 1 1 1 1 1 1 0.96 1 0.95 1 0.98 1 1 1 1 1 1 0.94 1 1 1 0.99 0.98 1 0.95 0.96 0.96 1 1 1,oathkeeper8 pyre_of_faith8 aegis_wheel8 everbloom8 wild_hunt8 seeking_motes8 | restless_hands3 sanctify1 pack_leader1 grave_call2 recovery2 haste4 searing1 thorns5 fleetfoot5 ironhide1 kindling1
39,deft,24825,warden,judgement_disc_item,bulwark,2,lamplings,none,4,1,30.52,0,45.00,,0,48495,62,69,1.53,0.670,0.670,67047,31.4,0.000,0,4,duelists_grace momentum,blast:879 firepot:739 Lampling Tunneler:380 burning ground:151,7 12 16 19 21 23 25 27 29 30 31 32 33 35 36 36 38 39 40 41 41 43 43 44 45 46 47 48 49 49 50 51 52 52 53 54 55 56 56 58 59 59 60 61 62,39 54 56 54 64 71 59 76 73 73 86 80 84 75 69 97 87 104 89 116 85 110 128 117 124 142 103 108 129 143 122 122 142 133 167 174 166 166 166 203 158 249 192 169 244,1 1 1 1 1 1 1 1 1 0.96 1 1 1 1 1 0.98 1 1 1 1 1 0.87 1 1 1 1 1 1 1 1 1 1 1 1 1 1 1 1 0.93 1 1 1 1 0.92 1,reckoning8 rimeshard8 sunbreak8 gyrestorm8 sanctified_earth8 living_flame8 | duelists_grace1 deep_chill1 pyre_burst1 consecration1 kindling1 momentum1 sanctify1 perennial5 fortune4 might3 ferocity2 expanse3 ironhide4 soul_harvest1
40,deft,32744,warden,worn_oathblade,shield_bash,2,lamplings,none,4,1,32.19,0,45.00,,0,44004,59,66,1.47,0.261,0.675,67047,131.5,0.000,3,2,iron_vow spirit_companion,Lampling Tunneler:3576 firepot:1181 blast:594 burning ground:297,6 12 14 18 20 21 24 26 27 28 30 31 32 34 35 36 36 38 39 40 41 42 42 43 44 45 46 47 48 48 49 49 50 50 51 52 53 54 54 56 57 58 58 59 59,40 49 60 66 72 69 86 93 106 73 118 126 111 85 128 161 128 115 131 100 130 152 131 155 150 185 145 123 188 155 42 36 165 291 169 354 275 220 320 202 184 285 267 239 405,1 1 1 1 1 1 1 1 1 1 1 1 1 1 1 1 1 1 1 1 1 1 1 1 1 1 1 1 1 1 1 1 1 0.88 1 1 1 1 0.91 0.89 0.8 1 0.91 1 0.82,graveedge8 harrowing8 razorgale8 seeking_motes8 living_flame8 lunar_brand8 | iron_vow1 soul_harvest1 kindling1 pyre_burst1 grave_call1 spirit_companion2 perennial4 serration3 velocity3 fortune1 ironhide3 expanse1 pack_leader1
41,deft,40663,warden,judgement_disc_item,shield_bash,2,lamplings,none,4,1,30.52,0,45.00,,0,48145,61,68,1.51,0.745,0.745,67047,31.4,0.000,0,4,duelists_grace duelists_grace,Lampling Tunneler:1970 firepot:1789 blast:1218 burning ground:322,8 12 15 19 21 22 24 26 28 29 31 32 33 34 35 37 37 38 40 40 41 42 43 44 45 46 46 47 48 49 49 50 51 52 53 54 55 56 56 57 58 59 60 61 61,40 49 48 54 60 96 79 82 86 84 85 82 84 143 83 85 109 93 109 142 129 124 117 134 113 159 114 141 139 126 151 144 171 166 130 197 208 143 206 193 223 154 167 172 191,1 1 1 1 1 1 1 1 1 1 1 1 1 1 1 0.9 1 0.96 1 1 1 1 1 1 1 1 1 1 0.92 1 1 1 1 1 1 1 1 1 1 0.99 1 1 1 1 1,aegis_wheel8 soul_siphon8 fallen_star8 sanctified_earth8 harrowing8 circle_of_dawn8 | duelists_grace2 consecration1 grave_call2 pyre_burst1 kindling1 sanctify1 expanse5 vitality5 duplicity2 chilling2 recovery3 ironhide2
42,deft,1071,warden,worn_oathblade,shield_bash,2,kerchiefs,none,4,1,30.82,0,45.00,,0,43568,85,93,2.07,0.294,0.294,69962,49.2,0.000,1,3,cinderwake ember_tithe,Kerchief Bruiser:845 Kerchief Enforcer:642 Kerchief Footpad:610 firepot:451,6 15 21 24 26 30 32 34 36 37 39 41 43 44 46 48 49 51 53 54 56 57 58 60 61 63 64 66 67 68 69 70 71 72 74 75 76 77 79 80 82 83 84 84 85,41 51 56 62 75 89 81 102 108 87 130 109 121 122 112 181 122 144 154 160 151 136 130 145 180 181 210 221 149 165 216 146 241 224 291 351 299 373 284 295 378 390 403 406 409,0.96 1 1 1 0.96 1 1 1 1 0.93 1 1 1 0.9 1 1 1 1 1 1 1 1 1 1 1 1 0.96 1 1 1 1 1 1 1 1 1 1 1 1 1 0.92 1 1 1 1,graveedge8 plaguebloom8 sanctified_earth8 razorgale8 ruin_bolt8 aegis_wheel8 | cinderwake1 plague_bearer1 consecration1 dark_bargain1 soul_harvest1 sanctify1 vitality5 ember_tithe1 serration4 perennial5 ironhide5 dread_command1 might5 chilling3 blood_scent1
43,deft,8990,warden,judgement_disc_item,shield_bash,2,kerchiefs,none,4,1,30.68,0,45.00,,0,44577,78,86,1.91,0.333,0.695,69962,40.5,0.000,0,4,momentum iron_vow,Kerchief Footpad:1754 firepot:1122 burning ground:615 Kerchief Bruiser:334,8 14 19 22 24 27 30 32 34 36 38 39 41 42 44 45 46 47 47 48 49 50 51 53 54 56 57 58 59 61 61 63 64 65 67 68 69 70 72 73 74 75 76 77 78,41 51 59 65 75 85 92 100 110 110 129 146 111 131 105 148 165 174 191 159 181 140 159 154 153 143 168 161 189 152 190 250 197 284 229 344 304 325 297 261 368 334 382 394 406,0.97 0.97 0.97 1 0.96 1 0.93 1 0.97 1 1 1 1 0.95 1 1 1 1 1 1 1 1 1 1 1 1 1 1 1 1 1 1 1 1 0.8 0.98 1 1 1 1 0.94 1 1 0.9 1,reckoning8 gale_chakram8 moonfall8 temple_breaker8 pyre_of_faith8 glacier_spear8 | momentum1 grave_call1 fracture1 shatter1 consecration1 deep_chill1 iron_vow1 searing4 precision5 ironhide5 velocity3 evasion4 sanctify1 greed5 pyre_burst1
44,deft,16909,warden,worn_oathblade,bulwark,2,kerchiefs,none,4,1,30.47,0,45.00,,0,42278,76,84,1.87,0.224,0.610,69962,28.4,0.000,1,3,glass_cannon glass_cannon,Kerchief Footpad:994 firepot:804 Kerchief Bruiser:734 burning ground:537,10 15 19 21 24 28 29 32 34 36 36 38 40 42 42 45 45 47 49 50 52 52 54 55 56 57 58 60 61 62 63 64 65 66 67 69 70 71 72 73 74 75 75 75 76,44 47 61 62 73 86 90 102 115 110 130 145 147 145 158 162 125 187 178 182 191 176 148 173 165 254 274 182 154 173 213 252 299 270 314 356 355 322 384 330 378 422 349 386 416,1 1 1 1 0.98 1 1 1 1 1 1 0.87 1 0.98 1 0.93 1 1 1 1 1 1 1 1 1 1 1 1 1 1 1 1 0.97 1 1 1 1 1 0.97 1 1 1 0.89 1 1,oathblade8 gale_chakram8 axe_gyre8 knifestorm8 glacier_spear8 soul_siphon8 | glass_cannon2 soul_harvest1 grave_call1 pack_leader1 blood_scent1 shatter1 recovery4 fortune4 vitality5 searing4 velocity3 evasion4 sanctify1 deep_chill1
45,deft,24828,warden,judgement_disc_item,bulwark,2,kerchiefs,none,4,1,30.11,0,45.00,,0,45610,82,90,2,0.056,0.426,69962,6.8,0.000,3,4,glass_cannon bloodthirst,Kerchief Bruiser:2718 firepot:1671 Kerchief Footpad:1059 Kerchief Enforcer:864,9 14 20 22 27 29 31 34 35 37 39 41 42 43 46 47 48 50 51 53 54 55 57 58 60 62 63 64 66 66 67 68 68 70 70 72 72 73 75 76 77 78 80 81 82,43 50 62 60 51 98 87 87 76 94 109 124 118 119 118 128 170 144 135 144 147 114 109 139 105 111 115 82 116 121 163 103 163 198 199 228 216 311 245 359 343 388 422 399 386,1 1 1 1 1 1 1 1 1 1 1 0.92 0.91 1 1 1 1 0.91 1 1 1 1 1 1 1 1 1 1 1 1 1 1 1 1 0.97 0.99 1 1 1 1 1 1 0.91 1 1,aegis_wheel8 deathcoil8 dawnpulse8 living_flame8 razorgale8 thunder_palm8 | glass_cannon2 grave_call2 dread_command1 dark_bargain1 duplicity3 bloodthirst1 ironhide5 serration4 wisdom4 haste5 blood_scent1 perennial5 static_charge1
46,deft,32747,warden,worn_oathblade,shield_bash,2,kerchiefs,none,4,1,31.54,0,45.00,,0,38704,81,89,1.98,0.082,0.829,69962,92.5,0.000,3,3,arcane_overflow ember_tithe,Kerchief Footpad:1876 Kerchief Bruiser:1594 firepot:1090 Kerchief Enforcer:1023,4 10 13 16 21 24 27 30 30 33 34 35 36 39 39 41 43 45 46 47 49 51 53 54 55 57 58 60 61 63 63 64 65 67 68 70 71 73 74 76 76 78 79 80 81,39 50 55 61 75 84 94 96 109 121 121 139 120 147 162 175 178 194 188 209 218 218 174 182 188 168 169 153 204 181 42 269 302 184 199 230 276 289 354 260 397 400 401 403 380,1 1 1 1 1 1 1 1 1 1 1 1 0.98 1 1 0.98 1 1 1 1 1 1 1 1 1 1 1 1 1 1 0.93 0.94 1 1 1 1 1 1 1 1 1 1 1 0.88 1,graveedge8 hallowed_ring8 tether_of_anguish8 wild_hunt8 rend_and_mend8 moonfall8 | arcane_overflow2 sanctify1 pack_leader1 soul_harvest1 grave_call3 ember_tithe1 fleetfoot5 serration4 recovery4 might5 expanse5 perennial5
47,deft,40666,warden,judgement_disc_item,shield_bash,2,kerchiefs,none,4,0,,1,30.97,enforcer,16,26200,63,70,2.26,0.000,0.000,69962,57.9,0.110,3,1,cinderwake bloodthirst,Kerchief Enforcer:935 Kerchief Footpad:481 Kerchief Bruiser:350 firepot:187,9 16 21 24 26 29 31 33 35 36 39 40 42 42 44 45 46 48 49 50 52 53 54 56 57 58 59 60 61 62,42 52 53 66 67 83 75 95 106 67 130 139 105 138 105 114 168 156 125 108 131 140 154 130 130 256 170 138 155 206,0.99 1 1 1 1 1 1 1 1 1 1 1 1 1 1 1 1 1 1 1 1 1 1 1 1 1 1 1 1 1,reckoning8 skybreak8 plaguebloom8 pyre_of_faith8 great_herd8 tether_of_anguish8 | cinderwake2 plague_bearer1 pack_leader1 soul_harvest1 grave_call1 storm_caller1 bloodthirst1 recovery4 precision2 perennial4 searing1 fortune1 velocity3
48,deft,1093,warden,worn_oathblade,shield_bash,3,pack,none,7,1,30.83,0,45.00,,0,46898,76,84,1.87,0.426,0.479,109671,49.7,0.000,0,3,momentum cinderwake,blast:2891 Longtooth Wolf:2014 Thicket Tusker:1933 Greymuzzle:1025,7 17 21 25 27 30 32 33 36 37 39 40 42 43 44 46 47 48 49 51 51 53 54 55 56 57 58 59 60 61 62 63 64 65 66 67 68 69 70 72 73 74 75 76 76,44 55 52 54 81 74 77 78 82 81 134 101 110 99 131 119 118 83 132 81 120 82 111 143 102 133 150 106 101 138 149 145 203 191 193 257 332 292 211 351 236 254 390 407 338,1 1 0.99 1 1 0.97 0.96 1 1 0.95 1 1 0.87 1 1 0.86 0.98 1 1 1 0.96 1 1 1 1 1 1 1 0.97 0.97 1 1 1 1 1 1 1 1 1 0.94 1 1 1 0.86 1,graveedge8 thornbloom8 steel_flurry8 fallen_star8 iron_palms8 ruin_bolt8 | momentum2 blood_scent1 emberseekers1 pyre_burst1 grave_call1 pack_leader1 cinderwake2 might5 expanse5 warding3 fleetfoot5 vitality5 serration4
49,deft,9012,warden,judgement_disc_item,shield_bash,3,pack,none,7,1,31.37,0,45.00,,0,42940,74,82,1.82,0.630,0.799,109671,82.1,0.000,0,2,momentum restless_hands,Longtooth Wolf:3024 blast:2615 Thicket Tusker:2364 Blight-Sick Wolf:1240,8 12 17 23 25 28 31 33 35 36 38 40 41 42 42 44 45 47 48 49 50 52 53 54 55 57 58 59 60 61 61 62 63 64 65 66 67 68 69 70 71 72 73 73 74,46 61 63 51 52 83 63 83 82 117 103 114 149 98 129 146 141 148 215 141 192 148 104 145 211 177 146 202 183 184 32 185 243 232 230 379 394 378 399 397 375 428 404 453 394,0.99 0.98 1 0.98 1 0.95 1 1 1 1 0.97 1 1 0.93 0.97 1 0.97 1 1 1 1 1 1 1 1 0.97 1 1 1 1 1 0.99 1 1 0.92 1 1 0.99 1 1 1 1 1 1 1,aegis_wheel8 thunder_palm8 deepwinter8 ruin_bolt8 blightfield8 rend_and_mend8 | momentum2 grave_call2 plague_bearer1 deep_chill1 restless_hands1 ironhide5 might5 vitality5 recovery4 haste5 soul_harvest1 greed5 static_charge1
50,deft,16931,warden,worn_oathblade,bulwark,3,pack,none,7,1,31.21,0,45.00,,0,42990,74,82,1.82,0.672,0.672,109671,72.5,0.000,0,2,spirit_companion spirit_companion,Longtooth Wolf:3139 blast:2387 Thicket Tusker:2336 Blight-Sick Wolf:875,3 13 19 23 26 29 31 33 35 37 38 40 41 42 44 45 47 48 49 50 50 52 54 55 56 57 58 59 60 61 61 62 63 64 65 66 68 69 70 71 72 72 73 73 74,44 51 50 75 68 101 99 79 106 108 84 91 104 111 127 106 162 180 161 120 152 147 154 130 161 223 139 197 171 170 52 173 257 254 204 272 258 410 399 409 407 402 329 394 397,0.98 0.98 1 1 1 1 1 1 1 1 1 1 0.98 1 1 0.88 1 1 1 1 1 1 1 1 1 1 1 1 1 1 1 1 1 1 1 0.95 1 1 0.98 0.95 1 1 1 1 1,graveedge8 deathcoil8 reavers_wheel8 razorgale8 arcweb8 mote_cascade8 | spirit_companion3 soul_harvest1 storm_caller1 static_charge1 dread_command2 pack_leader1 serration4 fleetfoot5 haste5 duplicity3 perennial5 ironhide5
51,deft,24850,warden,judgement_disc_item,bulwark,3,pack,none,7,1,30.40,0,45.00,,0,47280,77,85,1.89,0.641,0.674,109671,24.1,0.000,0,4,duelists_grace cinderwake,Longtooth Wolf:3585 blast:2533 Thicket Tusker:1674 Greymuzzle:1159,13 16 22 26 28 30 33 34 36 37 39 40 42 43 44 46 47 48 49 51 52 53 54 55 56 57 58 59 60 62 62 63 64 65 66 67 69 70 71 72 73 74 75 76 77,50 50 49 67 72 78 83 101 100 78 119 113 148 110 178 135 185 123 164 120 201 144 145 144 122 155 184 152 148 170 133 233 186 168 190 199 300 215 226 183 404 278 341 392 400,1 1 1 1 1 1 0.99 1 1 1 1 0.99 1 1 1 1 1 1 1 1 1 1 1 1 1 1 1 0.96 1 1 1 1 1 1 1 1 1 0.92 0.99 1 1 1 1 1 1,reckoning8 predators_volley8 cinderfall8 razorgale8 thousand_cuts8 tether_of_anguish8 | duelists_grace1 kindling1 blood_scent1 emberseekers1 soul_harvest1 dread_command1 cinderwake1 precision5 evasion4 haste5 recovery4 serration4 pyre_burst1 duplicity3 grave_call1
52,deft,32769,warden,worn_oathblade,shield_bash,3,pack,none,7,1,30.93,0,45.00,,0,39902,75,83,1.84,0.731,0.731,109671,56.0,0.000,0,3,hunters_mark restless_hands,blast:3480 Longtooth Wolf:1758 Thicket Tusker:941 Greymuzzle:630,6 16 21 23 27 29 32 33 35 37 38 40 42 43 44 45 46 48 49 50 51 52 53 55 56 57 58 59 61 62 62 63 65 65 67 67 68 68 69 71 72 73 74 74 75,45 47 66 64 54 101 75 111 120 108 107 157 124 123 122 132 165 216 134 133 195 195 203 177 135 266 177 175 259 315 122 302 362 361 338 382 376 396 303 408 372 284 387 381 391,0.95 0.99 1 1 1 0.98 1 1 1 0.98 0.97 0.98 0.94 0.98 0.85 0.91 0.94 1 1 0.98 1 0.89 0.99 1 1 0.98 0.99 1 1 1 1 1 1 1 1 1 1 1 1 0.89 1 1 1 0.95 1,oathkeeper8 circle_of_dawn8 hailwheel8 iron_palms8 gyrestorm8 steel_flurry8 | hunters_mark2 sanctify1 consecration1 blood_scent1 butchers_mark1 restless_hands1 recovery4 chilling3 ferocity4 wisdom4 ironhide5 deep_chill1 fleetfoot5 shatter1
53,deft,40688,warden,judgement_disc_item,shield_bash,3,pack,none,7,1,30.94,1,44.27,wolf,29,39045,72,80,1.81,0.000,0.798,109671,56.2,0.000,3,2,duelists_grace momentum,blast:3393 Thicket Tusker:2702 Longtooth Wolf:2574 Greymuzzle:1373,9 17 19 21 23 28 30 31 33 35 37 38 40 41 42 43 45 46 47 48 50 51 52 54 55 56 57 58 59 60 61 62 63 64 65 66 66 68 68 69 70 71 71 72,41 50 59 74 76 98 103 109 109 122 123 151 141 156 181 189 198 138 135 132 201 136 188 231 133 239 186 213 188 192 113 194 203 240 277 393 366 406 400 428 401 407 405 395,0.97 1 1 1 1 0.82 1 1 1 1 1 0.83 1 0.98 1 0.97 0.98 1 1 0.97 1 1 1 0.97 1 1 1 1 1 1 1 1 1 1 0.93 1 0.91 0.84 1 0.91 0.61 1 1 0.76,reckoning8 reavers_wheel8 arrowfall8 thousand_cuts8 thunder_palm8 living_flame8 | duelists_grace1 soul_harvest1 grave_call3 blood_scent1 pack_leader1 dread_command1 momentum1 velocity3 perennial5 serration4 haste5 might5 fortune4
54,deft,1096,warden,worn_oathblade,shield_bash,3,dead,none,7,0,,0,45.00,,0,15715,49,55,1.22,0.266,0.266,88580,900.0,0.063,2,2,duelists_grace spirit_companion,bolt_bone:2716 frost_orb:773 Barrow Knight:604 Risen:443,2 6 9 11 13 16 17 19 20 23 24 26 27 28 29 31 32 33 34 35 36 37 38 39 40 41 41 42 43 44 44 45 45 46 46 46 47 47 47 47 48 48 48 49 49,53 47 62 75 81 90 100 123 121 127 138 147 154 163 183 182 198 212 231 256 240 244 263 260 274 291 293 297 321 315 132 142 166 157 136 162 154 166 163 173 160 165 150 164 161,0.95 1 1 1 1 0.99 0.97 1 1 1 0.98 1 1 1 0.73 1 1 1 1 1 1 0.51 1 1 1 1 1 1 1 1 1 1 0.87 1 0.78 0.95 1 1 1 1 0.91 1 1 1 1,oathkeeper8 umbral_bolt8 great_herd8 gale_chakram8 knifestorm8 axe_gyre8 | duelists_grace1 grave_call2 dark_bargain1 pack_leader1 spirit_companion2 ironhide1 perennial2 thorns1
55,deft,9015,warden,judgement_disc_item,shield_bash,3,dead,none,7,1,31.00,0,45.00,,0,28140,58,65,1.44,0.156,0.335,88580,59.7,0.000,1,3,iron_vow spirit_companion,Barrow Knight:1912 bolt_bone:1474 Risen Shieldman:918 Risen:426,7 10 13 16 18 20 22 25 26 27 28 29 29 30 32 34 34 36 37 38 39 40 41 42 43 44 44 45 46 47 48 48 49 50 51 52 53 54 55 55 56 57 57 58 58,45 54 64 78 84 99 99 106 122 135 145 153 159 166 169 189 200 202 220 225 238 245 253 255 270 280 296 300 318 319 60 353 349 355 365 401 399 399 399 398 399 390 389 382 396,1 1 1 1 1 1 1 1 1 1 1 1 1 1 1 1 1 1 1 1 1 1 1 1 1 1 1 1 1 1 1 1 1 1 1 1 1 1 1 1 1 1 1 1 1,aegis_wheel8 great_herd8 deathcoil8 soul_siphon8 mote_cascade8 living_flame8 | iron_vow1 grave_call2 pyre_burst1 pack_leader1 dark_bargain1 spirit_companion1 soul_harvest1 perennial1 duplicity3 ferocity1 recovery3 might2 ironhide1
56,deft,16934,warden,worn_oathblade,bulwark,3,dead,none,7,1,30.31,1,41.62,barrow_knight,27,36101,58,65,1.56,0.000,0.196,88580,18.5,0.000,3,2,glass_cannon glass_cannon,bolt_bone:2206 Barrow Knight:750 frost_orb:410 Risen Shieldman:55,4 8 11 14 16 19 20 23 25 27 28 30 31 32 33 35 36 38 39 40 41 42 43 44 46 47 47 49 49 49 50 50 51 52 53 54 55 56 57 58 58,47 52 66 71 85 94 102 109 126 120 137 154 158 164 138 176 194 208 178 178 231 235 182 244 258 237 211 185 215 224 214 220 251 355 382 376 389 398 401 410 394,0.96 1 1 1 0.96 0.93 0.85 0.95 0.93 1 0.64 0.94 1 1 1 1 1 1 1 1 1 1 0.92 1 1 1 1 0.78 0.57 1 0.78 0.36 0.93 1 0.84 1 1 1 1 0.79 1,graveedge8 living_flame8 iron_palms8 arrowfall8 seeking_motes8 lunar_brand8 | glass_cannon2 kindling1 pyre_burst1 grave_call1 soul_harvest1 emberseekers1 velocity3 serration1 fortune2 perennial4 fleetfoot2 thorns2 blood_scent1
57,deft,24853,warden,judgement_disc_item,bulwark,3,dead,none,7,0,,1,31.67,barrow_knight,18,18492,48,54,1.71,0.000,0.000,88580,100.1,0.119,3,2,hunters_mark cinderwake,bolt_bone:2807 Barrow Knight:1283 frost_orb:388 Risen Shieldman:137,7 11 15 16 20 21 24 25 27 29 29 31 32 33 33 35 36 37 37 39 40 40 42 43 44 44 45 45 46 47 48,44 56 62 78 78 94 106 110 121 123 143 157 159 169 181 190 196 201 222 234 237 254 255 270 278 282 295 304 311 316 55,1 1 1 0.98 1 0.94 0.98 1 1 1 1 1 0.97 1 0.97 1 1 1 0.96 1 1 1 1 1 0.82 0.96 1 1 0.63 0.95 0.96,judgement_disc8 gale_chakram8 arcweb8 umbral_bolt8 gyrestorm8 iron_palms8 | hunters_mark3 grave_call1 pack_leader1 cinderwake1 static_charge1 velocity2 ferocity1 searing1
58,deft,32772,warden,worn_oathblade,shield_bash,3,dead,none,7,1,30.88,1,41.67,barrow_knight,27,29231,57,64,1.54,0.000,0.112,88580,53.0,0.000,3,3,stormborn arcane_overflow,bolt_bone:3292 Barrow Knight:1990 frost_orb:538 Risen Shieldman:33,5 10 13 15 16 19 21 22 23 25 26 27 29 30 31 32 34 35 36 38 39 40 41 42 43 44 44 45 46 47 48 48 49 50 51 52 53 54 55 56 57,44 49 65 69 83 100 100 112 124 129 134 144 153 176 162 186 206 211 180 205 243 254 261 258 279 286 284 293 335 316 188 348 346 382 329 326 380 409 401 395 399,1 1 1 1 1 0.88 0.99 0.94 1 1 1 1 0.8 0.98 1 1 1 0.9 1 0.96 1 1 1 1 1 0.94 1 0.91 1 0.96 1 1 1 1 1 1 1 1 1 1 1,graveedge8 hallowed_ring8 verdant_gaze8 circle_of_dawn8 reavers_wheel8 moonfall8 | stormborn1 sanctify1 consecration1 soul_harvest1 pack_leader1 arcane_overflow1 dread_command1 expanse3 vitality1 greed3 serration2 blood_scent1 wisdom1 precision1
59,deft,40691,warden,judgement_disc_item,shield_bash,3,dead,none,7,1,30.83,0,45.00,,0,39881,66,73,1.62,0.221,0.556,88580,49.6,0.000,1,4,arcane_overflow momentum,bolt_bone:3180 frost_orb:594 Barrow Knight:200 Risen Shieldman:63,7 12 14 17 19 21 23 24 27 28 29 30 32 33 34 35 37 38 39 40 41 42 43 44 45 46 47 48 49 51 51 52 53 54 55 56 58 59 59 61 61 62 64 64 66,43 47 61 80 87 91 109 121 118 129 147 153 149 157 184 141 155 202 223 238 239 241 251 252 243 269 274 303 272 216 176 244 230 204 249 267 290 288 408 397 415 401 407 382 396,1 1 1 0.99 1 0.86 0.96 1 0.98 1 0.97 1 1 0.92 1 1 1 0.88 0.95 0.96 1 1 1 1 0.96 1 0.91 1 1 1 1 1 1 1 1 1 1 0.89 0.94 1 1 1 0.67 0.74 0.5,judgement_disc8 glacier_spear8 living_flame8 arrowfall8 sunbreak8 knifestorm8 | arcane_overflow1 shatter1 emberseekers1 blood_scent1 deep_chill1 momentum2 warding3 searing4 wisdom4 might5 velocity3 perennial5 dread_command1
60,deft,1099,warden,worn_oathblade,shield_bash,3,lamplings,none,7,1,31.95,0,45.00,,0,41960,62,69,1.53,0.661,0.811,97017,116.8,0.000,0,2,restless_hands cinderwake,Lampling Tunneler:2242 blast:1566 firepot:724 burning ground:140,5 12 15 17 20 22 25 27 29 30 32 33 34 35 36 37 38 40 40 41 42 43 44 45 46 47 48 48 49 50 51 51 52 53 54 55 56 57 57 58 59 60 60 61 62,40 49 60 64 78 92 88 111 82 76 105 95 94 119 85 119 151 142 96 117 134 153 153 158 126 199 154 182 257 127 25 78 279 290 299 374 204 398 399 396 392 393 406 415 389,1 1 1 1 1 1 1 1 1 0.96 1 1 1 1 1 0.94 1 1 1 1 1 1 1 1 1 1 1 0.94 1 0.99 0.9 1 1 1 1 1 1 0.92 1 1 1 1 1 0.99 1,oathkeeper8 iron_palms8 axe_gyre8 knifestorm8 gale_chakram8 reckoning8 | restless_hands1 grave_call1 butchers_mark1 soul_harvest1 blood_scent1 cinderwake1 pack_leader1 fortune2 expanse1 perennial5 wisdom2 warding3 ironhide5 dark_bargain1
61,deft,9018,warden,judgement_disc_item,shield_bash,3,lamplings,none,7,1,31.10,0,45.00,,0,47699,67,74,1.64,0.543,0.798,97017,65.7,0.000,0,4,restless_hands arcane_overflow,blast:1703 firepot:1662 Lampling Tunneler:988 burning ground:395,6 13 16 20 22 23 26 28 30 31 33 34 36 36 38 39 40 41 42 44 44 46 47 47 48 50 51 52 52 53 54 55 56 56 57 59 59 60 61 62 63 64 65 66 67,42 56 62 56 84 78 77 92 64 88 81 93 84 100 80 92 106 104 104 129 112 104 128 117 181 131 137 110 129 117 25 137 151 152 135 165 145 167 170 193 154 176 200 205 232,1 1 1 1 1 1 1 1 0.95 1 1 0.95 1 1 1 1 1 1 1 1 1 1 0.95 1 1 1 1 1 1 1 0.99 1 1 1 0.92 1 1 1 1 1 1 1 1 1 1,reckoning8 glacier_spear8 thornbloom8 pyre_of_faith8 temple_breaker8 soul_siphon8 | restless_hands1 shatter1 sanctify1 dark_bargain2 emberseekers1 arcane_overflow1 searing4 evasion4 recovery4 velocity3 haste5 consecration1 fortune4
62,deft,16937,warden,worn_oathblade,bulwark,3,lamplings,none,7,1,32.27,0,45.00,,0,42967,63,70,1.56,0.705,0.705,97017,136.4,0.000,0,2,bloodthirst bloodthirst,Lampling Tunneler:3064 blast:1216 firepot:1068 burning ground:272,4 8 14 16 19 20 25 26 28 30 31 33 34 36 37 38 39 40 41 42 43 44 45 45 47 48 49 49 50 51 52 52 52 53 54 55 56 57 58 59 60 61 61 62 63,53 48 62 69 63 94 78 104 103 112 146 125 136 90 98 163 163 111 160 140 161 184 259 266 161 180 205 143 172 196 39 29 188 212 220 391 379 275 326 255 385 395 342 395 397,1 1 1 1 1 1 1 1 1 1 1 1 1 1 1 1 1 1 1 1 1 1 0.99 1 1 1 1 1 1 1 1 1 1 1 1 1 1 1 1 0.99 0.99 1 1 1 1,oathkeeper8 rend_and_mend8 great_herd8 moonbrand8 thunder_palm8 arrowfall8 | bloodthirst3 soul_harvest1 dark_bargain1 pack_leader1 grave_call1 ironhide4 searing1 velocity3 recovery4 perennial2 consecration1 haste4
63,deft,24856,warden,judgement_disc_item,bulwark,3,lamplings,none,7,1,31.24,0,45.00,,0,46011,66,73,1.62,0.380,0.856,97017,74.1,0.000,0,3,iron_vow ember_tithe,Lampling Tunneler:7229 firepot:1071 blast:664 burning ground:230,8 11 17 20 22 24 26 28 29 31 32 33 34 35 36 38 39 41 42 43 44 45 46 47 48 49 50 51 52 53 53 54 55 56 57 58 59 60 61 62 63 64 65 65 66,48 54 60 70 57 106 65 68 81 71 94 103 87 130 83 98 97 96 89 124 109 109 130 118 112 129 149 115 112 124 25 230 155 170 208 226 221 256 211 266 372 282 393 286 408,1 1 1 1 1 1 1 1 1 1 1 1 1 1 1 1 1 1 1 1 0.96 1 1 1 1 1 1 1 1 1 1 1 1 1 0.88 0.9 0.97 1 1 1 1 1 1 1 1,reckoning8 pyre_of_faith8 soul_siphon8 razorgale8 reavers_wheel8 sunlance8 | iron_vow1 grave_call2 pack_leader1 consecration1 ember_tithe1 dread_command1 recovery4 fortune4 thorns5 serration4 wisdom2 searing4 kindling1
64,deft,32775,warden,worn_oathblade,shield_bash,3,lamplings,none,7,1,31.59,0,45.00,,0,46972,63,70,1.56,0.322,0.566,97017,95.7,0.000,1,3,arcane_overflow momentum,Lampling Tunneler:4855 blast:2216 firepot:1308 burning ground:265,6 11 16 19 21 24 26 28 29 30 32 33 35 35 36 37 39 40 41 41 43 43 44 45 46 47 48 49 49 50 51 51 52 53 53 54 55 56 57 58 59 61 61 62 63,49 56 61 54 78 84 62 74 89 78 85 82 100 71 84 115 104 130 104 123 157 130 114 139 129 131 140 169 148 155 26 188 188 187 176 247 246 185 252 313 327 180 335 315 384,1 1 1 1 1 0.97 1 1 0.95 1 1 1 1 1 1 1 1 1 1 1 1 1 1 1 1 0.93 1 1 1 1 0.85 1 1 1 1 0.99 0.88 1 1 0.89 1 0.86 0.89 0.53 0.83,graveedge8 starseeker8 great_herd8 thousand_cuts8 sunbreak8 plaguebloom8 | arcane_overflow1 soul_harvest1 pack_leader1 dread_command1 grave_call2 momentum1 might5 serration3 perennial5 precision1 plague_bearer1 wisdom2 vitality2
65,deft,40694,warden,judgement_disc_item,shield_bash,3,lamplings,none,7,1,30.88,0,45.00,,0,47841,62,69,1.53,0.566,0.837,97017,52.9,0.000,0,4,bloodthirst bloodthirst,Lampling Tunneler:3579 firepot:2049 blast:1140 burning ground:873,6 13 17 20 23 24 27 28 30 31 32 34 35 36 37 38 39 40 41 42 43 44 45 46 46 47 48 49 50 51 51 51 53 53 54 55 56 57 58 59 60 61 62 62 62,46 54 64 65 47 92 70 72 70 82 85 100 76 101 78 101 85 114 101 102 97 150 117 114 125 122 157 109 144 136 129 137 109 148 196 171 171 136 194 175 178 150 283 186 175,1 1 1 1 1 1 1 1 1 1 1 1 1 1 1 1 1 1 1 1 1 1 1 1 1 1 1 1 1 1 1 1 1 1 1 0.96 0.9 1 1 1 1 1 1 1 0.91,reckoning8 razorgale8 reavers_wheel8 sunbreak8 tempest_coil8 deepwinter8 | bloodthirst3 sanctify1 deep_chill1 static_charge1 storm_caller1 expanse4 precision1 perennial3 serration2 consecration1 haste3 might2
66,deft,1102,warden,worn_oathblade,shield_bash,3,kerchiefs,none,7,0,,1,20.84,enforcer,14,13279,44,50,2.4,0.000,0.000,0,0.0,,3,1,spirit_companion cinderwake,firepot:1270 Kerchief Footpad:1206 Kerchief Bruiser:1103 Kerchief Enforcer:992,3 10 13 17 21 24 28 31 33 33 34 34 36 36 37 39 41 41 41 41,51 49 67 71 86 97 99 111 121 128 104 115 135 122 142 174 165 166 166 170,0.97 1 1 1 1 1 0.92 0.93 0.97 1 0.77 0.49 0.68 1 0.44 0.7 0.96 0.55 0.9 0.54,oathkeeper8 knifestorm8 iron_palms8 axe_gyre8 reaving_arc8 verdant_lance8 | spirit_companion2 pack_leader1 dread_command1 plague_bearer1 cinderwake1 grave_call1 ironhide1
67,deft,9021,warden,judgement_disc_item,shield_bash,3,kerchiefs,none,7,1,30.75,0,45.00,,0,38835,76,84,1.87,0.560,0.655,101235,45.0,0.000,0,3,iron_vow iron_vow,Kerchief Footpad:2304 Kerchief Bruiser:2220 firepot:1145 Kerchief Enforcer:975,10 12 15 21 23 28 30 33 34 36 38 39 41 43 44 46 47 48 50 51 51 53 55 56 57 58 60 61 62 63 64 65 66 66 68 69 70 71 72 72 73 75 75 76 76,43 51 66 71 83 66 92 109 127 107 133 125 168 163 179 183 188 210 220 132 233 183 211 257 223 202 221 304 246 186 214 242 342 337 346 351 328 400 407 412 375 396 393 396 393,1 1 1 1 0.88 1 1 1 1 1 0.91 1 0.75 1 1 1 0.95 0.88 1 1 1 1 1 1 1 1 1 1 1 1 1 1 1 1 0.92 0.99 1 1 1 1 1 1 1 1 0.97,aegis_wheel8 hailwheel8 steel_flurry8 reavers_wheel8 living_flame8 iron_palms8 | iron_vow3 grave_call2 butchers_mark1 pyre_burst1 emberseekers1 chilling3 vitality5 perennial5 duplicity3 fleetfoot5 serration4 kindling1
68,deft,16940,warden,worn_oathblade,bulwark,3,kerchiefs,none,7,1,31.21,0,45.00,,0,38256,76,84,1.87,0.313,0.313,101235,72.6,0.000,1,2,restless_hands restless_hands,Kerchief Bruiser:3447 Kerchief Footpad:2849 Kerchief Enforcer:2455 firepot:1036,2 14 19 23 25 28 31 34 36 37 39 40 42 44 46 46 48 49 51 52 54 55 56 57 58 59 60 61 63 64 64 65 66 67 69 70 71 72 73 74 74 75 75 76 76,57 56 66 70 81 103 102 116 111 121 139 135 127 170 171 187 177 117 144 158 178 174 160 219 209 177 246 313 272 214 52 241 291 349 331 326 393 396 399 398 385 395 389 399 396,1 1 0.97 0.99 1 0.94 1 1 1 0.94 1 1 1 0.98 1 0.94 0.99 0.97 0.95 1 1 0.99 1 1 1 1 1 1 1 0.99 0.9 1 1 1 0.91 1 1 1 1 0.86 1 0.98 0.83 0.96 0.98,graveedge8 reavers_wheel8 temple_breaker8 circle_of_dawn8 razorgale8 thousand_cuts8 | restless_hands2 consecration1 blood_scent1 sanctify1 butchers_mark1 grave_call1 vitality5 serration4 evasion4 recovery4 greed5 soul_harvest1 ferocity4 pack_leader1
69,deft,24859,warden,judgement_disc_item,bulwark,3,kerchiefs,none,7,1,31.57,1,42.95,footpad,29,30001,70,78,1.82,0.000,0.568,101235,93.9,0.000,3,2,spirit_companion cinderwake,Kerchief Footpad:4668 Kerchief Bruiser:4284 firepot:1104 burning ground:545,6 13 18 23 24 28 31 33 35 37 38 40 41 42 44 45 47 48 49 50 52 53 54 55 56 58 59 60 61 63 63 64 65 65 66 66 67 68 68 68 69 69,47 54 62 79 79 87 107 109 122 126 139 146 177 179 154 160 186 205 210 233 241 236 268 207 230 265 294 298 297 329 46 320 354 362 369 389 376 389 395 397 399 402,0.99 0.97 1 1 1 0.95 1 1 0.96 1 0.96 1 0.95 1 1 1 0.95 1 0.99 1 0.98 0.9 1 1 1 1 0.93 1 1 1 1 0.98 1 1 1 0.69 0.95 0.93 0.95 0.83 0.94 0.41,aegis_wheel8 great_herd8 arrowfall8 hailwheel8 circle_of_dawn8 axe_gyre8 | spirit_companion2 soul_harvest1 sanctify1 grave_call2 pack_leader1 cinderwake2 perennial5 vitality5 thorns3 chilling3 ironhide4 velocity3
70,deft,32778,warden,worn_oathblade,shield_bash,3,kerchiefs,none,7,1,30.35,1,42.94,pillager,28,38075,74,82,1.91,0.000,0.251,101235,20.8,0.000,3,2,hunters_mark arcane_overflow,Kerchief Footpad:3634 Kerchief Bruiser:2695 Kerchief Enforcer:1705 firepot:1396,4 8 12 18 22 25 29 30 33 35 37 39 40 42 43 44 46 48 49 50 51 53 54 54 56 57 59 60 62 62 63 65 66 67 68 69 69 70 71 72 73 74,57 52 65 74 83 93 101 115 111 130 143 148 166 150 160 177 204 163 165 124 204 170 153 180 124 135 156 183 138 136 243 227 284 289 367 370 375 421 403 402 373 287,1 0.95 1 1 0.99 1 1 0.97 1 1 1 0.95 0.91 0.89 0.97 1 0.75 0.94 1 1 1 0.94 1 1 1 1 1 0.93 1 1 1 1 1 0.85 0.97 1 1 0.95 1 1 1 1,oathkeeper8 wild_hunt8 steel_flurry8 aegis_wheel8 sunlance8 gyrestorm8 | hunters_mark3 pack_leader1 grave_call1 blood_scent1 plague_bearer1 arcane_overflow1 vitality5 searing4 fleetfoot5 ferocity4 perennial5 ironhide5 sanctify1
71,deft,40697,warden,judgement_disc_item,shield_bash,3,kerchiefs,none,7,1,31.41,0,45.00,,0,31612,70,78,1.73,0.536,0.673,101235,84.4,0.000,0,2,arcane_overflow hunters_mark,Kerchief Footpad:3692 Kerchief Bruiser:2707 firepot:556 burning ground:278,5 14 18 23 26 29 31 34 35 36 37 38 40 40 42 43 44 46 46 47 49 50 51 53 54 55 56 57 58 60 60 61 62 63 64 65 66 67 67 68 69 69 69 70 70,47 49 65 72 77 89 103 115 102 136 138 152 162 167 196 209 205 165 213 214 176 248 232 220 191 264 210 193 316 260 34 336 350 365 367 375 404 401 391 390 394 387 391 401 387,1 1 1 1 1 1 1 1 1 1 1 1 1 1 1 0.83 1 1 1 1 0.91 1 1 1 1 1 1 1 1 1 1 1 0.94 1 1 1 0.7 1 1 1 1 0.89 1 1 0.96,reckoning8 starseeker8 tether_of_anguish8 glacier_spear8 razorgale8 soul_siphon8 | arcane_overflow1 soul_harvest1 pack_leader1 deep_chill1 dread_command1 fracture1 hunters_mark2 velocity3 warding3 precision5 serration4 recovery4 ferocity4 blood_scent1
72,deft,1031,reaver,butchers_cleaver,leap,1,pack,none,1,1,30.78,1,44.81,boar,25,34198,68,75,1.67,0.000,0.173,49318,46.6,0.000,3,2,stormborn stormborn,Longtooth Wolf:2606 Thicket Tusker:1846 blast:1833 Greymuzzle:1112,11 15 19 22 25 27 28 30 31 33 35 36 37 39 39 41 42 43 45 45 46 48 49 50 50 52 53 55 56 57 58 59 60 61 62 64 65 65 66 66 66 67 67 68,40 48 49 46 67 71 82 98 109 95 114 134 123 101 103 152 167 164 189 143 200 200 215 206 152 200 203 152 242 193 181 215 283 294 303 318 311 338 333 333 332 350 360 362,0.99 1 1 1 1 1 1 1 1 0.95 1 0.98 1 1 1 0.85 0.9 0.96 1 1 1 1 0.95 0.91 1 1 1 1 1 1 1 0.81 0.57 1 0.81 1 0.67 1 1 1 1 1 1 1,cleaver8 reavers_wheel8 sunlance8 judgement_disc8 dawnpulse8 umbral_bolt8 | stormborn2 blood_scent1 consecration1 grave_call1 sanctify1 dread_command1 wisdom4 serration4 searing4 perennial5 chilling3 warding3 dark_bargain1
73,deft,8950,reaver,gyre_axes,leap,1,pack,none,1,1,30.80,0,45.00,,0,35218,65,72,1.6,0.645,0.772,49318,47.9,0.000,0,2,arcane_overflow iron_vow,blast:439 Longtooth Wolf:416 Thicket Tusker:394 Blight-Sick Wolf:185,11 15 17 19 24 26 28 29 31 33 34 35 36 38 39 40 42 43 44 45 46 47 49 50 51 51 53 54 55 56 57 58 59 59 60 61 62 62 63 63 64 64 64 65 65,32 46 55 60 67 72 66 78 86 79 122 108 140 135 100 144 126 165 145 182 192 181 120 166 119 168 156 209 166 191 201 233 287 287 291 317 312 324 319 342 349 349 356 369 428,1 1 1 1 1 1 1 1 0.98 1 0.98 0.97 0.98 0.98 1 1 1 1 1 1 1 1 1 1 1 1 1 1 1 1 1 1 1 1 1 1 1 1 1 1 0.96 1 1 1 1,gyrestorm8 glacier_spear8 aegis_wheel8 hailwheel8 soul_siphon8 rend_and_mend8 | arcane_overflow3 deep_chill1 soul_harvest1 iron_vow2 velocity3 ironhide5 evasion2 ferocity3 chilling3 recovery4 grave_call1
74,deft,16869,reaver,butchers_cleaver,warcry,1,pack,none,1,1,30.48,0,45.00,,0,41294,71,79,1.76,0.369,0.369,49318,28.5,0.000,0,3,duelists_grace duelists_grace,blast:2059 Longtooth Wolf:1402 Thicket Tusker:871 Greymuzzle:778,10 14 18 23 24 27 28 31 33 34 36 37 39 40 41 43 44 45 46 48 49 50 51 53 54 55 56 57 58 58 59 61 62 63 64 65 66 67 68 68 70 70 70 71 71,34 44 52 51 55 71 85 64 92 84 114 93 124 111 140 85 109 115 142 152 142 116 118 137 170 179 124 147 104 211 206 186 162 306 245 271 260 244 327 354 353 347 368 361 377,1 1 1 1 0.98 0.97 1 1 0.95 0.8 0.88 0.99 1 1 0.96 1 0.89 0.97 0.94 0.96 1 1 0.95 0.98 1 1 1 0.98 1 0.95 0.96 0.97 0.98 1 0.97 1 0.99 0.97 1 1 1 1 1 1 1,whirlwind8 plaguebloom8 iron_palms8 predators_volley8 sanctified_earth8 reavers_wheel8 | duelists_grace3 plague_bearer1 consecration1 dark_bargain1 grave_call1 sanctify1 perennial5 ironhide5 fleetfoot5 serration4 vitality5 blood_scent1 precision5
75,deft,24788,reaver,gyre_axes,warcry,1,pack,none,1,1,30.63,0,45.00,,0,41314,73,81,1.8,0.294,0.458,49318,37.9,0.000,2,2,spirit_companion ember_tithe,Longtooth Wolf:6416 blast:2456 Blight-Sick Wolf:2180 Thicket Tusker:1791,10 16 19 21 25 27 28 31 32 34 35 36 38 39 40 42 44 45 46 48 49 50 51 53 54 55 56 57 59 60 60 62 62 64 65 66 67 68 69 70 70 71 72 72 73,42 45 48 51 65 64 86 83 78 92 85 88 116 95 113 90 105 157 138 89 165 169 163 154 176 194 185 156 171 152 234 165 220 230 256 315 323 252 344 336 346 362 371 361 363,0.98 1 1 1 1 1 1 1 1 1 1 1 1 0.93 0.97 1 1 0.94 1 1 0.78 1 1 0.96 1 1 1 1 0.92 1 0.98 1 1 1 1 0.96 1 0.5 1 1 1 0.9 0.9 1 1,reavers_wheel8 rend_and_mend8 circle_of_dawn8 plaguebloom8 razorgale8 starseeker8 | spirit_companion2 sanctify1 plague_bearer1 grave_call1 consecration1 ember_tithe2 vitality4 fleetfoot5 serration4 butchers_mark1 precision3 perennial5 searing4
76,deft,32707,reaver,butchers_cleaver,leap,1,pack,none,1,1,30.45,0,45.00,,0,37801,70,78,1.73,0.170,0.357,49318,26.8,0.000,3,3,glass_cannon glass_cannon,blast:3812 Longtooth Wolf:1466 Thicket Tusker:1380 Greymuzzle:711,8 15 17 21 23 26 28 29 30 32 33 34 36 37 38 39 41 42 44 45 46 48 49 50 51 53 54 55 56 57 58 59 60 61 62 63 64 65 66 66 67 68 69 69 70,40 44 44 49 66 79 77 89 97 94 121 125 128 137 143 166 136 121 116 178 174 140 167 162 161 229 137 186 143 201 271 224 215 303 298 314 325 339 347 336 342 355 264 371 400,1 1 1 1 1 1 0.91 1 1 0.92 1 0.83 1 1 1 0.81 0.9 0.85 0.91 1 1 1 0.91 0.92 1 1 1 0.99 1 1 0.97 0.91 1 0.9 1 1 1 0.9 1 1 1 0.64 0.78 1 1,bonesplitter8 gyrestorm8 sunbreak8 arcweb8 steel_flurry8 rend_and_mend8 | glass_cannon2 blood_scent1 grave_call2 dread_command1 pack_leader1 dark_bargain1 might5 vitality5 searing4 fleetfoot5 ferocity4 sanctify1 velocity3
77,deft,40626,reaver,gyre_axes,leap,1,pack,none,1,1,30.45,0,45.00,,0,36175,68,75,1.67,0.766,0.826,49318,26.8,0.000,0,2,bloodthirst restless_hands,blast:1609 Longtooth Wolf:1202 Thicket Tusker:722 Blight-Sick Wolf:566,10 15 20 23 26 28 30 31 33 35 36 38 39 40 42 43 44 46 47 48 49 50 52 53 54 55 56 57 58 59 60 61 62 63 63 64 65 65 66 66 67 67 67 67 68,38 44 49 61 61 59 82 87 81 76 105 107 109 125 102 118 122 161 177 125 182 182 131 151 173 165 190 209 179 199 208 239 297 297 300 310 358 315 332 334 339 346 364 354 372,1 1 1 1 1 1 1 1 1 1 0.98 1 1 1 1 1 1 1 1 1 1 1 1 1 0.99 1 1 1 1 1 1 1 1 1 1 1 1 1 1 1 1 1 1 1 1,axe_gyre8 pyre_of_faith8 aegis_wheel8 dawnpulse8 hailwheel8 steel_flurry8 | bloodthirst3 blood_scent1 dark_bargain1 sanctify1 restless_hands1 searing4 ironhide5 perennial5 fleetfoot5 chilling3 greed5 deep_chill1
78,deft,1034,reaver,butchers_cleaver,leap,1,dead,none,1,1,32.04,0,45.00,,0,23834,52,58,1.29,0.576,0.576,39834,122.4,0.000,0,2,iron_vow momentum,bolt_bone:719 Barrow Knight:266 Risen Shieldman:143 frost_orb:86,1 2 5 8 10 14 15 18 20 22 23 25 26 27 28 29 30 31 32 33 34 35 36 37 37 38 39 40 41 41 42 42 42 44 44 46 46 47 48 49 49 50 51 51 52,45 42 46 58 64 79 83 83 104 100 117 125 131 132 145 152 160 172 180 177 195 196 204 221 231 233 233 251 256 263 100 90 293 308 317 304 283 339 348 339 343 373 369 374 364,1 1 1 1 1 1 1 1 1 1 1 1 1 0.97 1 1 1 1 1 1 1 1 1 1 1 1 1 1 1 1 1 1 1 1 1 1 1 1 1 1 1 1 1 1 1,whirlwind8 gyrestorm8 steel_flurry8 hailwheel8 wild_hunt8 tether_of_anguish8 | iron_vow2 blood_scent1 butchers_mark1 pack_leader1 momentum1 grave_call1 fleetfoot3 ferocity2 ironhide1 recovery2 chilling1 serration2
79,deft,8953,reaver,gyre_axes,leap,1,dead,none,1,1,30.44,0,45.00,,0,31185,57,64,1.42,0.706,0.711,39834,26.2,0.000,0,3,arcane_overflow spirit_companion,bolt_bone:2514 frost_orb:477 Barrow Knight:70 Risen:42,4 9 11 13 15 17 19 20 21 22 23 24 26 27 28 30 30 31 32 33 34 35 35 36 37 38 39 40 40 42 43 43 45 46 47 48 49 50 51 52 53 54 55 56 57,32 40 46 59 62 76 85 84 98 98 119 122 126 144 153 150 160 161 181 183 190 205 201 212 225 227 236 241 247 210 278 244 276 214 288 311 323 318 332 316 335 362 367 340 385,1 1 1 1 1 1 0.96 1 1 1 1 1 1 1 1 1 1 0.99 1 1 0.98 1 1 1 0.95 1 1 1 1 1 1 1 1 1 1 1 1 1 1 1 1 0.85 0.86 1 1,reavers_wheel8 tempest_coil8 circle_of_dawn8 moonfall8 tether_of_anguish8 glacier_spear8 | arcane_overflow2 static_charge1 shatter1 soul_harvest1 deep_chill1 spirit_companion1 velocity3 sanctify1 serration2 chilling2 recovery2 expanse4 fleetfoot4
80,deft,16872,reaver,butchers_cleaver,warcry,1,dead,none,1,1,31.90,1,42.55,barrow_knight,19,29476,58,65,1.53,0.000,0.568,39834,113.7,0.000,3,2,ember_tithe iron_vow,bolt_bone:2064 Barrow Knight:1973 Risen Shieldman:633 frost_orb:419,2 5 9 12 14 17 18 21 23 24 26 28 29 30 32 33 33 35 36 38 39 40 41 42 43 44 45 46 47 48 49 49 50 51 52 53 53 54 55 56 57 58,51 39 51 63 63 79 73 90 99 101 121 125 144 142 143 148 160 168 180 168 192 207 218 217 222 231 253 254 247 259 48 150 276 282 303 308 319 320 331 344 353 376,0.98 1 1 0.97 0.98 1 1 1 1 1 0.94 1 1 1 0.94 1 0.96 1 0.99 0.95 0.58 1 1 1 1 1 1 1 1 1 1 0.87 1 1 1 1 1 0.93 1 1 1 0.59,whirlwind8 predators_volley8 reavers_wheel8 plaguebloom8 wild_hunt8 thornbloom8 | ember_tithe1 blood_scent1 plague_bearer1 pack_leader1 grave_call1 iron_vow1 dread_command2 serration4 precision1 vitality1 ferocity1 fleetfoot5 perennial4
81,deft,24791,reaver,gyre_axes,warcry,1,dead,none,1,1,31.49,1,42.70,grave_caller,23,21209,49,55,1.29,0.000,0.246,39834,89.5,0.000,3,2,hunters_mark iron_vow,bolt_bone:1056 Barrow Knight:966 Risen:284 frost_orb:270,3 7 10 12 14 15 18 18 21 22 23 24 26 28 28 29 31 32 33 34 35 36 36 37 37 38 39 40 41 41 42 42 43 43 44 45 45 46 46 47 47 48,45 39 53 58 67 78 88 91 100 106 109 118 127 138 144 166 163 166 178 184 185 191 208 214 218 239 244 257 249 255 80 271 294 297 288 311 305 315 342 341 342 340,1 1 1 1 0.99 1 1 0.98 0.97 1 1 0.99 1 0.96 1 1 1 1 1 1 1 1 1 1 1 0.67 1 1 0.95 1 0.42 1 1 1 1 0.84 1 1 1 1 1 1,axe_gyre8 great_herd8 sunbreak8 seeking_motes8 ruin_bolt8 arrowfall8 | hunters_mark2 consecration1 pack_leader1 soul_harvest1 iron_vow1 sanctify1 might2 perennial1 velocity1 recovery1 precision1
82,deft,32710,reaver,butchers_cleaver,leap,1,dead,none,1,1,33.09,1,40.78,grave_caller,22,14945,43,49,1.2,0.000,0.350,39834,185.2,0.000,3,2,stormborn momentum,bolt_bone:1841 Barrow Knight:890 Risen Shieldman:560 frost_orb:422,6 9 11 13 15 16 18 19 21 22 23 24 25 27 27 28 30 31 31 32 33 33 34 35 36 36 36 38 38 39 40 40 40 41 41 41 42 42 43 43,33 44 45 54 65 78 86 93 93 104 114 119 127 137 151 158 166 161 189 180 191 199 204 218 218 228 236 239 246 257 106 97 123 291 294 307 308 317 316 330,1 1 1 0.98 1 0.94 1 1 0.97 0.97 1 0.57 0.96 1 1 1 0.98 1 1 0.97 1 1 1 1 1 1 0.4 1 1 0.96 1 1 0.89 1 1 1 0.84 1 0.88 0.43,cleaver8 rend_and_mend8 moonbrand8 volley8 cinderfall8 iron_palms8 | stormborn3 butchers_mark1 momentum1 pyre_burst1 emberseekers1 recovery2 might1
83,deft,40629,reaver,gyre_axes,leap,1,dead,none,1,1,33.28,1,41.45,risen_warrior,22,17867,47,53,1.28,0.000,0.465,39834,196.9,0.000,3,2,duelists_grace hunters_mark,bolt_bone:3244 Barrow Knight:1278 Risen Shieldman:924 frost_orb:874,2 6 9 11 12 14 16 17 19 20 22 23 25 26 27 28 29 31 31 33 33 34 34 35 36 36 37 38 38 39 40 40 40 41 41 43 43 44 45 45 47,41 43 49 56 62 69 82 84 93 103 118 117 129 169 140 154 174 174 177 184 183 199 199 205 237 238 231 255 248 258 62 132 140 301 301 308 325 324 335 367 342,1 1 1 0.97 0.97 0.95 0.97 1 1 1 0.87 1 0.92 1 1 0.96 0.94 1 1 1 1 1 1 1 1 1 1 1 0.8 1 0.52 1 0.92 1 0.93 1 1 1 0.52 0.82 1,axe_gyre8 verdant_gaze8 iron_palms8 harrowing8 rimeshard8 hallowed_ring8 | duelists_grace2 consecration1 sanctify1 hunters_mark2 grave_call1 expanse3 recovery1 thorns1 velocity1
84,deft,1037,reaver,butchers_cleaver,leap,1,lamplings,none,1,1,32.95,0,45.00,,0,40997,56,63,1.4,0.664,0.664,43628,177.1,0.000,0,2,duelists_grace iron_vow,blast:1054 firepot:525 Lampling Tunneler:469 burning ground:164,5 11 14 16 18 21 23 25 26 27 29 30 31 33 34 34 35 36 37 38 39 40 40 41 42 43 44 45 45 47 47 47 47 48 49 50 51 52 53 53 54 55 55 56 56,42 44 50 62 58 68 80 77 90 65 101 77 118 81 114 110 117 89 96 106 181 135 174 134 137 150 150 122 134 142 26 39 88 149 252 267 241 245 244 339 339 394 383 361 376,1 1 1 1 1 1 1 1 1 1 1 1 1 1 1 1 1 1 1 1 1 1 1 1 1 1 1 1 1 1 1 1 0.81 0.84 0.89 1 1 1 1 1 1 0.85 1 1 1,whirlwind8 harrowing8 pyre_of_faith8 axe_gyre8 hailwheel8 strangleroot8 | duelists_grace1 grave_call1 sanctify1 blood_scent1 consecration1 iron_vow1 pack_leader1 haste3 chilling2 fleetfoot2 perennial1 searing1 expanse1 dark_bargain1
85,deft,8956,reaver,gyre_axes,leap,1,lamplings,none,1,1,32.67,0,45.00,,0,42343,60,67,1.49,0.502,0.687,43628,159.9,0.000,0,2,ember_tithe bloodthirst,Lampling Tunneler:5600 blast:1780 firepot:767 burning ground:229,9 13 16 18 21 23 25 27 28 29 31 32 33 34 35 36 38 39 40 40 41 42 43 44 45 46 47 48 49 50 50 50 50 51 52 53 54 55 56 57 58 58 59 60 60,38 45 46 61 60 74 60 74 67 89 93 91 104 92 115 141 147 138 117 132 157 161 115 119 123 116 123 122 218 170 42 41 283 223 277 320 313 322 316 304 256 351 367 370 390,1 1 1 1 1 1 1 1 1 0.95 1 1 1 1 1 1 1 1 0.99 1 1 1 1 1 1 1 1 1 1 1 1 0.69 0.96 1 1 1 1 1 1 1 0.96 1 1 1 1,axe_gyre8 ruin_bolt8 pyre_of_faith8 verdant_gaze8 great_herd8 harrowing8 | ember_tithe1 plague_bearer1 soul_harvest1 dread_command1 grave_call2 bloodthirst1 perennial3 expanse3 might2 precision2 searing3 consecration1 chilling1
86,deft,16875,reaver,butchers_cleaver,warcry,1,lamplings,none,1,1,31.61,0,45.00,,0,46563,59,66,1.47,0.584,0.616,43628,96.6,0.000,0,4,cinderwake bloodthirst,Lampling Tunneler:6329 firepot:2344 blast:1342 burning ground:643,6 11 14 17 19 21 22 25 26 27 28 29 31 31 33 34 35 36 37 38 39 39 40 42 42 43 44 45 46 47 47 47 48 49 50 51 51 52 53 54 55 56 57 58 59,37 44 51 61 64 76 69 79 91 66 100 80 110 131 144 80 139 109 100 117 135 112 143 125 134 119 146 181 161 159 36 168 140 183 153 223 164 151 261 170 207 172 373 244 360,1 1 1 1 1 1 1 1 1 1 1 0.96 1 1 1 0.98 1 1 1 1 1 0.96 1 0.91 1 1 1 1 0.92 1 0.81 1 0.85 1 1 1 1 1 1 0.96 1 0.95 0.88 1 1,bonesplitter8 rend_and_mend8 everbloom8 living_flame8 plaguebloom8 verdant_lance8 | cinderwake1 grave_call3 kindling1 butchers_mark1 bloodthirst1 pyre_burst1 velocity2 vitality3 perennial3 thorns2 might3 greed2
87,deft,24794,reaver,gyre_axes,warcry,1,lamplings,none,1,1,31.26,0,45.00,,0,46694,59,66,1.47,0.374,0.890,43628,75.9,0.000,0,3,momentum bloodthirst,Lampling Tunneler:5390 blast:1811 firepot:1649 burning ground:390,7 12 15 17 19 22 24 25 27 28 29 31 32 33 34 35 36 37 38 39 40 41 41 42 43 44 45 46 46 47 48 48 49 50 51 52 53 53 54 55 56 57 57 58 59,30 57 47 53 47 70 77 61 61 50 87 73 88 93 90 93 92 92 109 119 101 149 125 106 121 138 126 137 113 133 22 185 218 151 159 174 151 252 327 256 209 359 367 377 395,1 1 1 1 1 1 1 1 1 1 1 1 1 1 1 1 1 1 1 1 1 1 1 1 1 1 1 1 1 1 1 1 1 1 1 1 1 1 1 1 1 0.87 1 0.98 0.57,gyrestorm8 seeking_motes8 rend_and_mend8 arrowfall8 pyre_of_faith8 glacier_spear8 | momentum1 grave_call2 sanctify1 pack_leader1 bloodthirst1 deep_chill1 ferocity2 searing3 recovery1 velocity3 greed2 serration4 consecration1
88,deft,32713,reaver,butchers_cleaver,leap,1,lamplings,none,1,1,30.71,0,45.00,,0,42726,62,69,1.53,0.520,0.757,43628,42.3,0.000,0,2,duelists_grace ember_tithe,Lampling Tunneler:2862 blast:1111 firepot:750 burning ground:131,5 8 11 16 18 20 23 25 26 28 30 31 32 33 34 36 37 38 39 41 42 42 43 45 46 47 48 48 50 50 51 52 53 54 55 56 56 57 58 59 60 60 61 61 62,35 44 57 51 72 77 84 89 75 96 116 80 81 97 117 134 92 128 117 109 180 204 138 195 133 190 125 140 123 132 195 147 142 260 163 313 320 301 205 328 372 337 372 359 392,1 1 1 1 1 1 1 0.99 1 1 1 1 0.88 1 1 0.91 1 1 0.93 1 1 1 1 1 1 1 1 0.93 1 1 1 1 1 1 1 1 1 1 1 1 0.91 1 1 0.9 1,bonesplitter8 thousand_cuts8 lunar_brand8 cinderfall8 reckoning8 arrowfall8 | duelists_grace1 blood_scent1 dark_bargain1 grave_call2 pack_leader1 ember_tithe1 fortune2 vitality4 velocity3 thorns4 might2 serration2 soul_harvest1
89,deft,40632,reaver,gyre_axes,leap,1,lamplings,none,1,1,31.61,0,45.00,,0,44685,58,65,1.44,0.365,0.873,43628,96.8,0.000,0,2,restless_hands spirit_companion,Lampling Tunneler:4098 blast:1086 firepot:647 Lampling Sapper:212,6 11 15 16 19 21 23 25 26 28 29 30 31 33 34 34 36 37 37 38 39 40 41 42 43 44 45 46 46 47 47 48 48 49 50 51 52 53 54 54 55 56 57 57 58,45 39 50 49 61 47 73 60 74 67 77 124 103 94 101 100 105 164 164 100 110 109 144 104 149 208 169 131 137 175 29 181 222 230 250 306 310 338 336 232 343 372 294 388 397,1 1 1 1 1 1 1 1 0.99 1 1 0.94 1 1 1 0.97 1 1 1 0.93 1 1 1 1 1 1 1 1 1 1 1 1 1 1 1 1 1 1 0.79 1 1 1 1 0.81 1,reavers_wheel8 fallen_star8 rend_and_mend8 soul_siphon8 aegis_wheel8 verdant_gaze8 | restless_hands1 emberseekers1 pyre_burst1 grave_call1 plague_bearer1 spirit_companion1 soul_harvest1 recovery2 expanse5 serration4 ironhide1 pack_leader1 haste2 evasion1
90,deft,1040,reaver,butchers_cleaver,leap,1,kerchiefs,none,1,1,30.61,1,41.73,bruiser,23,34016,67,74,1.77,0.000,0.433,45524,36.7,0.000,3,2,momentum iron_vow,Kerchief Bruiser:1474 Kerchief Footpad:1361 Kerchief Enforcer:837 firepot:575,4 10 14 18 20 24 25 29 31 33 34 35 37 38 39 41 42 43 45 46 47 48 49 51 52 53 55 55 55 56 57 58 59 60 61 63 64 64 65 66 67,41 45 53 59 71 81 81 91 88 104 118 125 134 129 151 140 155 171 172 126 181 144 114 224 175 234 188 232 197 194 223 284 235 305 308 315 320 319 341 330 344,0.99 1 1 1 0.96 1 1 1 1 0.93 0.89 1 0.95 1 1 1 1 1 1 1 1 1 1 0.94 1 1 1 1 1 1 0.99 1 0.99 1 1 1 1 1 0.95 1 1,whirlwind8 lunar_brand8 great_herd8 thousand_cuts8 razorgale8 reckoning8 | momentum3 grave_call2 blood_scent1 iron_vow1 perennial5 serration4 fleetfoot2 warding2 fortune4 pack_leader1 expanse3
91,deft,8959,reaver,gyre_axes,leap,1,kerchiefs,none,1,1,30.96,1,44.67,footpad,25,43481,75,83,1.86,0.000,0.318,45524,57.8,0.000,3,3,arcane_overflow spirit_companion,Kerchief Footpad:4438 Kerchief Bruiser:2306 Kerchief Enforcer:1048 firepot:886,7 13 16 21 23 26 29 31 33 35 36 38 40 40 42 44 45 46 47 49 50 51 52 53 55 56 57 58 60 60 61 62 63 64 66 67 67 68 70 71 72 73 73 75,37 42 51 65 74 70 78 78 83 105 123 124 123 126 126 154 136 174 151 153 138 153 122 194 172 192 150 144 226 170 55 181 211 173 194 305 262 271 345 345 360 352 370 378,1 1 1 1 1 0.96 0.96 1 1 0.94 1 1 1 1 1 0.95 0.9 1 1 1 1 1 1 0.97 1 1 1 1 1 1 1 1 1 1 1 1 1 0.77 1 1 1 0.88 1 0.88,reavers_wheel8 steel_flurry8 fallen_star8 thornbloom8 plaguebloom8 rend_and_mend8 | arcane_overflow1 pyre_burst1 grave_call2 plague_bearer1 blood_scent1 pack_leader1 spirit_companion1 fleetfoot5 vitality5 serration4 expanse5 precision5 perennial5 butchers_mark1
92,deft,16878,reaver,butchers_cleaver,warcry,1,kerchiefs,none,1,0,,1,30.37,enforcer,14,25311,60,67,2.21,0.000,0.000,45524,22.0,0.259,3,2,stormborn momentum,Kerchief Enforcer:862 firepot:755 Kerchief Footpad:727 burning ground:428,6 14 16 18 20 25 27 30 31 33 34 37 38 39 40 42 44 44 46 48 48 50 52 53 54 55 57 58 59 60,37 47 52 58 71 78 79 80 90 103 111 114 138 106 123 137 130 170 123 132 147 149 149 192 143 197 146 145 152 153,1 1 1 1 1 0.93 1 1 1 0.97 1 1 1 0.91 1 0.95 1 0.91 1 1 1 1 1 1 1 1 1 0.81 0.85 1,bonesplitter8 reavers_wheel8 great_herd8 moonfall8 plaguebloom8 skybreak8 | stormborn1 grave_call2 butchers_mark1 pack_leader1 plague_bearer1 momentum1 serration2 might3 haste1 perennial4 greed2 precision1 static_charge1
93,deft,24797,reaver,gyre_axes,warcry,1,kerchiefs,none,1,1,30.98,1,42.22,pillager,23,36421,70,78,1.85,0.000,0.647,45524,58.7,0.000,3,2,restless_hands spirit_companion,Kerchief Footpad:4807 Kerchief Bruiser:2601 firepot:753 Kerchief Enforcer:678,6 14 17 20 23 24 26 29 32 33 35 36 38 39 41 42 43 45 46 47 49 50 51 52 53 54 56 57 58 59 60 61 62 63 64 65 66 67 68 69 69 70,40 39 59 57 69 73 88 94 99 79 125 127 141 134 143 162 166 182 165 147 167 206 188 210 236 173 163 160 194 233 50 275 292 297 248 298 320 320 328 345 347 365,1 1 1 1 0.96 1 0.98 0.96 1 1 1 1 1 1 0.99 1 1 1 1 1 1 1 1 1 1 1 1 1 1 1 0.9 1 1 1 1 0.87 1 1 1 1 1 0.68,reavers_wheel8 verdant_gaze8 moonfall8 tether_of_anguish8 great_herd8 everbloom8 | restless_hands1 plague_bearer1 dread_command1 pack_leader1 grave_call1 soul_harvest1 spirit_companion2 perennial5 recovery4 thorns5 expanse5 serration4 greed5 dark_bargain1
94,deft,32716,reaver,butchers_cleaver,leap,1,kerchiefs,none,1,1,30.54,0,45.00,,0,36254,79,87,1.93,0.154,0.507,45524,32.5,0.000,1,3,ember_tithe bloodthirst,Kerchief Footpad:2481 Kerchief Bruiser:2023 firepot:1718 burning ground:814,10 14 19 22 25 27 29 31 33 35 37 38 39 41 42 43 44 46 46 48 49 50 51 53 54 56 57 59 60 61 62 64 65 66 68 69 71 72 73 74 76 76 77 78 79,37 39 58 59 70 78 89 92 102 108 96 132 127 140 122 155 163 162 178 160 199 198 207 223 211 201 244 246 263 204 203 291 296 287 283 309 296 333 294 348 346 354 395 362 390,1 1 1 1 1 0.96 0.89 1 1 0.97 1 1 1 0.94 1 1 1 1 1 0.94 1 1 1 1 1 1 1 1 1 0.9 1 1 1 1 1 1 0.98 1 1 1 1 1 1 1 0.72,bonesplitter8 pyre_of_faith8 glacier_spear8 great_herd8 rend_and_mend8 soul_siphon8 | ember_tithe1 consecration1 fracture1 sanctify1 dread_command1 blood_scent1 bloodthirst1 recovery4 searing4 perennial5 might5 dark_bargain1 expanse5 velocity3 deep_chill1
95,deft,40635,reaver,gyre_axes,leap,1,kerchiefs,none,1,1,30.79,0,45.00,,0,32178,69,76,1.69,0.169,0.656,45524,47.6,0.000,2,2,hunters_mark restless_hands,Kerchief Footpad:2475 Kerchief Bruiser:1676 firepot:1456 burning ground:509,9 13 16 19 21 22 26 27 28 31 32 33 36 37 39 40 42 42 44 45 46 48 48 50 51 53 54 56 57 59 59 60 62 63 64 65 66 66 67 67 68 68 69 69 69,37 50 54 59 67 75 86 96 81 109 122 117 137 146 141 138 166 163 165 182 192 205 215 225 202 226 234 210 221 189 177 251 302 288 289 324 306 321 325 344 351 347 351 373 407,0.97 1 1 1 0.97 1 0.95 0.96 0.86 1 1 1 1 1 0.92 0.93 1 1 1 1 1 1 0.82 1 1 1 0.92 0.89 1 1 0.84 1 0.88 0.83 0.69 0.8 0.97 1 1 1 0.39 1 1 0.98 1,reavers_wheel8 thousand_cuts8 temple_breaker8 arrowfall8 everbloom8 glacier_spear8 | hunters_mark2 grave_call2 pack_leader1 dread_command1 restless_hands1 thorns2 velocity3 evasion4 greed5 perennial5 serration4 dark_bargain1
96,deft,1062,reaver,butchers_cleaver,leap,2,pack,none,4,1,30.61,0,45.00,,0,38528,77,85,1.89,0.227,0.270,75792,36.7,0.000,3,2,iron_vow duelists_grace,blast:2256 Thicket Tusker:1910 Longtooth Wolf:1476 Greymuzzle:1095,4 14 18 22 25 28 30 31 34 35 36 37 39 40 42 43 45 45 46 48 49 50 51 53 54 56 57 59 60 62 62 64 65 66 67 69 69 70 72 73 74 74 76 76 77,43 50 55 61 74 89 85 97 90 116 125 137 145 153 134 158 180 177 219 184 229 216 203 255 157 216 197 218 216 192 270 271 279 281 325 295 325 375 317 382 392 390 383 397 431,1 1 1 1 1 1 1 1 1 1 1 1 1 1 1 0.98 1 0.92 1 1 1 1 1 0.93 0.92 0.96 1 1 1 1 1 1 1 1 1 0.91 0.65 1 1 1 0.96 1 1 0.58 1,bonesplitter8 reckoning8 gyrestorm8 iron_palms8 steel_flurry8 ruin_bolt8 | iron_vow2 dark_bargain1 blood_scent1 grave_call2 soul_harvest1 duelists_grace1 wisdom4 might5 ferocity4 fleetfoot5 precision5 velocity3 butchers_mark1
97,deft,8981,reaver,gyre_axes,leap,2,pack,none,4,1,30.58,1,43.91,wolf_blighted,26,43304,73,81,1.84,0.000,0.249,75792,34.9,0.000,3,3,iron_vow iron_vow,Longtooth Wolf:4521 Thicket Tusker:2901 Greymuzzle:2871 blast:2688,7 13 18 22 23 25 28 30 33 34 36 37 38 40 41 43 44 45 46 47 48 50 51 52 53 54 55 56 58 59 59 60 61 62 63 64 65 66 67 68 70 71 72,49 51 48 67 72 94 92 107 83 122 126 74 111 193 167 152 168 162 190 120 171 228 135 221 164 166 254 221 150 178 178 242 281 276 286 285 367 208 325 368 307 399 399,1 1 1 1 1 1 1 0.99 1 1 1 1 0.95 1 1 1 1 1 1 0.9 0.82 1 1 1 1 1 1 1 1 1 1 1 1 1 1 1 0.92 0.68 1 1 1 0.89 0.44,gyrestorm8 razorgale8 harrowing8 soul_siphon8 circle_of_dawn8 tempest_coil8 | iron_vow2 grave_call3 static_charge1 consecration1 dread_command2 expanse5 ferocity4 serration4 haste5 recovery4 fleetfoot5
98,deft,16900,reaver,butchers_cleaver,warcry,2,pack,none,4,1,30.60,0,45.00,,0,43691,72,80,1.78,0.083,0.304,75792,36.0,0.000,3,2,stormborn restless_hands,Longtooth Wolf:4499 Thicket Tusker:3218 blast:3122 Greymuzzle:1536,9 15 20 24 26 28 30 32 33 34 36 38 39 39 41 42 44 45 46 48 49 50 51 52 53 54 55 56 58 59 59 60 62 63 64 65 66 66 67 68 69 70 71 71 72,39 55 50 51 66 76 89 108 92 103 134 122 123 130 108 115 116 129 197 177 175 179 206 152 169 182 176 200 176 199 206 310 164 212 224 345 339 356 376 327 400 374 375 407 405,1 0.98 1 1 1 1 0.94 1 1 1 0.98 0.95 1 0.99 1 1 0.87 0.99 1 1 0.76 1 0.99 1 1 0.98 1 1 0.95 1 1 1 1 1 1 0.92 1 1 0.92 1 0.58 1 0.9 1 0.7,whirlwind8 thunder_palm8 rend_and_mend8 predators_volley8 plaguebloom8 starseeker8 | stormborn1 blood_scent1 soul_harvest1 grave_call3 butchers_mark1 storm_caller1 restless_hands1 recovery4 precision3 fleetfoot4 perennial5 haste5 serration4
99,deft,24819,reaver,gyre_axes,warcry,2,pack,none,4,1,30.59,0,45.00,,0,43936,74,82,1.82,0.773,0.883,75792,35.6,0.000,0,3,bloodthirst momentum,blast:4235 Thicket Tusker:1791 Longtooth Wolf:1478 Greymuzzle:679,7 16 20 22 25 27 27 30 32 33 35 36 38 38 39 40 42 43 44 45 47 48 49 50 51 53 54 55 56 57 58 59 60 61 62 64 64 66 67 68 69 70 71 73 74,45 51 56 51 78 86 100 102 116 111 131 142 129 123 166 179 120 131 170 154 220 166 160 191 161 216 195 190 157 187 213 190 185 227 271 252 284 229 230 390 358 318 316 315 382,1 1 1 1 1 1 1 1 1 1 1 0.97 1 0.98 1 1 1 0.96 1 1 1 1 1 1 1 1 1 1 1 1 1 1 1 1 1 1 1 1 1 1 1 0.96 1 1 1,gyrestorm8 circle_of_dawn8 thousand_cuts8 thunder_palm8 aegis_wheel8 hallowed_ring8 | bloodthirst2 consecration1 soul_harvest1 pack_leader1 momentum1 blood_scent1 haste5 vitality5 expanse5 perennial5 sanctify1 ferocity4 serration4 storm_caller1
100,deft,32738,reaver,butchers_cleaver,leap,2,pack,none,4,1,30.50,0,45.00,,0,42149,78,86,1.91,0.555,0.808,75792,30.0,0.000,0,2,hunters_mark momentum,blast:2928 Longtooth Wolf:1053 Thicket Tusker:405 Blight-Sick Wolf:307,7 15 19 23 26 28 30 32 34 35 37 37 39 41 43 44 45 47 48 49 50 52 53 54 55 57 58 59 60 61 62 64 65 66 68 69 70 72 73 74 75 76 76 77 78,46 45 56 53 66 85 81 88 111 63 127 118 137 132 115 108 147 155 105 95 137 117 118 99 113 130 130 152 162 115 116 180 203 186 201 317 355 377 351 382 391 399 404 395 399,0.94 1 1 1 1 1 1 0.94 1 0.96 0.98 1 1 1 1 0.96 1 1 0.96 1 1 1 1 1 1 1 1 1 1 1 1 1 1 1 1 1 1 1 1 1 1 1 1 1 0.91,cleaver8 verdant_lance8 thousand_cuts8 hailwheel8 glacier_spear8 mote_cascade8 | hunters_mark3 deep_chill1 plague_bearer1 dark_bargain1 momentum1 chilling3 velocity3 duplicity3 serration4 wisdom4 greed5 blood_scent1 grave_call1
101,deft,40657,reaver,gyre_axes,leap,2,pack,none,4,1,31.20,0,45.00,,0,43720,77,85,1.89,0.441,0.656,75792,71.7,0.000,0,3,duelists_grace ember_tithe,Longtooth Wolf:3478 blast:2769 Thicket Tusker:2694 Blight-Sick Wolf:1626,8 15 17 22 25 28 29 31 32 35 36 38 39 41 42 44 45 47 48 49 51 52 53 55 56 57 58 59 60 61 62 63 64 65 66 68 69 70 71 72 73 74 75 76 77,49 45 57 61 62 88 101 82 96 101 132 98 100 142 137 146 110 111 146 109 156 132 181 166 141 129 151 148 199 157 39 200 212 184 286 311 357 199 348 283 380 388 357 354 454,1 1 1 1 0.97 1 1 1 1 0.97 1 1 0.99 0.97 1 0.96 1 0.88 0.94 1 0.96 0.92 1 1 0.96 0.96 1 1 0.96 1 1 0.96 1 0.91 1 1 1 1 1 1 0.97 1 1 1 1,axe_gyre8 rend_and_mend8 circle_of_dawn8 fallen_star8 hailwheel8 plaguebloom8 | duelists_grace1 emberseekers1 kindling1 grave_call1 sanctify1 pack_leader1 ember_tithe1 vitality5 expanse5 perennial5 fleetfoot5 plague_bearer1 chilling3 recovery4 pyre_burst1
102,deft,1065,reaver,butchers_cleaver,leap,2,dead,none,4,1,40.96,0,45.00,,0,15427,46,52,1.16,0.242,0.242,61217,657.8,0.000,3,2,cinderwake cinderwake,bolt_bone:3310 frost_orb:632 Risen Shieldman:307 Risen:279,2 3 6 8 10 13 16 17 18 19 21 23 25 26 26 28 30 31 32 33 33 34 35 36 38 38 39 41 41 42 43 43 44 44 44 45 45 45 45 45 45 46 46 46 46,44 43 57 64 73 90 91 96 108 118 120 134 148 157 158 172 178 183 189 200 212 223 233 237 251 250 276 270 297 289 97 92 155 162 165 167 167 165 154 152 191 387 396 404 394,1 1 1 1 1 1 1 0.98 1 0.99 1 1 0.9 1 0.99 1 1 1 1 1 1 1 1 0.95 0.93 1 1 1 0.71 0.96 0.82 1 1 1 1 0.76 0.98 1 1 1 1 0.93 1 1 1,cleaver8 axe_gyre8 reaving_arc8 gale_chakram8 verdant_lance8 deepwinter8 | cinderwake2 blood_scent1 dark_bargain1 deep_chill1 plague_bearer1 grave_call1 haste2
103,deft,8984,reaver,gyre_axes,leap,2,dead,none,4,1,32.06,1,42.90,barrow_knight,26,21392,51,57,1.33,0.000,0.205,61217,123.6,0.000,3,2,iron_vow iron_vow,Barrow Knight:1371 bolt_bone:664 frost_orb:219 Risen Shieldman:77,4 9 11 13 15 17 19 20 22 24 25 26 27 29 29 31 32 32 33 35 36 37 38 39 40 40 41 42 43 44 44 45 45 46 46 47 48 48 49 49 49 50,41 49 53 62 75 86 94 97 109 119 123 133 145 159 159 164 177 184 195 220 212 220 231 240 249 268 271 277 283 289 78 85 315 317 337 357 379 357 366 367 411 391,1 1 1 1 1 1 1 1 1 1 1 1 1 1 1 1 1 1 1 0.99 1 1 1 1 1 1 1 1 1 1 1 0.93 1 1 1 0.97 1 1 0.69 1 1 1,reavers_wheel8 pyre_of_faith8 spirit_herd8 thunder_palm8 volley8 circle_of_dawn8 | iron_vow3 sanctify1 consecration1 pack_leader1 dread_command1 serration3 haste1 vitality2 searing1 greed1
104,deft,16903,reaver,butchers_cleaver,warcry,2,dead,none,4,0,,1,30.23,barrow_knight,16,18310,50,56,1.85,0.000,0.000,61217,13.6,0.557,3,2,ember_tithe stormborn,bolt_bone:2548 Barrow Knight:1236 frost_orb:274 Risen Shieldman:21,3 7 11 14 16 18 20 21 24 25 27 28 30 31 33 33 35 37 38 39 40 41 42 43 45 45 46 47 48 49,52 43 57 65 76 84 91 100 110 121 126 134 138 152 156 174 178 152 207 206 227 218 192 220 186 240 259 292 266 246,0.98 1 1 1 1 1 1 1 1 0.96 1 1 1 0.92 1 1 1 0.94 0.92 1 1 1 0.95 1 1 0.95 1 0.95 0.95 1,bonesplitter8 axe_gyre8 pyre_of_faith8 sunbreak8 iron_palms8 skybreak8 | ember_tithe1 sanctify1 butchers_mark1 storm_caller1 static_charge1 stormborn1 consecration1 precision1 searing1 might1 evasion1
105,deft,24822,reaver,gyre_axes,warcry,2,dead,none,4,1,32.35,0,45.00,,0,24462,54,61,1.36,0.507,0.599,61217,141.2,0.000,0,3,bloodthirst bloodthirst,bolt_bone:5371 frost_orb:1226 Barrow Knight:978 Risen:401,6 8 11 13 15 16 19 20 23 23 25 27 28 29 30 31 32 33 34 35 36 37 37 38 39 39 40 40 41 42 42 43 43 45 45 46 47 48 49 50 51 52 52 53 54,42 49 53 69 73 81 89 103 111 113 124 141 143 157 160 174 172 170 194 219 221 219 235 244 249 258 265 289 290 289 92 61 326 321 368 341 351 362 377 373 377 387 402 380 392,1 1 1 1 0.98 1 1 0.99 1 1 1 1 1 1 1 1 1 1 1 0.96 1 1 1 1 1 1 1 0.95 1 1 1 1 1 1 0.92 1 1 1 1 1 1 1 1 0.98 1,gyrestorm8 living_flame8 glacier_spear8 dawnpulse8 thunder_palm8 grave_tether8 | bloodthirst2 pyre_burst1 grave_call2 sanctify1 shatter1 velocity1 haste1 perennial2 ferocity3 fleetfoot1 ironhide5 deep_chill1
106,deft,32741,reaver,butchers_cleaver,leap,2,dead,none,4,1,30.92,1,42.18,grave_caller,24,23265,51,57,1.35,0.000,0.287,61217,55.2,0.000,3,2,cinderwake duelists_grace,bolt_bone:3345 Barrow Knight:920 frost_orb:678 Risen Shieldman:236,6 9 12 14 15 18 20 21 23 24 25 26 28 29 30 31 32 33 34 35 36 37 37 38 39 40 41 41 42 42 43 44 45 46 47 48 49 49 50 50 50 51,38 48 53 62 78 84 84 106 106 111 127 133 141 152 150 176 176 199 194 200 208 223 228 235 249 263 256 269 286 287 135 325 316 331 347 360 345 358 364 384 382 396,1 1 1 1 0.96 1 1 1 1 1 0.43 0.95 1 1 1 0.97 1 1 0.96 0.97 1 1 0.9 0.86 1 1 1 1 1 1 0.96 1 1 0.94 1 1 1 1 1 0.9 1 0.4,bonesplitter8 cinderfall8 glacier_spear8 aegis_wheel8 thunder_palm8 reavers_wheel8 | cinderwake2 blood_scent1 kindling1 emberseekers1 duelists_grace1 deep_chill1 velocity2 might1 ironhide1 haste1 serration1 expanse1
107,deft,40660,reaver,gyre_axes,leap,2,dead,none,4,1,34.73,0,45.00,,0,32466,58,65,1.44,0.684,0.684,61217,283.7,0.000,0,2,arcane_overflow arcane_overflow,bolt_bone:3438 frost_orb:740 Risen:216 Risen Shieldman:189,3 9 11 13 16 18 20 22 24 25 26 28 28 30 31 32 34 35 36 37 38 40 41 41 43 43 45 46 47 47 48 48 49 49 49 50 51 52 53 54 55 56 57 57 58,44 44 54 66 71 92 96 96 105 122 131 144 142 155 120 165 183 186 190 197 226 214 235 205 211 266 259 284 284 252 68 57 65 61 309 318 335 343 368 330 388 385 411 415 393,1 1 1 1 1 1 1 1 1 1 1 1 1 0.92 0.96 1 1 1 1 1 1 0.95 1 1 0.95 1 1 1 1 0.8 1 1 1 1 0.93 1 1 1 1 1 1 1 1 1 1,axe_gyre8 gale_chakram8 glacier_spear8 rend_and_mend8 verdant_lance8 everbloom8 | arcane_overflow3 grave_call1 deep_chill1 plague_bearer1 shatter1 fracture1 thorns1 greed4 vitality4 duplicity2 velocity3 perennial2
108,deft,1068,reaver,butchers_cleaver,leap,2,lamplings,none,4,1,30.45,0,45.00,,0,48134,64,71,1.58,0.196,0.196,67047,27.0,0.000,1,4,glass_cannon glass_cannon,Lampling Tunneler:2396 blast:1611 firepot:1375 burning ground:427,5 11 14 18 20 22 24 25 26 27 29 31 32 33 35 36 37 38 39 39 40 41 42 43 44 45 46 47 48 49 50 51 52 53 54 55 55 57 58 58 60 60 61 62 64,42 50 64 56 71 89 98 82 86 92 98 104 92 95 103 80 114 98 118 84 121 112 126 98 108 146 138 96 157 145 142 156 148 159 162 225 166 165 174 177 240 405 310 298 285,1 1 1 1 1 0.95 1 1 1 1 0.93 1 0.94 1 1 1 1 1 1 1 1 1 1 1 1 1 1 1 1 1 0.83 1 1 1 1 1 0.99 0.99 0.81 1 0.97 0.81 1 0.7 0.63,whirlwind8 cinderfall8 sunlance8 arrowfall8 aegis_wheel8 tether_of_anguish8 | glass_cannon2 pyre_burst1 grave_call2 plague_bearer1 kindling1 velocity3 wisdom4 vitality5 fleetfoot5 searing4 evasion3 sanctify1
109,deft,8987,reaver,gyre_axes,leap,2,lamplings,none,4,1,31.36,0,45.00,,0,46851,63,70,1.56,0.327,0.707,67047,81.8,0.000,1,3,glass_cannon duelists_grace,blast:3086 Lampling Tunneler:2405 firepot:888 burning ground:196,9 13 15 17 20 22 25 27 28 29 31 33 34 35 36 37 38 39 40 41 42 43 44 45 46 46 48 48 49 50 50 51 52 53 53 54 55 56 57 58 59 60 61 62 63,47 52 58 42 61 74 71 78 79 81 127 101 100 82 87 113 145 131 162 92 106 130 124 114 177 227 135 201 125 158 28 170 175 195 243 317 248 348 246 175 290 268 395 216 236,1 1 1 1 1 0.98 1 1 1 1 1 1 1 1 1 0.93 0.99 1 1 1 1 1 1 1 1 1 0.88 1 1 1 1 1 1 0.83 1 1 0.89 1 1 1 1 1 1 0.56 1,reavers_wheel8 thunder_palm8 razorgale8 volley8 thousand_cuts8 rend_and_mend8 | glass_cannon1 soul_harvest1 grave_call2 dark_bargain1 duelists_grace1 butchers_mark1 duplicity3 vitality5 serration4 might5 haste5 searing4 consecration1
110,deft,16906,reaver,butchers_cleaver,warcry,2,lamplings,none,4,1,31.01,0,45.00,,0,45766,60,67,1.49,0.292,0.323,67047,60.6,0.000,2,3,restless_hands spirit_companion,Lampling Tunneler:5036 firepot:1735 blast:1453 burning ground:453,5 12 15 18 19 22 23 26 27 28 29 31 32 33 34 35 37 38 39 40 41 41 42 43 44 45 46 46 47 48 49 49 50 51 52 53 54 55 56 56 57 58 59 59 60,39 44 62 55 59 65 75 97 94 119 99 106 99 146 118 151 104 99 133 128 113 146 154 130 179 195 215 188 149 120 37 208 239 140 162 261 274 173 279 256 381 401 399 396 394,1 1 1 1 1 0.92 1 1 1 0.97 1 1 1 1 0.97 1 0.94 0.87 0.94 0.95 0.95 0.96 0.93 1 0.91 1 0.95 1 1 0.94 1 1 1 0.99 1 1 0.88 0.88 1 0.95 1 0.72 1 0.99 0.69,whirlwind8 great_herd8 circle_of_dawn8 verdant_gaze8 arrowfall8 arcweb8 | restless_hands1 plague_bearer1 grave_call1 dread_command1 blood_scent1 spirit_companion2 butchers_mark1 perennial4 velocity2 evasion2 ferocity3 ironhide3 recovery1
111,deft,24825,reaver,gyre_axes,warcry,2,lamplings,none,4,1,30.59,0,45.00,,0,48370,61,68,1.51,0.258,0.746,67047,35.1,0.000,2,4,duelists_grace hunters_mark,Lampling Tunneler:8434 firepot:1918 blast:1902 burning ground:474,9 14 16 19 21 24 25 27 28 30 31 32 33 34 36 36 38 38 39 40 41 42 43 44 45 46 46 47 48 49 49 50 51 52 53 54 54 55 56 57 58 59 60 60 61,48 52 52 43 52 65 91 73 62 60 84 73 77 83 74 94 102 101 78 110 112 87 118 96 123 134 121 140 116 148 152 125 143 165 161 161 187 191 174 245 241 190 286 192 255,1 1 1 1 1 1 1 1 1 1 0.98 1 1 0.94 1 1 1 1 1 1 1 1 0.94 1 0.94 1 1 0.96 0.95 1 1 1 1 1 1 0.94 0.89 1 1 0.92 1 1 1 1 0.91,reavers_wheel8 skybreak8 great_herd8 soul_siphon8 rend_and_mend8 plaguebloom8 | duelists_grace1 static_charge1 dread_command1 storm_caller1 plague_bearer1 hunters_mark2 vitality5 recovery2 perennial2 serration4 precision3 pack_leader1 velocity1
112,deft,32744,reaver,butchers_cleaver,leap,2,lamplings,none,4,1,31.47,0,45.00,,0,45374,60,67,1.49,0.632,0.847,67047,88.4,0.000,0,3,iron_vow stormborn,blast:1035 Lampling Tunneler:395 firepot:307 burning ground:175,6 11 15 18 20 23 24 26 28 29 31 32 33 34 35 36 37 38 39 40 41 41 43 44 44 45 46 47 47 49 49 49 50 51 52 53 54 55 55 56 57 57 59 59 60,39 49 57 51 74 74 73 85 67 60 94 96 105 97 91 117 123 90 95 120 119 103 119 113 154 117 126 121 131 139 31 173 175 234 160 144 205 157 160 337 386 406 254 348 405,1 1 1 1 1 1 1 1 1 1 1 1 1 1 1 0.97 1 1 0.95 1 1 1 1 0.94 1 1 1 0.96 1 1 1 1 1 0.91 0.97 1 1 0.85 1 1 1 1 1 1 1,whirlwind8 reaving_arc8 dawnpulse8 blightfield8 deepwinter8 reavers_wheel8 | iron_vow2 plague_bearer1 consecration1 fracture1 deep_chill1 stormborn1 sanctify1 haste3 fleetfoot4 warding1 duplicity2 searing4 serration4
113,deft,40663,reaver,gyre_axes,leap,2,lamplings,none,4,1,30.68,0,45.00,,0,47434,61,68,1.51,0.202,0.348,67047,41.0,0.000,3,4,duelists_grace hunters_mark,"Lampling Tunneler:5839 blast:2228 firepot:1072 Grimtunnel, Roused:354",6 10 13 17 20 23 24 26 27 29 30 31 33 33 35 36 37 38 39 39 40 41 42 43 44 45 46 47 47 48 49 50 51 51 52 53 54 55 56 57 57 58 59 60 61,46 46 59 64 61 82 75 89 86 74 84 95 77 77 89 111 103 94 149 132 101 156 128 121 166 119 122 121 194 144 134 145 143 150 176 236 216 265 203 165 253 225 178 237 218,1 1 1 1 1 1 0.99 1 1 0.99 1 1 0.94 1 1 1 1 1 1 0.94 1 1 1 0.92 0.96 1 1 1 0.99 1 1 1 1 1 1 1 1 1 1 0.87 0.98 1 1 0.87 1,reavers_wheel8 living_flame8 rend_and_mend8 thousand_cuts8 starseeker8 plaguebloom8 | duelists_grace2 pyre_burst1 plague_bearer1 blood_scent1 hunters_mark2 recovery2 might2 serration1 perennial5 precision1 emberseekers1 fortune2
114,deft,1071,reaver,butchers_cleaver,leap,2,kerchiefs,none,4,1,30.75,1,36.98,enforcer,20,29273,67,74,2,0.000,0.288,69962,45.1,0.000,3,2,cinderwake momentum,Kerchief Enforcer:2189 Kerchief Bruiser:964 firepot:818 Kerchief Footpad:736,4 12 16 20 22 26 27 30 32 33 35 36 37 38 38 40 41 43 44 45 46 48 49 51 52 54 55 57 58 59 60 61 62 64 65 67,39 47 56 66 74 85 93 103 117 118 129 137 140 152 171 174 147 165 197 205 214 230 175 192 176 264 226 176 206 285 225 213 244 211 174 244,1 1 1 0.99 1 1 1 1 0.95 1 1 1 1 1 0.98 1 0.76 0.92 1 1 0.91 0.92 0.93 1 0.93 0.92 1 1 1 0.97 1 1 1 1 1 1,whirlwind8 soul_siphon8 reckoning8 steel_flurry8 arrowfall8 circle_of_dawn8 | cinderwake1 blood_scent1 grave_call2 sanctify1 butchers_mark1 momentum1 consecration1 expanse5 fortune4 fleetfoot2 ferocity2 recovery4 velocity1
115,deft,8990,reaver,gyre_axes,leap,2,kerchiefs,none,4,1,30.98,1,40.39,bruiser,22,34443,72,80,1.98,0.000,0.293,69962,58.9,0.000,3,2,momentum restless_hands,Kerchief Bruiser:4468 Kerchief Footpad:2714 Kerchief Enforcer:836 firepot:565,9 17 20 24 25 29 30 33 34 36 38 40 41 42 44 45 46 48 49 50 52 53 54 55 56 57 59 60 61 63 63 64 65 66 68 68 69 70 71 72,44 47 58 69 68 82 91 81 89 98 112 142 143 158 152 172 175 153 180 172 169 169 173 166 213 252 249 196 196 207 63 244 241 332 335 345 358 371 374 376,1 1 0.97 1 1 1 1 1 1 1 1 1 1 1 1 1 1 0.95 0.9 1 1 1 1 1 1 1 1 1 1 1 1 1 1 0.95 1 0.89 1 1 1 1,reavers_wheel8 verdant_gaze8 soul_siphon8 great_herd8 razorgale8 thousand_cuts8 | momentum1 plague_bearer1 grave_call2 blood_scent1 pack_leader1 dread_command1 restless_hands1 perennial5 evasion4 recovery4 velocity3 serration4 wisdom4 butchers_mark1
116,deft,16909,reaver,butchers_cleaver,warcry,2,kerchiefs,none,4,1,30.40,1,35.67,enforcer,20,31952,68,75,2.1,0.000,0.018,69962,24.2,0.000,3,2,glass_cannon stormborn,firepot:1613 Kerchief Enforcer:1238 burning ground:904 Kerchief Bruiser:433,5 12 16 19 24 27 29 31 33 35 36 38 40 42 43 44 46 47 48 49 49 50 52 53 55 56 57 59 60 61 62 64 65 66 67,42 52 50 70 76 87 97 92 108 105 131 144 143 159 145 170 147 146 164 157 181 177 167 214 162 158 163 174 156 184 234 263 202 211 226,1 1 1 1 1 1 1 1 1 1 0.94 1 1 1 0.95 1 1 0.97 1 0.98 1 1 1 1 1 1 1 1 0.77 1 1 1 1 1 1,bonesplitter8 reavers_wheel8 rend_and_mend8 sunbreak8 living_flame8 steel_flurry8 | glass_cannon1 consecration1 blood_scent1 sanctify1 pyre_burst1 butchers_mark1 stormborn1 might4 vitality3 fleetfoot3 perennial5 serration3 kindling1 wisdom2
117,deft,24828,reaver,gyre_axes,warcry,2,kerchiefs,none,4,1,30.17,0,45.00,,0,48131,84,92,2.04,0.095,0.649,69962,10.0,0.000,3,4,glass_cannon glass_cannon,Kerchief Enforcer:1213 firepot:1029 burning ground:399 Kerchief Bruiser:243,9 16 20 24 26 30 32 33 35 37 39 40 41 43 45 46 48 49 50 51 53 54 55 57 58 59 61 62 63 64 66 67 68 69 70 72 73 74 76 77 78 80 81 82 84,48 52 53 50 67 82 99 75 77 72 87 123 118 143 138 110 88 110 116 101 77 109 113 103 126 140 103 111 139 114 163 167 126 132 181 205 197 216 317 217 252 185 237 241 241,1 1 1 1 1 1 1 1 1 1 1 1 0.91 1 1 1 1 0.9 1 1 1 1 1 1 1 1 1 1 1 1 0.99 1 1 1 1 1 1 1 1 1 0.98 1 1 1 1,gyrestorm8 sanctified_earth8 aegis_wheel8 deathcoil8 fallen_star8 soul_siphon8 | glass_cannon2 sanctify1 kindling1 pyre_burst1 consecration1 emberseekers1 duplicity3 greed5 ironhide5 recovery4 ferocity4 expanse5 dark_bargain1 soul_harvest1
118,deft,32747,reaver,butchers_cleaver,leap,2,kerchiefs,none,4,1,30.57,0,45.00,,0,41706,75,83,1.84,0.593,0.743,69962,34.3,0.000,0,3,arcane_overflow hunters_mark,firepot:1300 Kerchief Footpad:1071 Kerchief Enforcer:387 burning ground:385,2 10 16 18 23 27 28 29 30 32 35 37 38 40 42 43 44 46 48 49 50 52 53 54 56 57 58 59 61 62 62 63 64 65 67 68 69 70 71 71 72 73 73 74 75,53 53 50 70 76 87 99 103 109 111 129 146 158 163 125 173 160 142 139 141 158 158 148 161 166 186 200 197 184 150 170 220 230 270 259 273 340 338 381 326 322 373 413 402 393,0.98 1 1 1 1 1 0.99 0.92 0.96 1 0.87 0.98 0.92 1 1 1 1 1 1 1 1 1 1 1 1 1 1 1 1 1 1 1 1 1 1 1 1 1 1 0.9 1 1 1 1 1,whirlwind8 sunlance8 glacier_spear8 knifestorm8 soul_siphon8 thunder_palm8 | arcane_overflow1 plague_bearer1 deep_chill1 shatter1 fracture1 blood_scent1 hunters_mark3 velocity3 ironhide5 recovery4 ferocity4 haste5 searing4
119,deft,40666,reaver,gyre_axes,leap,2,kerchiefs,none,4,1,30.42,1,35.73,enforcer,20,32020,69,76,2.13,0.000,0.238,69962,25.2,0.000,2,2,cinderwake glass_cannon,firepot:1434 Kerchief Enforcer:1016 Kerchief Bruiser:860 Kerchief Footpad:617,5 10 14 17 22 25 29 31 33 35 36 37 39 40 42 44 45 47 48 49 51 51 52 53 54 55 57 59 60 61 62 64 65 66 67,44 52 56 66 77 85 86 93 110 101 133 120 141 149 116 149 160 133 127 120 205 140 148 146 195 163 164 210 175 164 139 204 182 215 193,0.99 1 1 0.98 1 1 1 1 1 1 1 0.88 1 0.95 1 0.9 1 1 1 1 1 1 1 0.87 1 1 1 1 0.97 1 1 0.9 1 1 0.81,axe_gyre8 thunder_palm8 steel_flurry8 ruin_bolt8 fallen_star8 rend_and_mend8 | cinderwake2 grave_call2 blood_scent1 pyre_burst1 kindling1 glass_cannon1 might4 recovery4 expanse3 fleetfoot3 wisdom1 haste5
120,deft,1093,reaver,butchers_cleaver,leap,3,pack,none,7,1,31.33,0,45.00,,0,26919,66,73,1.62,0.144,0.283,109671,79.9,0.000,3,1,momentum momentum,Longtooth Wolf:4816 Thicket Tusker:3213 Greymuzzle:2099 Blight-Sick Wolf:1728,3 10 17 21 25 26 29 31 32 32 34 35 38 39 39 41 42 44 45 46 46 47 48 49 50 52 53 55 55 57 57 58 59 60 61 62 62 62 63 64 64 65 66 66 66,51 51 62 71 80 88 93 114 119 135 141 149 126 168 185 192 201 215 210 210 231 236 247 259 144 280 279 250 302 179 43 340 350 369 358 373 381 404 395 387 392 404 413 393 388,1 0.98 1 1 1 1 0.97 0.96 1 0.91 1 0.91 0.96 1 1 1 1 0.96 1 0.98 1 0.96 1 0.99 0.94 1 0.99 1 1 0.97 1 1 0.97 0.98 1 1 0.79 1 1 1 1 0.88 1 1 0.89,cleaver8 rend_and_mend8 thousand_cuts8 circle_of_dawn8 reavers_wheel8 arrowfall8 | momentum3 dark_bargain1 blood_scent1 grave_call1 pack_leader1 sanctify1 serration4 velocity3 recovery3 warding3 vitality5 haste4
121,deft,9012,reaver,gyre_axes,leap,3,pack,none,7,1,30.75,0,45.00,,0,46187,79,87,1.93,0.221,0.228,109671,45.2,0.000,3,3,momentum duelists_grace,Longtooth Wolf:3543 blast:3488 Thicket Tusker:2898 Blight-Sick Wolf:1610,11 17 21 24 28 30 32 34 35 37 39 40 41 43 45 46 48 49 50 51 53 54 55 56 57 58 60 61 62 63 63 64 65 67 68 69 70 71 73 73 75 76 77 78 79,48 50 64 59 65 95 78 108 122 121 150 152 108 132 103 131 127 121 171 160 172 168 156 140 154 184 265 167 163 187 186 194 212 195 285 270 237 255 354 304 310 362 425 414 400,1 1 1 1 0.92 1 0.94 1 1 0.98 1 1 0.93 0.98 1 1 0.92 1 1 0.95 0.9 1 1 1 1 1 1 1 1 1 0.98 0.97 1 1 1 1 1 0.96 1 0.77 1 1 1 1 1,reavers_wheel8 thunder_palm8 harrowing8 thousand_cuts8 predators_volley8 plaguebloom8 | momentum3 dark_bargain1 soul_harvest1 blood_scent1 grave_call2 perennial5 serration4 duelists_grace1 precision5 velocity3 expanse5 haste5
122,deft,16931,reaver,butchers_cleaver,warcry,3,pack,none,7,0,,1,30.61,wolf_alpha,18,25727,60,67,2.19,0.000,0.000,109671,36.7,0.247,3,2,spirit_companion momentum,blast:2272 Longtooth Wolf:2011 Greymuzzle:1440 Thicket Tusker:1042,4 10 17 20 23 27 28 31 33 34 35 38 40 40 42 44 45 47 48 49 50 51 53 54 55 55 57 58 59 60,50 52 64 67 71 94 88 112 78 122 138 122 99 122 140 163 144 169 163 209 151 163 160 232 186 153 155 216 176 165,1 1 0.99 1 0.95 1 0.92 1 0.98 1 0.46 0.97 0.98 1 0.93 1 1 1 0.97 0.98 1 1 1 1 1 1 1 1 1 1,whirlwind8 iron_palms8 rend_and_mend8 gyrestorm8 plaguebloom8 circle_of_dawn8 | spirit_companion3 blood_scent1 butchers_mark1 plague_bearer1 sanctify1 momentum1 ferocity4 vitality1 fortune1 perennial3 serration1 velocity1
123,deft,24850,reaver,gyre_axes,warcry,3,pack,none,7,1,31.21,0,45.00,,0,45506,75,83,1.84,0.174,0.263,109671,72.5,0.000,3,2,duelists_grace duelists_grace,Longtooth Wolf:9210 Blight-Sick Wolf:3390 Thicket Tusker:3330 blast:2953,9 17 22 25 28 29 32 34 36 37 38 40 42 43 44 45 47 48 49 50 51 53 53 55 56 57 58 59 59 61 61 62 63 64 65 66 67 68 69 70 71 72 73 75 75,48 53 61 48 81 70 92 83 113 101 144 109 104 109 154 167 192 189 186 166 153 181 163 188 142 181 236 176 180 168 57 219 213 230 344 326 388 412 399 332 363 409 404 381 399,1 1 1 0.99 0.99 1 1 0.97 1 1 0.36 1 0.95 1 0.93 0.94 0.95 1 0.96 0.95 0.91 1 0.88 0.96 1 1 1 1 1 0.98 1 1 0.97 0.89 1 1 0.97 1 0.93 0.52 1 0.88 0.72 0.92 1,reavers_wheel8 plaguebloom8 razorgale8 rend_and_mend8 thornbloom8 tempest_coil8 | duelists_grace2 grave_call3 dread_command1 soul_harvest1 serration4 ferocity4 perennial5 recovery4 static_charge1 expanse5 vitality5 blood_scent1
124,deft,32769,reaver,butchers_cleaver,leap,3,pack,none,7,1,31.31,0,45.00,,0,32959,68,75,1.67,0.744,0.821,109671,78.6,0.000,0,2,hunters_mark restless_hands,Longtooth Wolf:2599 blast:2041 Thicket Tusker:1219 Blight-Sick Wolf:800,4 13 19 21 23 27 28 29 31 31 32 35 36 39 40 41 43 43 44 46 47 48 50 51 52 53 54 56 57 58 58 59 60 61 62 63 64 65 65 66 66 67 67 68 68,47 58 59 70 75 93 103 112 123 116 139 133 162 161 163 190 205 211 206 225 236 163 230 264 227 188 301 268 277 318 63 347 266 324 388 376 382 394 399 386 436 393 387 395 389,1 1 1 1 1 1 1 1 1 0.99 1 0.96 1 1 0.93 1 1 1 0.98 1 0.99 0.95 1 0.89 1 1 0.95 0.97 1 1 0.96 1 1 0.97 1 1 1 1 1 1 1 1 1 1 1,whirlwind8 arrowfall8 hailwheel8 grave_tether8 reavers_wheel8 sanctified_earth8 | hunters_mark2 blood_scent1 grave_call3 soul_harvest1 restless_hands1 chilling3 vitality5 serration4 velocity3 ferocity4 ironhide5
125,deft,40688,reaver,gyre_axes,leap,3,pack,none,7,1,30.77,1,41.46,wolf_alpha,27,40694,74,82,1.98,0.000,0.329,109671,45.9,0.000,3,3,duelists_grace glass_cannon,blast:4111 Longtooth Wolf:2352 Thicket Tusker:1464 Greymuzzle:1215,5 13 19 24 25 27 30 32 33 35 37 38 40 41 43 44 45 47 48 49 50 51 52 54 55 56 58 59 60 61 61 63 64 65 66 68 69 70 71 72 73,44 48 59 80 90 94 102 89 101 119 119 127 122 158 151 125 137 163 173 174 187 152 225 266 159 203 155 139 205 223 175 265 195 190 184 268 282 209 209 280 406,0.99 0.95 1 1 1 0.91 0.98 0.91 0.91 0.95 0.97 0.85 0.97 0.97 0.97 0.8 0.96 1 0.97 1 1 1 1 1 1 0.95 0.99 1 1 1 1 1 1 1 1 0.89 0.72 1 1 1 1,gyrestorm8 thousand_cuts8 circle_of_dawn8 wild_hunt8 starseeker8 temple_breaker8 | duelists_grace1 sanctify1 pack_leader1 consecration1 grave_call1 blood_scent1 glass_cannon2 evasion4 precision5 ferocity4 serration4 recovery4 dark_bargain1 fleetfoot5
126,deft,1096,reaver,butchers_cleaver,leap,3,dead,none,7,0,,0,45.00,,0,8864,41,47,1.04,0.347,0.347,88580,900.0,0.590,0,1,duelists_grace restless_hands,bolt_bone:1777 Risen:600 Barrow Knight:274 frost_orb:186,1 1 2 3 5 7 9 12 14 15 17 19 20 21 22 23 24 26 27 28 29 30 31 31 32 33 34 34 35 36 37 37 37 38 38 39 39 39 40 40 40 41 41 41 41,54 50 58 67 94 107 109 111 118 133 131 141 163 162 178 181 193 201 208 217 247 234 247 266 265 273 294 294 311 316 153 161 159 158 166 162 164 166 177 168 166 163 158 165 170,0.98 1 1 1 1 1 1 1 1 1 1 0.94 1 1 1 1 1 1 1 1 1 0.96 1 1 1 1 1 1 1 1 1 1 1 1 0.96 1 1 1 1 1 1 0.95 1 0.91 0.8,cleaver8 grave_tether8 moonbrand8 axe_gyre8 volley8 spirit_herd8 | duelists_grace3 blood_scent1 pack_leader1 restless_hands1 dark_bargain1
127,deft,9015,reaver,gyre_axes,leap,3,dead,none,7,1,30.76,0,45.00,,0,38850,62,69,1.53,0.154,0.224,88580,45.8,0.000,3,4,iron_vow glass_cannon,bolt_bone:1327 Barrow Knight:680 frost_orb:463 Risen Shieldman:271,3 7 10 13 15 18 20 23 24 25 27 29 30 32 32 33 34 36 37 38 39 40 41 43 44 45 46 47 48 49 50 51 51 52 53 54 55 56 57 58 59 60 61 62 62,51 51 65 68 84 95 103 115 118 118 146 141 171 181 173 191 175 197 219 224 229 243 206 244 249 269 248 275 319 293 265 308 327 303 234 351 326 304 415 359 334 411 382 329 407,1 1 1 1 1 1 1 1 1 1 1 1 1 1 1 1 1 1 0.99 1 0.81 1 1 1 0.93 1 1 1 1 1 1 1 1 1 1 1 1 1 1 1 1 1 1 1 0.67,axe_gyre8 steel_flurry8 hailwheel8 cinderfall8 wild_hunt8 sunbreak8 | iron_vow1 butchers_mark1 pyre_burst1 pack_leader1 sanctify1 glass_cannon2 kindling1 warding3 thorns4 might3 duplicity3 chilling2 fleetfoot5
128,deft,16934,reaver,butchers_cleaver,warcry,3,dead,none,7,0,,1,21.49,barrow_knight,14,8576,38,43,2,0.000,0.000,0,0.0,,1,1,glass_cannon spirit_companion,bolt_bone:694 Barrow Knight:362 frost_orb:126 Risen:12,2 3 3 5 6 7 9 14 15 19 20 23 25 28 29 31 32 34 36 37 38,55 49 56 66 81 86 95 111 121 128 138 154 160 167 172 191 202 210 217 224 236,1 1 1 1 0.96 1 1 1 1 1 1 1 1 1 1 1 1 1 1 1 0.87,cleaver6 reaving_arc8 axe_gyre8 knifestorm6 gale_chakram8 judgement_disc6 | glass_cannon2 blood_scent1 grave_call1 butchers_mark1 spirit_companion1
129,deft,24853,reaver,gyre_axes,warcry,3,dead,none,7,1,31.07,0,45.00,,0,26318,55,62,1.38,0.130,0.220,88580,64.2,0.000,2,2,hunters_mark bloodthirst,bolt_bone:5278 Barrow Knight:2046 frost_orb:1384 Risen:652,4 9 12 14 16 19 20 22 25 26 27 29 30 31 32 34 35 36 36 38 39 40 41 41 41 43 44 45 45 46 46 47 48 49 50 50 51 51 52 53 53 54 54 54 55,42 50 63 74 80 87 97 109 119 129 137 151 163 172 182 185 192 205 209 197 244 249 256 263 272 279 305 318 311 325 64 341 348 362 377 367 386 387 402 397 427 395 389 391 389,0.99 1 1 1 1 1 1 0.99 1 0.99 1 1 1 1 1 1 1 1 1 1 1 1 1 1 1 1 1 1 1 1 1 1 1 1 1 1 1 1 1 1 0.97 0.8 1 1 1,axe_gyre8 hailwheel8 fallen_star8 tempest_coil8 knifestorm8 tether_of_anguish8 | hunters_mark3 pyre_burst1 static_charge1 blood_scent1 bloodthirst1 greed1 evasion1 recovery4 expanse1 chilling3 perennial3 storm_caller1
130,deft,32772,reaver,butchers_cleaver,leap,3,dead,none,7,1,33.00,0,45.00,,0,25162,54,61,1.36,0.096,0.312,88580,179.9,0.000,3,2,stormborn iron_vow,Barrow Knight:1747 bolt_bone:1615 Risen:563 Risen Shieldman:537,6 9 12 14 16 19 21 22 24 25 27 27 29 31 31 34 34 36 37 38 39 40 41 42 42 43 44 45 46 47 48 48 48 49 49 50 50 51 52 52 52 53 53 54 54,52 49 60 66 73 114 92 93 114 127 136 160 136 168 186 193 173 214 204 223 241 247 233 256 239 278 256 314 290 327 58 99 76 353 382 380 402 405 395 389 391 430 386 389 396,1 1 1 1 0.99 1 1 1 1 1 1 1 1 1 1 1 1 1 1 1 1 1 1 1 1 1 1 1 1 1 1 1 1 0.99 1 1 1 1 1 1 1 0.94 0.84 0.75 0.47,whirlwind8 arrowfall8 rend_and_mend8 gale_chakram8 steel_flurry8 arcweb8 | stormborn1 soul_harvest1 storm_caller1 butchers_mark1 static_charge1 iron_vow1 pack_leader1 fleetfoot2 recovery1 fortune1 velocity2 might3 wisdom1 grave_call1
131,deft,40691,reaver,gyre_axes,leap,3,dead,none,7,0,,0,45.00,,0,10740,41,47,1.04,0.448,0.448,88580,900.0,0.495,0,1,arcane_overflow duelists_grace,bolt_bone:2450 Risen Shieldman:326 frost_orb:279 Risen:211,2 7 11 13 16 17 18 20 22 23 24 26 26 28 28 29 29 30 31 31 32 33 34 34 34 34 35 36 37 37 38 38 38 39 39 39 40 40 40 40 40 40 41 41 41,52 51 59 71 67 91 95 109 118 126 135 144 153 163 170 189 187 199 214 218 232 260 252 278 281 277 285 337 318 317 150 164 160 163 163 168 162 163 162 161 164 168 168 165 166,0.97 1 1 1 1 0.99 1 1 0.97 1 1 1 0.97 1 1 1 0.96 0.89 1 1 1 1 1 1 1 1 0.93 1 1 1 0.96 0.97 1 1 1 0.84 0.87 0.93 0.92 0.66 0.8 1 1 1 0.85,axe_gyre8 volley8 umbral_bolt8 gale_chakram8 reaving_arc8 iron_palms7 | arcane_overflow2 soul_harvest1 pack_leader1 grave_call2 duelists_grace1
132,deft,1099,reaver,butchers_cleaver,leap,3,lamplings,none,7,1,31.01,0,45.00,,0,47329,62,69,1.53,0.750,0.831,97017,60.5,0.000,0,3,restless_hands bloodthirst,blast:2516 Lampling Tunneler:1935 firepot:1047 burning ground:285,6 10 16 18 20 23 25 26 27 30 31 32 33 35 36 37 38 39 40 41 42 43 44 45 45 46 47 48 49 50 50 51 52 53 54 54 55 56 57 58 59 60 61 61 62,49 53 58 74 51 67 74 83 144 116 84 107 101 85 118 103 129 127 125 122 114 123 127 128 134 144 131 247 131 161 32 125 248 231 167 196 150 286 289 180 295 246 166 320 367,1 1 1 0.98 1 1 1 0.99 1 1 1 1 1 1 1 1 1 1 1 1 1 1 1 1 1 1 1 1 1 1 1 1 1 1 1 0.87 1 0.86 1 1 1 1 1 1 1,bonesplitter8 glacier_spear8 razorgale8 sunbreak8 skybreak8 reavers_wheel8 | restless_hands1 blood_scent1 sanctify1 static_charge1 deep_chill1 bloodthirst1 consecration1 serration4 might2 precision2 expanse3 velocity3 perennial3 dread_command1
133,deft,9018,reaver,gyre_axes,leap,3,lamplings,none,7,1,31.21,0,45.00,,0,47327,63,70,1.56,0.584,0.804,97017,72.5,0.000,0,4,restless_hands restless_hands,blast:2062 Lampling Tunneler:1271 firepot:1225 burning ground:280,6 12 16 18 21 24 26 27 29 30 31 33 34 35 36 37 38 39 40 41 42 43 44 45 46 47 47 48 49 50 50 51 52 53 54 55 55 56 57 58 59 60 61 62 63,40 52 52 73 84 71 91 76 84 78 97 113 107 88 95 159 154 136 97 97 164 115 115 122 102 117 156 134 124 145 24 176 150 173 224 194 181 218 156 173 201 249 187 211 166,1 1 1 1 1 0.95 1 0.96 1 1 1 1 0.94 1 0.89 1 1 1 1 1 1 0.93 1 1 1 1 1 1 1 1 1 0.84 1 1 1 1 1 0.91 1 1 1 1 1 1 1,reavers_wheel8 verdant_gaze8 deepwinter8 arrowfall8 wild_hunt8 tempest_coil8 | restless_hands2 shatter1 grave_call1 emberseekers1 deep_chill1 plague_bearer1 haste4 expanse2 velocity3 serration4 fleetfoot4 static_charge1 searing4
134,deft,16937,reaver,butchers_cleaver,warcry,3,lamplings,none,7,1,30.67,0,45.00,,0,47834,63,70,1.56,0.760,0.830,97017,40.4,0.000,0,4,bloodthirst hunters_mark,blast:2531 Lampling Tunneler:2004 firepot:637 burning ground:288,8 12 16 18 19 23 25 27 29 30 30 33 34 35 36 37 38 39 40 41 42 43 44 45 46 47 48 48 49 50 50 51 52 53 54 55 56 56 57 58 59 60 61 62 63,43 54 73 56 76 70 76 95 92 81 124 98 95 92 108 112 108 165 101 122 142 124 125 143 124 127 131 132 103 147 152 150 139 184 184 219 227 150 224 220 303 338 301 281 254,1 1 1 1 1 1 1 1 1 1 1 1 1 1 1 1 1 1 1 0.98 1 1 1 1 1 1 1 1 1 1 1 1 0.98 1 1 1 1 1 1 1 1 1 1 1 0.9,bonesplitter8 volley8 mote_cascade8 tempest_coil8 fallen_star8 harrowing8 | bloodthirst1 blood_scent1 kindling1 pyre_burst1 soul_harvest1 hunters_mark1 static_charge1 greed5 expanse4 duplicity3 might5 perennial5 fortune1 emberseekers1
135,deft,24856,reaver,gyre_axes,warcry,3,lamplings,none,7,1,31.09,0,45.00,,0,45582,61,68,1.51,0.463,0.869,97017,65.1,0.000,0,2,iron_vow iron_vow,Lampling Tunneler:9613 firepot:680 blast:437 Lampling Sapper:292,8 13 16 19 22 24 26 28 29 31 32 34 35 36 37 38 39 40 41 41 43 43 44 45 45 47 48 49 49 50 51 51 52 53 54 55 55 56 57 58 59 60 60 61 61,43 55 63 54 57 60 69 89 79 70 121 72 93 87 98 101 109 115 115 98 134 157 142 118 128 132 186 132 135 185 24 136 147 196 237 243 376 240 413 318 399 404 399 393 406,1 1 1 1 1 1 1 1 1 1 1 1 1 1 1 0.96 1 1 1 1 0.98 1 1 1 1 1 1 1 1 1 1 1 1 1 1 1 1 1 1 0.59 1 0.96 1 0.99 0.92,reavers_wheel8 arrowfall8 verdant_lance8 aegis_wheel8 razorgale8 deathcoil8 | iron_vow3 grave_call2 plague_bearer1 soul_harvest1 pack_leader1 velocity3 duplicity1 serration4 ferocity1 greed3 vitality2
136,deft,32775,reaver,butchers_cleaver,leap,3,lamplings,none,7,1,31.74,0,45.00,,0,45649,62,69,1.53,0.783,0.810,97017,104.5,0.000,0,3,arcane_overflow arcane_overflow,blast:2516 Lampling Tunneler:1301 firepot:325 Lampling Sapper:136,4 10 15 18 21 23 26 27 29 30 32 33 34 35 36 37 39 39 40 41 42 43 44 45 46 46 48 48 49 50 50 51 51 53 53 54 55 56 57 58 59 59 60 61 62,47 48 58 64 59 104 56 75 74 65 83 97 93 106 105 113 107 118 120 119 128 120 122 129 109 177 147 127 153 147 39 193 154 134 162 183 214 260 208 292 408 395 391 394 391,1 1 1 1 1 1 1 0.95 1 0.99 0.95 1 1 1 1 0.95 1 1 1 1 1 1 1 1 1 1 1 1 1 0.93 1 1 1 1 1 1 1 1 1 1 1 1 1 1 1,bonesplitter8 reavers_wheel8 rend_and_mend8 thunder_palm8 blightfield8 circle_of_dawn8 | arcane_overflow2 blood_scent1 soul_harvest1 plague_bearer1 pack_leader1 sanctify1 vitality5 might3 haste2 greed2 serration3 grave_call1 searing3
137,deft,40694,reaver,gyre_axes,leap,3,lamplings,none,7,1,33.72,0,45.00,,0,43361,61,68,1.51,0.763,0.877,97017,222.9,0.000,0,3,bloodthirst bloodthirst,Lampling Tunneler:2568 blast:1756 firepot:1073 Lampling Sapper:248,5 12 14 18 21 23 25 27 28 30 31 33 34 35 36 37 38 39 40 41 42 43 44 45 45 47 47 48 49 50 50 50 51 51 52 53 54 55 55 56 57 58 59 60 61,47 53 64 64 62 80 106 68 81 86 98 115 92 83 88 110 170 104 86 114 158 116 146 126 159 151 187 161 116 138 39 30 32 183 169 287 166 230 281 387 348 273 405 334 409,1 1 1 1 1 1 1 1 1 1 1 1 1 1 1 1 1 1 1 1 1 1 1 0.97 1 1 1 1 0.92 1 1 1 1 1 1 1 1 1 1 1 1 0.91 1 1 1,axe_gyre8 steel_flurry8 wild_hunt8 glacier_spear8 hailwheel8 sunlance8 | bloodthirst2 blood_scent1 plague_bearer1 grave_call1 fracture1 pack_leader1 fleetfoot2 velocity3 recovery4 duplicity2 chilling1 searing3 deep_chill1
138,deft,1102,reaver,butchers_cleaver,leap,3,kerchiefs,none,7,1,31.51,0,45.00,,0,37946,76,84,1.87,0.154,0.738,101235,90.8,0.000,3,2,spirit_companion stormborn,Kerchief Footpad:1959 Kerchief Bruiser:1346 firepot:810 Kerchief Enforcer:389,2 6 12 16 22 26 30 32 34 36 38 39 41 43 43 45 46 48 49 51 52 53 55 56 57 59 60 61 63 64 64 65 66 67 68 69 70 71 72 73 74 74 75 76 76,55 49 63 65 77 94 103 102 110 124 141 146 156 133 170 167 167 185 173 113 215 202 160 191 200 243 298 283 180 184 38 256 183 257 356 292 357 387 423 397 403 393 387 421 382,0.97 0.93 0.98 0.98 0.92 0.84 1 1 1 1 1 1 1 1 1 0.95 1 1 1 1 1 1 1 1 1 1 1 1 1 1 0.94 1 1 1 1 1 1 1 1 1 1 1 1 1 1,whirlwind8 thornbloom8 reavers_wheel8 arcweb8 glacier_spear8 living_flame8 | spirit_companion2 pack_leader1 shatter1 emberseekers1 soul_harvest1 blood_scent1 stormborn1 perennial5 greed5 velocity3 serration4 fleetfoot5 kindling1 evasion4
139,deft,9021,reaver,gyre_axes,leap,3,kerchiefs,none,7,1,31.66,0,45.00,,0,31862,73,81,1.8,0.544,0.644,101235,99.3,0.000,0,2,iron_vow iron_vow,Kerchief Footpad:4104 Kerchief Bruiser:2438 Kerchief Enforcer:647 firepot:225,7 14 16 18 21 23 27 29 30 32 34 35 36 37 39 40 41 43 45 46 48 49 51 52 53 55 55 57 59 60 60 61 62 63 64 65 67 68 68 69 70 71 72 72 73,42 47 62 70 82 91 94 113 120 127 143 146 157 158 127 180 201 207 177 166 233 254 178 220 221 211 252 194 295 220 60 270 349 273 359 284 391 269 412 394 409 454 403 393 392,1 1 1 1 1 1 1 1 1 1 1 1 1 1 1 1 1 1 1 1 1 1 1 1 1 1 1 1 1 1 1 1 1 1 1 1 1 1 1 1 0.94 1 1 1 1,reavers_wheel8 great_herd8 rend_and_mend8 circle_of_dawn8 soul_siphon8 sanctified_earth8 | iron_vow2 grave_call2 pack_leader1 sanctify1 soul_harvest1 consecration1 perennial5 vitality5 recovery4 ironhide4 serration4 warding2 butchers_mark1
140,deft,16940,reaver,butchers_cleaver,warcry,3,kerchiefs,none,7,1,31.04,1,37.92,pillager,23,28314,71,79,2.08,0.000,0.268,101235,62.6,0.000,3,2,restless_hands glass_cannon,Kerchief Enforcer:971 firepot:856 Kerchief Bruiser:654 Kerchief Footpad:637,4 9 15 20 24 26 28 30 32 34 34 36 37 38 40 42 43 43 46 47 48 50 51 52 53 55 57 59 60 61 62 63 64 65 66 68 70,52 51 59 73 82 93 107 111 105 125 137 145 156 165 179 183 161 205 217 209 246 252 248 273 279 260 269 256 197 191 34 218 233 175 246 337 324,1 1 1 1 0.97 1 0.93 0.89 0.91 1 1 1 0.79 1 1 1 1 1 0.87 0.97 0.92 1 1 1 1 1 1 0.86 1 1 1 1 0.97 1 1 1 1,whirlwind8 wild_hunt8 temple_breaker8 arrowfall8 ruin_bolt8 verdant_gaze8 | restless_hands1 dark_bargain1 blood_scent1 soul_harvest1 grave_call3 glass_cannon1 evasion4 haste5 velocity3 searing4 sanctify1 fleetfoot4 might2
141,deft,24859,reaver,gyre_axes,warcry,3,kerchiefs,none,7,1,32.61,1,43.77,bruiser,24,18525,62,69,1.58,0.000,0.215,101235,156.3,0.000,3,1,spirit_companion restless_hands,Kerchief Bruiser:4007 Kerchief Footpad:3444 firepot:1557 Kerchief Enforcer:1382,4 9 13 15 17 20 23 26 30 31 33 34 36 37 39 40 41 42 43 44 45 46 47 48 50 50 52 53 53 54 55 55 56 56 57 58 58 60 60 61 61 61 62,46 52 59 76 76 95 100 110 116 127 139 146 166 165 190 187 193 202 211 226 237 247 261 266 270 282 290 306 303 320 52 54 336 353 372 378 381 395 390 394 394 404 395,1 1 1 1 1 1 1 1 1 1 1 0.97 1 1 1 1 1 1 1 1 1 1 1 1 1 1 1 1 1 1 1 1 1 1 1 0.97 1 1 0.84 1 1 1 1,axe_gyre8 iron_palms8 reckoning8 tether_of_anguish8 hailwheel8 mote_cascade8 | spirit_companion2 grave_call1 soul_harvest1 dark_bargain1 restless_hands1 dread_command1 recovery3 chilling2 duplicity1 deep_chill1 fortune1 might5 wisdom2
142,deft,32778,reaver,butchers_cleaver,leap,3,kerchiefs,none,7,1,30.28,0,45.00,,0,43408,78,86,1.91,0.472,0.562,101235,16.9,0.000,0,4,hunters_mark glass_cannon,firepot:2894 burning ground:1026 Kerchief Footpad:853 Kerchief Enforcer:490,2 10 13 17 21 25 29 32 33 34 36 38 39 40 41 43 44 45 46 48 49 51 52 54 55 57 58 59 60 62 62 64 64 66 67 68 70 71 72 73 74 75 76 78 78,52 54 65 74 83 92 79 117 107 127 134 159 161 170 166 182 154 210 208 146 233 239 166 168 153 180 114 121 195 125 147 171 138 176 262 248 181 250 266 196 292 197 341 336 392,0.97 1 1 1 1 1 0.97 0.93 0.94 0.89 0.95 1 0.97 0.93 1 1 0.91 1 1 1 0.93 1 1 1 1 1 1 1 1 1 1 1 1 1 1 1 1 0.97 0.8 0.8 1 0.77 1 0.8 0.72,bonesplitter8 rimeshard8 aegis_wheel8 sunbreak8 gyrestorm8 mote_cascade8 | hunters_mark3 sanctify1 blood_scent1 deep_chill1 glass_cannon1 duplicity3 might5 ferocity4 vitality5 shatter1 expanse5 perennial5 consecration1
143,deft,40697,reaver,gyre_axes,leap,3,kerchiefs,none,7,1,30.85,0,45.00,,0,45286,81,89,1.98,0.206,0.725,101235,50.8,0.000,3,3,arcane_overflow duelists_grace,Kerchief Footpad:2981 Kerchief Bruiser:893 firepot:797 burning ground:247,4 15 18 24 27 30 32 35 36 38 40 41 43 44 46 47 48 49 51 52 53 55 56 57 59 60 60 62 63 64 65 66 67 68 69 70 72 73 74 76 77 78 79 80 81,42 51 68 67 84 98 99 99 101 108 138 147 130 144 180 147 189 143 146 187 157 175 154 156 178 185 209 133 158 144 172 189 177 213 258 287 264 265 312 204 398 401 403 257 412,0.95 1 0.99 1 1 1 1 1 1 1 1 1 1 1 1 1 0.95 1 1 0.93 1 1 1 0.99 0.99 1 1 1 1 1 1 1 1 1 1 1 1 1 1 1 1 1 1 1 0.82,reavers_wheel8 predators_volley8 plaguebloom8 ruin_bolt8 harrowing8 great_herd8 | arcane_overflow3 plague_bearer1 soul_harvest1 pack_leader1 duelists_grace1 precision5 might5 expanse5 perennial5 grave_call2 greed5 serration4
144,deft,1031,arcanist,apprentice_wand,blink,1,pack,none,1,1,30.80,1,41.22,wolf,22,39795,69,76,1.84,0.000,0.578,49318,47.9,0.000,3,2,stormborn spirit_companion,Longtooth Wolf:2635 blast:1588 Thicket Tusker:1482 Blight-Sick Wolf:982,12 15 20 23 26 28 29 32 33 34 35 38 39 40 41 43 44 45 47 48 48 50 51 52 53 55 56 57 58 59 59 60 61 62 63 64 64 66 67 68 69,35 46 56 58 56 57 71 83 75 78 93 114 102 118 142 123 110 148 133 134 180 156 131 180 152 184 141 202 157 165 201 178 216 237 279 326 324 330 325 357 345,0.97 1 1 1 1 1 1 0.89 1 0.97 1 0.99 1 0.88 0.94 0.88 1 0.73 0.94 0.71 1 1 0.88 1 1 0.94 1 1 1 1 0.77 1 1 1 1 1 0.7 1 0.59 0.56 1,seeking_motes8 thousand_cuts8 thornbloom8 plaguebloom8 razorgale8 glacier_spear8 | stormborn1 grave_call2 pack_leader1 soul_harvest1 deep_chill1 spirit_companion1 serration4 searing4 vitality5 perennial5 velocity3 plague_bearer1 might5
145,deft,8950,arcanist,ember_staff,blink,1,pack,none,1,1,30.72,0,45.00,,0,43274,72,80,1.78,0.076,0.272,49318,43.1,0.000,3,2,arcane_overflow arcane_overflow,Longtooth Wolf:4177 blast:2249 Thicket Tusker:1872 Blight-Sick Wolf:1606,9 14 20 23 25 27 28 31 32 34 35 37 38 40 41 43 44 45 46 47 49 50 51 52 53 54 56 56 57 59 59 60 61 62 63 65 66 66 68 69 70 70 71 72 72,36 52 50 52 60 73 69 71 80 74 111 97 93 120 104 98 127 112 114 110 162 92 101 136 134 147 134 197 141 127 191 143 173 281 226 264 315 233 342 286 365 367 355 364 412,1 1 1 0.98 1 1 1 1 1 0.95 1 1 0.97 1 1 1 1 1 1 1 1 1 1 1 1 1 1 1 1 1 1 1 1 1 1 1 0.85 1 1 1 1 1 1 1 0.75,living_flame8 tether_of_anguish8 sunlance8 razorgale8 arrowfall8 reavers_wheel8 | arcane_overflow3 pyre_burst1 plague_bearer1 kindling1 emberseekers1 soul_harvest1 perennial5 velocity3 recovery4 serration4 haste5 searing4 pack_leader1
146,deft,16869,arcanist,rime_rod,blink,1,pack,none,1,1,30.22,1,40.76,wolf_blighted,22,40914,73,81,1.99,0.000,0.647,49318,13.3,0.000,3,3,duelists_grace momentum,blast:2411 Longtooth Wolf:1310 Thicket Tusker:1190 Blight-Sick Wolf:351,9 15 20 23 26 28 30 32 33 35 36 38 39 41 43 44 46 47 48 49 50 51 53 54 55 56 57 59 60 61 62 63 64 65 66 67 69 69 71 72,35 43 51 50 71 78 78 84 106 72 118 114 106 138 95 160 109 123 128 116 125 142 118 111 122 139 111 145 183 106 148 147 186 202 188 219 214 310 158 344,1 1 1 1 1 0.96 1 1 1 0.91 1 0.9 0.9 0.89 1 1 0.94 0.94 1 1 1 1 1 1 1 1 1 1 1 1 1 1 1 1 0.88 0.7 1 0.74 0.63 1,glacier_spear8 ruin_bolt8 sunlance8 pyre_of_faith8 seeking_motes8 everbloom8 | duelists_grace2 consecration1 deep_chill1 sanctify1 dark_bargain2 fracture1 momentum1 searing4 velocity3 might5 thorns5 expanse5 chilling3
147,deft,24788,arcanist,apprentice_wand,time_slip,1,pack,none,1,1,30.37,0,45.00,,0,47155,75,83,1.84,0.073,0.646,49318,22.0,0.000,3,4,spirit_companion momentum,blast:3211 Longtooth Wolf:2540 Greymuzzle:1088 Thicket Tusker:1011,11 16 20 23 25 26 29 31 32 34 35 37 38 40 41 43 43 44 46 47 49 50 51 52 53 54 56 57 57 59 59 61 62 62 64 65 66 67 68 70 71 72 73 74 75,41 52 55 55 65 103 85 90 99 90 115 130 128 117 120 135 165 162 140 122 129 134 99 103 130 170 122 164 178 96 168 183 180 156 106 201 200 257 216 202 317 268 356 408 378,1 1 1 1 1 1 1 0.95 1 1 1 1 1 1 1 1 1 1 1 1 1 1 1 1 1 1 1 1 1 1 1 1 1 1 1 0.52 1 0.87 1 1 1 1 0.85 1 1,mote_cascade8 deathcoil8 living_flame8 moonfall8 ruin_bolt8 sunbreak8 | spirit_companion1 pyre_burst1 kindling1 grave_call1 dread_command1 sanctify1 momentum1 perennial5 duplicity3 greed5 might5 pack_leader1 serration4 recovery4 blood_scent1
148,deft,32707,arcanist,ember_staff,time_slip,1,pack,none,1,1,30.43,1,44.36,wolf_blighted,25,46187,75,83,1.87,0.000,0.003,49318,26.0,0.000,3,4,glass_cannon glass_cannon,blast:2422 Longtooth Wolf:480 Greymuzzle:415 Thicket Tusker:192,9 15 19 22 24 27 28 31 32 33 35 37 38 40 41 42 44 45 46 47 48 50 51 52 53 54 55 56 58 59 59 60 61 62 64 65 66 67 68 69 71 72 73 74,34 39 55 45 64 73 89 75 96 102 127 101 97 116 122 113 152 155 125 141 153 122 133 182 134 141 156 141 162 102 182 210 156 226 274 262 169 227 145 167 229 368 254 280,0.96 1 1 1 1 0.98 1 0.94 0.92 0.94 1 1 1 0.96 1 0.85 0.93 1 0.68 0.87 0.89 0.83 0.8 0.85 1 1 1 1 1 1 0.86 1 1 1 1 1 1 1 1 0.81 1 0.74 1 1,fallen_star8 steel_flurry8 sunbreak8 iron_palms8 razorgale8 sanctified_earth8 | glass_cannon2 pyre_burst1 consecration1 blood_scent1 kindling1 grave_call1 fleetfoot5 serration4 might5 ironhide5 expanse5 pack_leader1 chilling3 sanctify1
149,deft,40626,arcanist,rime_rod,time_slip,1,pack,none,1,1,30.47,0,45.00,,0,46599,75,83,1.84,0.017,0.713,49318,28.0,0.000,3,3,bloodthirst stormborn,Longtooth Wolf:3069 blast:3013 Blight-Sick Wolf:1586 Thicket Tusker:1081,8 16 19 23 25 28 29 31 32 35 36 38 39 41 41 43 44 45 47 48 49 50 51 53 53 54 56 57 58 59 60 61 62 63 64 65 66 67 68 69 71 72 73 74 75,48 46 52 47 67 87 74 120 78 103 135 102 133 82 154 145 155 148 101 150 136 110 128 84 127 171 173 182 161 181 156 170 176 210 183 214 223 254 268 303 337 303 389 382 403,1 1 1 1 1 1 1 1 1 1 1 0.97 1 1 1 1 1 1 1 1 1 1 1 1 1 1 1 1 1 1 1 1 1 1 1 1 1 1 0.99 1 0.86 1 1 1 1,glacier_spear8 verdant_gaze8 ruin_bolt8 plaguebloom8 grave_tether8 living_flame8 | bloodthirst2 plague_bearer1 pyre_burst1 shatter1 deep_chill1 stormborn2 perennial5 evasion4 velocity3 fortune4 might5 fleetfoot5 grave_call1
150,deft,1034,arcanist,apprentice_wand,blink,1,dead,none,1,1,31.90,1,42.05,barrow_knight,23,24828,53,59,1.4,0.000,0.092,39834,113.7,0.000,3,2,iron_vow restless_hands,bolt_bone:1079 Barrow Knight:920 Risen Shieldman:447 Risen:436,7 10 12 13 14 19 20 22 24 25 25 27 29 29 30 31 33 33 34 35 36 37 38 38 39 40 41 42 43 44 45 45 46 47 48 49 50 51 51 52 52 53,35 41 50 62 62 86 79 95 97 101 117 129 122 139 149 150 164 167 171 182 199 198 208 214 220 237 251 241 271 227 58 153 286 289 294 329 333 330 323 323 340 409,1 1 1 1 1 1 1 0.95 1 1 1 1 1 1 1 1 1 1 1 1 1 1 1 1 1 1 1 0.96 1 1 1 0.75 1 1 1 1 1 1 0.78 1 0.76 1,starseeker8 tether_of_anguish8 soul_siphon8 verdant_gaze8 living_flame8 reavers_wheel8 | iron_vow1 grave_call1 pyre_burst1 soul_harvest1 plague_bearer1 restless_hands1 kindling1 serration1 perennial3 haste2 precision1 expanse1 recovery1
151,deft,8953,arcanist,ember_staff,blink,1,dead,none,1,1,30.44,1,40.78,barrow_knight,23,32275,57,64,1.57,0.000,0.654,39834,26.5,0.000,1,3,arcane_overflow stormborn,bolt_bone:2353 frost_orb:647 Barrow Knight:382 Risen:37,6 9 12 14 16 18 19 22 23 25 26 27 29 31 31 33 34 35 36 38 38 40 40 42 42 43 45 46 47 47 48 49 50 51 52 53 54 55 56 56,40 46 52 57 63 75 89 88 93 98 113 123 129 125 143 159 154 166 179 164 198 210 214 222 200 218 186 200 256 174 233 262 193 309 301 311 310 316 343 347,1 1 1 1 1 1 0.96 1 1 1 1 1 1 1 1 1 1 1 1 1 1 1 1 1 1 1 1 1 1 1 1 1 1 1 1 1 1 1 1 1,fallen_star8 knifestorm8 hailwheel8 glacier_spear8 tether_of_anguish8 ruin_bolt8 | arcane_overflow2 butchers_mark1 emberseekers1 blood_scent1 kindling1 stormborn1 might4 deep_chill1 expanse2 chilling2 precision2 recovery3 velocity3
152,deft,16872,arcanist,rime_rod,blink,1,dead,none,1,1,30.98,1,38.93,risen_archer,20,26228,59,66,1.7,0.000,0.249,39834,58.6,0.000,3,3,ember_tithe glass_cannon,bolt_bone:2703 frost_orb:397 Risen Shieldman:136 Risen:130,7 10 14 17 19 21 23 24 26 28 29 30 31 33 34 35 36 37 39 40 40 42 43 44 45 46 47 48 49 50 50 51 52 53 55 56 57 58,35 43 61 59 69 81 85 96 99 101 121 133 129 144 150 152 165 176 190 190 202 195 207 172 234 211 248 259 256 266 67 275 268 298 295 306 305 311,1 1 1 1 0.95 1 1 0.95 1 0.94 1 1 1 1 1 0.93 1 1 1 1 1 1 0.81 1 1 1 0.75 1 1 1 1 1 1 1 1 0.79 1 0.64,rimeshard8 mote_cascade8 verdant_gaze8 lunar_brand8 everbloom8 harrowing8 | ember_tithe2 shatter1 grave_call1 pack_leader1 glass_cannon1 fracture1 fortune2 evasion3 expanse3 serration4 thorns3 duplicity3 deep_chill1
153,deft,24791,arcanist,apprentice_wand,time_slip,1,dead,none,1,1,35.52,1,38.87,risen_warrior,20,14186,46,52,1.34,0.000,0.067,39834,331.0,0.000,3,2,hunters_mark bloodthirst,bolt_bone:3615 frost_orb:651 Risen Shieldman:236 Risen:194,6 10 12 14 16 18 19 20 22 23 25 26 26 28 29 30 31 32 33 33 34 35 36 37 37 38 38 39 39 40 41 41 42 42 43 43 44 45,46 48 47 66 65 77 81 83 91 105 123 118 129 151 152 155 161 163 179 188 206 206 202 216 219 241 228 249 258 261 86 106 140 147 150 323 315 306,1 1 1 1 1 1 0.98 1 1 1 0.51 0.96 0.07 0.95 1 1 1 1 1 1 0.83 1 1 1 1 0.91 1 1 1 0.77 0.63 0.99 1 1 1 1 0.95 0.74,seeking_motes8 rend_and_mend8 reavers_wheel8 rimeshard8 verdant_lance8 soul_siphon8 | hunters_mark1 fracture1 dark_bargain1 deep_chill1 plague_bearer1 bloodthirst1 shatter1 recovery1 serration1 thorns1 greed1
154,deft,32710,arcanist,ember_staff,time_slip,1,dead,none,1,0,,1,20.72,barrow_knight,10,9569,37,42,2.03,0.000,0.000,0,0.0,,3,1,stormborn restless_hands,bolt_bone:643 Barrow Knight:441 frost_orb:62,5 9 10 14 16 17 19 22 24 26 27 28 29 31 32 33 33 35 35 36,43 36 55 58 77 78 89 93 96 117 129 140 138 137 165 145 166 168 212 168,1 1 1 1 0.98 1 0.93 0.95 1 1 1 1 1 0.94 1 1 0.93 1 1 1,cinderfall8 gale_chakram8 verdant_lance7 arcweb8 iron_palms8 reaving_arc4 | stormborn1 kindling1 static_charge1 pyre_burst1 grave_call1 restless_hands1
155,deft,40629,arcanist,rime_rod,time_slip,1,dead,none,1,1,31.74,1,42.29,grave_caller,23,27113,55,62,1.47,0.000,0.647,39834,104.6,0.000,3,2,duelists_grace duelists_grace,bolt_bone:3226 frost_orb:616 Barrow Knight:241 Risen:35,5 8 9 11 15 18 19 21 22 24 25 27 28 29 30 31 33 34 35 36 37 37 38 39 40 41 42 43 44 45 46 46 47 48 49 50 51 52 52 53 54 55,41 41 53 56 66 84 87 97 95 109 121 130 129 153 151 155 151 173 184 213 246 230 213 232 231 235 234 260 256 259 63 310 319 262 310 302 300 327 370 363 343 335,1 1 1 0.97 0.97 1 0.97 1 1 1 1 1 1 1 1 1 0.93 1 0.92 1 1 1 1 1 1 1 1 1 0.81 1 1 1 1 1 0.85 0.85 1 1 1 1 1 0.79,glacier_spear8 cinderfall8 hailwheel8 seeking_motes8 thousand_cuts8 arrowfall8 | duelists_grace2 deep_chill1 kindling1 pyre_burst1 fracture1 shatter1 chilling3 fortune2 thorns3 serration2 velocity3 recovery2 grave_call1
156,deft,1037,arcanist,apprentice_wand,blink,1,lamplings,none,1,1,30.87,0,45.00,,0,46394,62,69,1.53,0.536,0.601,43628,52.1,0.000,0,3,duelists_grace duelists_grace,Lampling Tunneler:3892 blast:1233 firepot:1013 burning ground:231,7 11 15 17 19 22 23 25 27 28 29 31 32 33 34 35 36 38 38 39 40 41 43 44 44 45 46 47 48 49 49 50 51 52 53 54 55 56 57 58 59 60 61 62 62,42 46 54 58 66 64 79 97 80 66 142 92 120 96 146 163 109 107 122 139 194 122 104 116 97 123 122 122 212 157 148 180 159 160 177 169 281 217 239 352 332 266 273 319 390,1 1 1 1 1 0.95 1 0.86 0.97 1 1 1 1 1 1 0.9 1 0.92 1 1 1 0.95 0.95 0.91 1 1 1 0.94 1 1 1 1 1 1 1 1 1 1 1 1 1 1 1 1 1,seeking_motes8 glacier_spear8 circle_of_dawn8 tether_of_anguish8 soul_siphon8 moonfall8 | duelists_grace2 fracture1 deep_chill1 sanctify1 consecration1 dark_bargain1 expanse3 ironhide3 ferocity4 velocity3 recovery4 warding2 soul_harvest1
157,deft,8956,arcanist,ember_staff,blink,1,lamplings,none,1,1,30.54,0,45.00,,0,47946,65,72,1.6,0.351,0.351,43628,32.3,0.000,0,4,ember_tithe cinderwake,Lampling Tunneler:2334 blast:1415 firepot:1229 burning ground:398,10 13 16 19 21 23 26 27 29 30 32 33 34 35 37 38 39 40 41 42 43 44 45 45 47 48 48 49 50 51 51 52 53 54 55 56 57 58 59 60 61 62 63 64 65,39 50 58 54 50 57 84 87 81 68 91 108 73 92 110 117 112 101 96 108 151 103 124 118 107 105 148 121 178 141 215 178 183 129 173 181 263 192 317 185 212 208 184 232 182,1 1 1 1 1 1 1 1 1 1 1 1 1 1 1 1 1 1 1 1 1 1 1 1 1 1 1 1 1 1 0.97 1 1 1 1 1 1 0.76 1 0.74 1 1 0.97 1 1,living_flame8 harrowing8 moonfall8 tempest_coil8 circle_of_dawn8 pyre_of_faith8 | ember_tithe1 static_charge1 sanctify1 storm_caller1 pyre_burst1 cinderwake1 emberseekers1 perennial5 duplicity2 warding3 expanse5 kindling1 searing4 recovery3
158,deft,16875,arcanist,rime_rod,blink,1,lamplings,none,1,1,30.98,0,45.00,,0,37783,56,63,1.4,0.222,0.537,43628,58.6,0.000,2,2,cinderwake restless_hands,Lampling Tunneler:6268 firepot:1943 blast:649 Lampling Sapper:399,8 11 14 17 19 22 24 25 27 28 29 31 32 33 34 35 36 37 38 39 40 41 42 43 44 45 45 46 47 48 48 49 50 50 51 52 52 53 53 54 54 55 55 55 56,42 43 55 48 62 81 80 87 67 72 121 84 107 110 122 165 138 125 143 176 169 128 213 161 174 222 237 211 229 279 55 222 303 287 305 309 327 323 318 346 332 357 357 365 427,1 1 1 1 1 1 1 1 1 0.89 1 1 1 1 1 1 1 0.92 1 1 1 1 1 1 0.88 1 1 1 1 1 0.96 0.83 0.84 1 1 1 1 1 1 1 1 1 1 1 0.76,rimeshard8 seeking_motes8 tether_of_anguish8 living_flame8 soul_siphon8 tempest_coil8 | cinderwake1 grave_call3 static_charge1 deep_chill1 restless_hands1 ferocity1 perennial5 recovery1 fortune1 kindling1 expanse1
159,deft,24794,arcanist,apprentice_wand,time_slip,1,lamplings,none,1,1,30.67,1,40.84,lampling,22,40247,59,66,1.62,0.000,0.325,43628,40.3,0.000,3,3,momentum duelists_grace,Lampling Tunneler:2018 blast:1624 firepot:199 Lampling Sapper:157,8 12 15 16 19 20 23 24 25 27 29 30 31 33 34 35 36 36 38 39 40 41 42 43 44 45 46 47 48 49 49 50 51 52 53 54 55 56 57 58,41 47 54 66 70 83 78 75 104 107 94 102 136 129 105 170 168 160 148 152 168 161 180 164 148 217 226 231 185 205 124 184 131 247 176 256 321 283 283 278,1 1 1 1 1 1 1 1 1 1 1 1 0.98 1 1 1 1 1 1 1 1 0.9 1 1 1 1 0.99 1 1 1 1 1 1 1 1 0.81 1 1 1 1,seeking_motes8 spirit_herd8 verdant_gaze8 moonfall8 hallowed_ring8 arrowfall8 | momentum1 pack_leader1 dread_command1 sanctify1 plague_bearer1 duelists_grace1 dark_bargain1 serration1 velocity3 warding3 greed5 ferocity1 expanse4 consecration1
160,deft,32713,arcanist,ember_staff,time_slip,1,lamplings,none,1,1,30.60,0,45.00,,0,46855,60,67,1.49,0.170,0.527,43628,35.7,0.000,1,3,duelists_grace glass_cannon,Lampling Tunneler:2176 blast:1656 firepot:517 burning ground:214,7 12 15 17 20 22 24 26 27 28 30 31 32 33 34 35 37 38 39 39 40 41 42 43 44 45 46 47 47 48 49 50 50 51 52 53 54 55 55 56 57 58 59 60 60,42 46 56 56 67 78 69 71 79 108 87 112 90 106 129 120 107 132 88 98 135 166 167 132 171 134 203 183 190 254 187 177 168 165 230 295 269 335 306 349 346 375 257 340 326,1 1 1 1 1 1 1 1 0.99 1 1 1 1 1 1 1 0.83 1 1 1 1 1 0.79 0.87 1 1 1 1 1 1 0.72 1 1 1 1 1 1 1 1 1 0.71 1 1 1 1,living_flame8 axe_gyre8 plaguebloom8 tether_of_anguish8 knifestorm8 temple_breaker8 | duelists_grace1 grave_call1 pack_leader1 emberseekers1 soul_harvest1 glass_cannon1 plague_bearer1 recovery3 duplicity2 perennial4 evasion3 vitality1 blood_scent1 might3
161,deft,40632,arcanist,rime_rod,time_slip,1,lamplings,none,1,1,33.48,0,45.00,,0,30703,54,61,1.36,0.248,0.663,43628,208.6,0.000,2,2,restless_hands restless_hands,blast:1497 Lampling Tunneler:1088 Lampling Sapper:127 firepot:117,8 11 14 16 19 21 22 24 26 27 28 30 31 32 33 34 35 36 37 37 38 39 39 40 40 41 42 43 43 44 45 45 45 45 46 47 48 48 49 50 50 51 51 53 54,44 47 55 56 75 79 100 110 79 114 114 127 131 119 134 184 182 206 189 214 240 211 225 224 224 253 295 294 278 261 54 50 70 287 312 318 329 334 358 336 333 387 435 445 415,1 1 1 1 1 1 0.96 0.98 1 1 1 1 1 0.89 0.97 1 1 1 0.89 1 1 1 0.97 1 0.87 0.89 1 1 1 1 1 1 1 0.86 0.94 1 1 0.99 1 0.82 1 1 1 1 1,glacier_spear8 iron_palms8 steel_flurry8 soul_siphon8 living_flame8 wild_hunt8 | restless_hands3 butchers_mark1 pyre_burst1 deep_chill1 pack_leader1 ferocity1 velocity2 fleetfoot2 recovery1 might2 perennial1 blood_scent1
162,deft,1040,arcanist,apprentice_wand,blink,1,kerchiefs,none,1,1,30.60,1,40.96,enforcer,23,38790,77,85,2.07,0.000,0.654,45524,36.0,0.000,2,3,momentum hunters_mark,Kerchief Footpad:1618 firepot:1279 Kerchief Bruiser:663 burning ground:424,10 15 20 23 25 27 30 32 34 35 36 37 38 39 41 42 44 45 47 49 50 51 53 54 55 57 58 60 61 62 63 64 66 67 69 70 72 73 75 76,35 47 51 59 68 73 87 97 94 107 122 118 132 135 148 163 160 151 185 123 184 198 134 120 99 194 162 145 151 182 249 210 209 218 199 256 229 229 186 264,1 1 1 1 1 1 0.94 1 1 1 0.91 0.88 0.84 1 0.98 1 1 1 1 1 1 1 1 0.94 1 1 1 1 1 1 1 1 1 1 1 1 1 1 1 0.98,seeking_motes8 tether_of_anguish8 glacier_spear8 tempest_coil8 moonfall8 sunbreak8 | momentum2 grave_call2 deep_chill1 shatter1 hunters_mark1 wisdom4 expanse5 velocity3 might5 pack_leader1 perennial5 fortune4 emberseekers1
163,deft,8959,arcanist,ember_staff,blink,1,kerchiefs,none,1,1,30.53,1,40.67,enforcer,23,40233,75,83,2.04,0.000,0.302,45524,31.8,0.000,3,3,arcane_overflow arcane_overflow,Kerchief Enforcer:1203 firepot:846 Kerchief Bruiser:547 burning ground:351,11 14 20 22 24 28 31 32 34 36 38 39 41 43 44 45 47 48 50 51 52 53 55 56 57 58 59 61 62 63 63 65 66 67 68 70 71 72 73 75,39 43 49 66 57 81 63 81 62 84 109 108 102 119 131 148 118 112 114 123 132 141 113 129 134 143 225 142 153 147 163 167 242 178 200 296 226 296 252 323,1 1 1 1 1 0.95 1 0.99 1 1 1 1 1 1 1 1 1 1 1 1 1 1 1 1 1 1 1 1 1 1 1 1 1 1 1 1 1 1 1 1,cinderfall8 moonfall8 temple_breaker8 soul_siphon8 tether_of_anguish8 blighted_earth8 | arcane_overflow2 kindling1 grave_call2 emberseekers1 plague_bearer1 ferocity4 chilling3 recovery4 greed5 might5 evasion4 fracture1 pack_leader1
164,deft,16878,arcanist,rime_rod,blink,1,kerchiefs,none,1,1,30.75,0,45.00,,0,41148,74,82,1.82,0.299,0.328,45524,44.9,0.000,2,3,stormborn bloodthirst,Kerchief Footpad:4742 firepot:2281 Kerchief Bruiser:2211 Kerchief Enforcer:1255,10 14 17 21 25 28 30 31 33 35 36 39 39 41 43 44 46 47 48 49 50 51 51 51 52 54 55 57 58 59 60 61 62 64 65 66 67 68 69 70 71 72 73 74 74,40 48 49 52 66 73 91 96 100 93 115 113 128 111 152 135 131 161 137 194 199 157 186 158 203 178 185 151 208 197 197 162 233 224 307 297 276 329 336 311 347 357 344 304 369,1 1 1 1 0.97 0.96 1 1 1 1 1 1 1 1 1 1 1 1 1 1 1 1 1 1 1 1 1 1 1 1 1 1 1 1 1 1 1 1 1 1 1 1 1 1 1,glacier_spear8 circle_of_dawn8 tether_of_anguish8 moonfall8 iron_palms8 living_flame8 | stormborn1 consecration1 grave_call1 storm_caller1 pyre_burst1 fracture1 bloodthirst1 velocity3 searing4 perennial5 expanse5 vitality5 deep_chill1 recovery4 kindling1
165,deft,24797,arcanist,apprentice_wand,time_slip,1,kerchiefs,none,1,1,31.44,0,45.00,,0,28227,69,76,1.69,0.704,0.704,45524,86.6,0.000,0,2,restless_hands momentum,Kerchief Bruiser:1335 Kerchief Footpad:1282 Kerchief Enforcer:417 firepot:306,9 13 17 20 23 25 27 29 31 32 33 35 36 37 38 38 40 42 43 44 45 46 47 49 50 51 52 53 54 55 56 57 58 59 60 62 62 63 64 65 66 67 68 69 69,42 41 52 60 72 83 82 105 97 109 119 136 155 171 156 163 158 183 215 212 191 199 214 246 259 236 221 233 226 285 49 291 294 312 310 305 317 336 278 364 337 362 382 355 381,1 1 1 1 1 1 1 1 1 1 1 1 1 1 1 1 1 1 1 1 1 1 1 1 1 1 1 1 1 1 1 1 1 1 1 1 1 1 1 1 1 1 1 1 0.95,seeking_motes8 great_herd8 tether_of_anguish8 sanctified_earth8 soul_siphon8 circle_of_dawn8 | restless_hands2 pack_leader1 soul_harvest1 grave_call1 momentum1 sanctify1 vitality4 recovery3 perennial5 ironhide5 greed5 consecration1 haste5
166,deft,32716,arcanist,ember_staff,time_slip,1,kerchiefs,none,1,0,,1,20.40,pillager,9,13467,53,59,2.89,0.000,0.000,0,0.0,,3,1,ember_tithe stormborn,firepot:671 Kerchief Enforcer:415 burning ground:297 Kerchief Footpad:222,12 17 21 25 27 30 32 34 36 37 39 41 42 43 45 47 48 50 51 52,40 48 53 66 67 83 99 78 89 102 81 129 114 143 127 169 156 152 165 173,1 1 1 1 1 1 1 1 0.92 1 1 1 1 1 1 1 1 1 1 1,living_flame8 seeking_motes8 harrowing8 thornbloom8 temple_breaker8 verdant_gaze8 | ember_tithe1 pyre_burst1 emberseekers1 plague_bearer1 kindling1 grave_call1 perennial1 stormborn1 ferocity1 evasion1 greed1 expanse1 chilling1
167,deft,40635,arcanist,rime_rod,time_slip,1,kerchiefs,none,1,1,30.29,0,45.00,,0,40068,78,86,1.91,0.234,0.234,45524,17.3,0.000,3,4,hunters_mark stormborn,firepot:1936 Kerchief Footpad:1367 burning ground:755 Kerchief Bruiser:751,9 15 18 21 24 25 28 30 31 32 34 36 37 38 40 41 42 43 43 45 46 47 48 49 50 52 53 55 56 57 59 60 62 63 64 66 67 69 70 72 73 74 75 77 78,37 48 54 57 74 90 90 90 104 112 118 118 158 143 138 160 151 170 169 190 196 208 215 211 257 210 252 147 204 191 245 173 294 221 161 219 276 310 409 285 290 338 269 357 343,1 1 1 1 1 0.97 1 0.92 0.95 0.96 0.94 1 0.55 0.99 1 1 1 0.81 1 1 1 1 1 1 1 1 1 1 1 1 1 1 1 1 1 1 1 1 1 1 1 0.54 1 1 1,glacier_spear8 circle_of_dawn8 verdant_gaze8 thunder_palm8 rend_and_mend8 aegis_wheel8 | hunters_mark3 sanctify1 deep_chill1 grave_call1 stormborn1 recovery4 vitality5 velocity3 expanse5 precision5 shatter1 haste5 pack_leader1
168,deft,1062,arcanist,apprentice_wand,blink,2,pack,none,4,1,32.36,0,45.00,,0,23479,63,70,1.56,0.280,0.556,75792,141.8,0.000,2,2,iron_vow restless_hands,Longtooth Wolf:5424 Thicket Tusker:3495 Blight-Sick Wolf:2098 blast:508,10 14 17 22 24 27 29 31 32 35 36 37 38 39 40 41 43 44 45 46 47 47 48 49 49 50 51 52 53 54 55 56 56 57 58 59 60 60 61 61 62 62 62 63 63,43 46 57 70 75 86 99 100 113 119 130 140 145 147 162 158 178 190 197 204 214 224 233 246 248 261 268 289 288 282 53 51 321 334 346 338 371 375 382 378 375 391 395 422 393,1 1 1 1 1 1 1 1 1 1 1 1 1 1 1 1 1 1 1 1 1 1 1 1 1 1 1 1 1 1 1 1 1 0.91 0.83 1 0.93 0.68 0.91 0.88 1 1 0.66 1 1,seeking_motes8 arrowfall8 knifestorm8 tether_of_anguish8 moonfall8 verdant_gaze8 | iron_vow2 blood_scent1 grave_call1 pack_leader1 plague_bearer1 restless_hands1 evasion4 velocity3 warding2 recovery4 vitality2 soul_harvest1 greed4
169,deft,8981,arcanist,ember_staff,blink,2,pack,none,4,1,30.63,1,44.80,wolf,27,47725,79,87,1.94,0.000,0.611,75792,37.5,0.000,3,2,iron_vow arcane_overflow,Longtooth Wolf:2005 blast:1425 Thicket Tusker:964 Greymuzzle:851,13 19 23 26 28 30 33 35 36 38 39 40 42 44 45 46 48 49 50 51 53 54 55 56 57 58 60 60 61 62 63 64 65 67 68 69 70 71 72 74 75 76 77 78,36 39 56 51 49 73 67 61 74 52 92 86 112 82 96 85 110 140 123 86 109 96 101 160 81 110 121 108 106 75 154 155 179 143 163 157 221 184 254 244 280 277 293 416,1 1 1 1 1 1 1 1 1 1 1 1 1 1 1 1 1 1 1 1 1 1 1 1 1 1 1 1 1 1 1 1 1 1 1 1 0.72 1 1 0.93 1 1 1 0.71,fallen_star8 ruin_bolt8 tempest_coil8 harrowing8 plaguebloom8 moonfall8 | iron_vow1 emberseekers1 storm_caller1 kindling1 soul_harvest1 grave_call2 arcane_overflow2 fleetfoot5 might5 velocity3 expanse5 fortune4 perennial5
170,deft,16900,arcanist,rime_rod,blink,2,pack,none,4,1,30.52,1,45.00,wolf_blighted,28,47908,83,91,2.02,0.000,0.482,75792,31.3,0.000,3,4,stormborn ember_tithe,Longtooth Wolf:3788 blast:3253 Thicket Tusker:1799 Greymuzzle:962,9 18 22 25 27 29 32 33 35 36 38 40 41 42 44 46 48 49 50 52 53 55 56 57 58 60 61 62 63 64 65 67 68 69 70 72 73 74 75 77 78 79 80 82,46 54 53 55 68 79 87 104 83 82 122 126 97 118 102 123 170 117 106 97 141 105 109 147 87 115 111 138 121 124 154 252 186 164 180 164 208 202 226 187 261 294 360 268,0.99 0.99 0.97 0.96 1 1 1 1 0.95 0.75 0.75 0.95 1 1 1 1 1 1 1 1 1 1 1 1 1 1 1 1 1 1 0.91 1 1 1 1 1 0.84 1 1 0.84 0.8 0.8 0.79 1,glacier_spear8 living_flame8 verdant_gaze8 mote_cascade8 plaguebloom8 great_herd8 | stormborn1 plague_bearer1 pyre_burst1 deep_chill1 kindling1 grave_call1 ember_tithe1 perennial5 fleetfoot5 evasion4 velocity3 shatter1 duplicity3 might5 fracture1
171,deft,24819,arcanist,apprentice_wand,time_slip,2,pack,none,4,1,30.63,0,45.00,,0,35425,72,80,1.78,0.027,0.194,75792,37.8,0.000,3,2,bloodthirst hunters_mark,Thicket Tusker:3541 Longtooth Wolf:3368 blast:2907 Blight-Sick Wolf:1779,10 17 20 23 25 29 31 33 33 36 38 39 40 42 43 44 46 46 48 48 50 51 52 54 55 56 57 59 60 61 61 62 63 64 65 66 67 68 68 69 70 70 71 71 72,51 48 60 70 94 103 112 98 128 75 139 143 163 128 168 173 190 202 198 222 217 155 240 241 216 258 269 210 301 295 278 296 326 295 366 378 371 372 388 383 378 379 394 387 388,1 1 1 1 1 1 1 1 1 1 1 0.98 1 1 1 1 1 1 1 1 1 1 1 1 1 1 0.95 1 1 1 1 1 1 1 1 1 1 1 1 1 1 0.78 1 1 1,seeking_motes8 temple_breaker8 reckoning8 verdant_gaze8 reavers_wheel8 tempest_coil8 | bloodthirst2 soul_harvest1 grave_call1 static_charge1 plague_bearer1 hunters_mark1 velocity3 evasion4 expanse5 serration4 blood_scent1 fortune4 vitality5 pack_leader1
172,deft,32738,arcanist,ember_staff,time_slip,2,pack,none,4,1,30.26,0,45.00,,0,47918,86,94,2.09,0.420,0.420,75792,15.8,0.000,0,4,hunters_mark bloodthirst,Longtooth Wolf:3076 blast:2042 Greymuzzle:1333 Blight-Sick Wolf:1107,11 17 24 28 31 33 36 37 39 41 43 44 46 47 48 50 51 53 54 55 57 58 59 61 62 63 64 66 67 68 69 70 71 73 74 75 76 78 79 80 82 83 84 84 86,56 57 39 43 51 86 94 100 66 58 90 100 102 101 91 119 107 113 112 118 135 81 154 109 123 127 144 120 102 105 119 152 194 142 165 253 223 301 387 205 330 414 367 348 382,1 1 0.95 1 1 1 1 1 0.91 1 1 1 1 1 1 1 1 1 1 1 1 1 1 1 1 1 1 1 1 1 1 1 1 1 1 1 1 0.91 1 1 1 0.97 0.88 1 1,fallen_star8 ruin_bolt8 seeking_motes8 blightfield8 tether_of_anguish8 tempest_coil8 | hunters_mark2 dark_bargain3 static_charge1 might5 ironhide5 bloodthirst1 serration4 expanse5 recovery4 blood_scent1 ferocity4 pyre_burst1
173,deft,40657,arcanist,rime_rod,time_slip,2,pack,none,4,1,30.95,0,45.00,,0,46479,79,87,1.93,0.687,0.723,75792,56.7,0.000,0,3,duelists_grace arcane_overflow,blast:1922 Longtooth Wolf:825 Thicket Tusker:196 Blight-Sick Wolf:191,8 15 21 24 27 29 32 33 34 36 37 40 41 42 44 45 47 48 49 51 51 53 54 55 57 58 59 60 61 62 63 64 65 66 67 68 70 71 72 73 74 76 77 78 79,50 50 60 49 79 90 92 81 108 114 150 108 122 141 153 115 133 135 96 97 137 167 90 163 155 152 164 138 173 141 84 165 165 137 171 238 261 175 202 235 397 264 308 402 343,1 1 1 1 1 0.95 1 1 1 1 1 0.9 1 0.9 1 1 1 1 1 0.94 1 1 1 0.89 1 0.98 1 1 1 1 1 1 1 1 1 1 1 1 1 1 1 1 1 1 1,glacier_spear8 hailwheel8 predators_volley8 knifestorm8 tether_of_anguish8 blighted_earth8 | duelists_grace2 blood_scent1 plague_bearer1 deep_chill1 butchers_mark1 arcane_overflow1 chilling3 precision5 velocity3 searing4 greed5 recovery4 shatter1 emberseekers1
174,deft,1065,arcanist,apprentice_wand,blink,2,dead,none,4,1,30.87,0,45.00,,0,35190,63,70,1.56,0.131,0.131,61217,52.1,0.000,2,3,cinderwake cinderwake,bolt_bone:3958 Barrow Knight:904 frost_orb:848 Risen Shieldman:700,6 10 14 16 19 20 23 24 25 27 28 30 31 33 34 35 36 36 37 38 39 40 41 41 42 44 45 47 48 49 49 51 52 53 54 55 57 57 58 59 60 61 62 63 63,40 49 57 67 77 87 90 101 114 114 130 141 141 165 167 171 181 189 208 206 210 213 236 233 255 258 221 215 249 251 168 285 279 335 321 351 315 320 324 384 397 375 397 409 409,1 1 1 1 1 1 1 1 1 1 1 0.94 1 1 1 1 1 1 1 1 1 1 1 1 0.95 0.91 1 1 0.92 1 0.92 1 1 1 1 1 1 1 1 1 1 1 1 1 1,starseeker8 moonfall8 glacier_spear8 grave_tether8 living_flame8 arrowfall8 | cinderwake3 shatter1 pyre_burst1 kindling1 emberseekers1 perennial5 velocity3 greed5 vitality4 haste5 precision3 grave_call1
175,deft,8984,arcanist,ember_staff,blink,2,dead,none,4,1,31.75,1,42.37,grave_caller,26,29876,60,67,1.58,0.000,0.418,61217,104.9,0.000,3,2,iron_vow restless_hands,bolt_bone:1250 frost_orb:489 Barrow Knight:479 Risen Shieldman:95,6 10 13 15 16 19 22 24 25 27 29 30 30 32 33 34 36 37 38 38 39 40 41 41 43 43 44 45 46 47 47 48 48 50 52 52 54 55 56 57 58 60,44 48 54 70 73 85 99 110 108 107 131 139 146 153 168 175 179 195 196 205 222 203 223 270 298 263 226 269 292 210 57 270 309 250 280 280 267 371 293 379 357 340,1 1 1 1 1 0.96 1 1 1 1 1 0.82 0.78 1 1 1 1 1 1 0.99 1 1 1 1 1 0.83 1 1 1 1 1 1 1 1 1 1 1 0.43 1 1 1 1,fallen_star8 tempest_coil8 glacier_spear8 arrowfall8 wild_hunt8 axe_gyre8 | iron_vow1 soul_harvest1 deep_chill1 static_charge1 fracture1 restless_hands1 shatter1 velocity2 fleetfoot3 haste4 expanse3 perennial4 pack_leader1 ironhide1
176,deft,16903,arcanist,rime_rod,blink,2,dead,none,4,1,31.04,0,45.00,,0,25747,63,70,1.56,0.411,0.623,61217,62.4,0.000,0,2,ember_tithe stormborn,bolt_bone:3317 frost_orb:558 Barrow Knight:77 Risen:77,8 12 15 18 20 23 25 27 29 30 32 33 34 35 36 37 38 39 40 41 42 43 44 45 46 47 49 50 51 52 53 54 55 56 57 58 59 60 60 61 62 63 63 63 63,44 49 56 67 74 79 97 97 110 121 121 133 140 157 162 165 180 183 195 206 209 230 235 244 233 266 270 267 276 304 47 207 310 332 334 334 353 364 362 378 375 382 398 387 385,1 1 1 0.92 1 0.92 1 1 0.95 1 1 0.94 1 1 1 0.89 1 0.93 1 1 1 1 1 1 1 0.92 1 0.92 1 1 0.93 1 1 1 1 1 0.94 0.91 1 0.77 0.77 0.51 1 1 1,glacier_spear8 temple_breaker8 aegis_wheel8 steel_flurry8 axe_gyre8 umbral_bolt8 | ember_tithe2 dark_bargain1 deep_chill1 blood_scent1 stormborn2 chilling3 vitality5 searing4 velocity3 fleetfoot5 evasion4 storm_caller1
177,deft,24822,arcanist,apprentice_wand,time_slip,2,dead,none,4,0,,1,30.76,barrow_knight,16,17405,51,57,1.85,0.000,0.000,61217,45.6,0.104,3,2,bloodthirst ember_tithe,bolt_bone:1933 Barrow Knight:1401 Risen Shieldman:539 frost_orb:345,5 8 15 15 16 21 23 26 27 29 30 31 33 34 35 36 37 39 40 41 42 42 43 44 46 47 48 49 49 51,41 49 58 63 73 85 110 105 109 111 133 135 147 150 156 167 195 188 202 225 227 243 230 239 246 266 270 278 327 296,1 1 1 0.96 0.97 1 1 0.97 1 1 1 1 1 1 0.93 1 1 1 1 1 0.81 1 1 1 1 1 1 1 0.9 1,starseeker8 predators_volley8 skybreak8 ruin_bolt8 verdant_gaze8 cinderfall8 | bloodthirst3 dark_bargain1 plague_bearer1 ember_tithe1 grave_call1 might1 evasion1 precision1 recovery1
178,deft,32741,arcanist,ember_staff,time_slip,2,dead,none,4,0,,1,20.74,barrow_knight,12,9536,39,44,2.12,0.000,0.000,0,0.0,,3,1,cinderwake cinderwake,Barrow Knight:736 bolt_bone:681 frost_orb:66 Risen Shieldman:18,5 10 12 15 17 19 21 23 25 26 28 29 31 32 33 33 35 36 37 39,48 55 55 66 77 78 100 109 112 138 131 136 140 156 166 181 190 189 200 207,1 1 1 1 1 0.94 0.95 1 0.89 0.93 0.94 1 1 1 1 1 1 1 0.92 0.94,cinderfall5 gale_chakram8 knifestorm8 dawnpulse8 axe_gyre7 blightfield8 | cinderwake2 pyre_burst1 blood_scent1 sanctify1 plague_bearer1
179,deft,40660,arcanist,rime_rod,time_slip,2,dead,none,4,0,,1,22.99,barrow_knight,12,7277,36,41,1.78,0.000,0.000,0,0.0,,3,1,arcane_overflow glass_cannon,bolt_bone:1238 Barrow Knight:587 frost_orb:281 Risen Shieldman:43,3 8 11 13 15 17 19 19 21 22 23 25 26 27 27 28 30 31 32 33 35 35,48 46 54 65 76 87 93 99 112 115 127 133 144 152 164 179 177 188 217 217 206 227,1 1 1 1 0.97 1 1 1 1 1 1 1 1 1 1 1 1 1 1 1 1 1,rimeshard7 grave_tether5 axe_gyre7 verdant_lance8 reaving_arc7 iron_palms6 | arcane_overflow1 shatter1 grave_call3 glass_cannon1
180,deft,1068,arcanist,apprentice_wand,blink,2,lamplings,none,4,1,30.53,0,45.00,,0,48347,65,72,1.6,0.641,0.748,67047,31.5,0.000,0,4,glass_cannon bloodthirst,blast:1849 Lampling Tunneler:1806 firepot:578 burning ground:225,9 14 17 20 22 24 27 28 30 30 32 33 35 36 37 38 39 40 41 42 43 44 45 46 47 48 49 50 51 51 52 53 53 55 56 57 57 58 59 60 61 62 63 64 65,44 55 56 64 64 85 75 97 70 94 90 103 111 101 128 90 103 135 118 104 133 162 135 118 179 126 158 126 135 103 139 127 164 128 154 153 258 173 201 268 262 164 242 281 196,1 1 1 1 1 1 1 1 1 1 0.94 1 1 1 1 1 1 1 1 0.98 1 0.85 1 1 1 1 1 1 1 1 1 1 1 1 1 1 1 1 1 0.98 1 0.78 1 1 1,mote_cascade8 rend_and_mend8 arrowfall8 great_herd8 tether_of_anguish8 glacier_spear8 | glass_cannon1 soul_harvest1 deep_chill1 shatter1 pack_leader1 bloodthirst2 vitality5 recovery4 velocity3 haste4 perennial5 duplicity3 grave_call1
181,deft,8987,arcanist,ember_staff,blink,2,lamplings,none,4,1,30.29,1,43.29,lampling,26,46089,67,74,1.71,0.000,0.452,67047,17.3,0.000,3,4,glass_cannon ember_tithe,blast:1295 Lampling Tunneler:1168 firepot:463 burning ground:93,8 15 17 20 23 25 27 29 30 32 33 34 35 36 38 39 40 41 43 44 45 46 47 48 49 50 51 52 53 54 54 55 56 57 58 59 60 61 62 63 64 65 66,46 51 54 59 60 59 74 92 101 68 91 87 99 81 99 93 100 104 107 84 126 135 140 121 123 143 128 122 118 101 127 169 159 138 135 190 150 160 213 244 225 223 214,1 1 1 1 1 1 1 1 1 1 1 1 1 1 1 1 1 1 1 1 1 1 0.79 1 1 0.67 1 1 1 1 1 1 1 1 1 0.68 1 1 1 1 1 0.7 1,fallen_star8 aegis_wheel8 moonfall8 grave_tether8 seeking_motes8 reavers_wheel8 | glass_cannon2 pyre_burst1 emberseekers1 grave_call2 ember_tithe1 ironhide5 serration4 expanse5 searing4 blood_scent1 perennial5 velocity3
182,deft,16906,arcanist,rime_rod,blink,2,lamplings,none,4,1,30.83,0,45.00,,0,47376,65,72,1.6,0.638,0.692,67047,49.6,0.000,0,4,restless_hands hunters_mark,blast:2139 Lampling Tunneler:1270 firepot:880 burning ground:227,7 13 16 19 22 24 25 26 29 30 32 33 34 36 36 38 39 40 41 42 43 44 45 46 47 48 49 50 50 51 52 53 54 54 55 56 57 58 59 60 61 62 63 64 65,39 55 62 59 76 85 89 100 100 85 125 104 97 151 144 123 102 98 101 140 134 150 119 127 142 120 131 142 123 137 171 140 179 189 146 180 187 136 166 234 186 184 203 350 253,1 1 1 1 1 1 1 1 1 1 1 0.92 0.94 1 1 1 1 1 1 1 1 1 1 0.95 0.9 1 1 1 1 1 1 1 1 1 1 0.99 1 1 1 0.96 1 1 1 1 0.99,glacier_spear8 moonfall8 thousand_cuts8 seeking_motes8 razorgale8 umbral_bolt8 | restless_hands1 shatter1 grave_call1 blood_scent1 deep_chill1 hunters_mark3 perennial5 vitality5 serration4 greed4 velocity3 evasion4
183,deft,24825,arcanist,apprentice_wand,time_slip,2,lamplings,none,4,1,30.69,0,45.00,,0,47420,67,74,1.64,0.634,0.748,67047,41.6,0.000,0,4,duelists_grace duelists_grace,Lampling Tunneler:1972 blast:1530 firepot:967 burning ground:199,8 12 16 19 20 24 25 28 29 31 32 34 35 36 37 39 40 41 42 43 44 45 46 47 48 49 50 51 52 53 53 54 55 56 57 58 59 60 61 62 63 64 65 66 67,45 54 57 66 71 67 96 83 102 70 128 92 107 117 121 155 94 163 151 128 185 158 180 168 144 156 126 140 153 176 189 250 209 159 222 142 166 160 217 149 228 289 156 285 347,1 1 1 1 1 1 1 1 0.91 1 1 1 1 1 1 1 1 1 1 0.92 1 1 1 1 1 1 1 1 1 1 1 1 1 1 1 1 1 1 1 1 0.88 1 0.87 1 1,seeking_motes8 tempest_coil8 arrowfall8 tether_of_anguish8 sanctified_earth8 glacier_spear8 | duelists_grace2 static_charge1 consecration1 sanctify1 dark_bargain1 fracture1 velocity3 recovery4 expanse5 ironhide5 might5 deep_chill1 ferocity4
184,deft,32744,arcanist,ember_staff,time_slip,2,lamplings,none,4,1,30.83,0,45.00,,0,45755,63,70,1.56,0.179,0.630,67047,49.8,0.000,1,3,iron_vow cinderwake,Lampling Tunneler:5873 blast:920 firepot:826 burning ground:216,8 13 15 18 20 23 26 27 29 30 32 33 34 35 37 38 39 40 41 42 43 43 45 45 46 47 48 49 50 51 52 52 53 54 55 56 57 58 58 59 60 61 62 63 63,43 44 69 60 60 85 96 78 96 75 127 134 127 118 105 111 111 94 99 108 147 173 165 196 213 219 186 173 166 170 163 150 202 234 219 275 319 275 371 414 428 333 479 418 402,1 1 1 1 1 0.97 1 1 1 1 1 1 1 1 1 1 1 1 1 1 1 1 1 1 1 1 1 1 1 1 1 1 1 0.86 1 1 0.81 1 1 1 1 0.84 1 1 1,living_flame8 tempest_coil8 thousand_cuts8 soul_siphon8 tether_of_anguish8 razorgale8 | iron_vow2 emberseekers1 butchers_mark1 kindling1 storm_caller1 cinderwake1 recovery4 serration4 perennial5 velocity2 expanse5 static_charge1 precision1
185,deft,40663,arcanist,rime_rod,time_slip,2,lamplings,none,4,1,31.04,0,45.00,,0,46692,64,71,1.58,0.631,0.631,67047,62.4,0.000,0,4,duelists_grace duelists_grace,blast:2698 Lampling Tunneler:915 firepot:726 burning ground:285,8 11 15 17 19 22 25 26 28 29 30 32 33 34 35 37 38 39 40 41 42 43 44 45 46 47 48 49 50 51 51 52 53 54 55 56 57 58 59 60 61 61 62 63 64,43 63 59 72 78 79 86 115 90 93 110 118 156 170 140 99 114 148 173 176 193 163 113 126 172 177 192 189 131 190 34 181 149 129 152 220 251 237 236 194 191 160 204 196 354,1 1 0.98 0.95 1 1 1 1 1 1 0.93 1 1 1 1 1 1 1 1 1 1 1 1 1 1 1 1 1 1 1 1 1 1 1 1 1 0.81 1 1 1 1 1 1 1 0.83,glacier_spear8 fallen_star8 circle_of_dawn8 gale_chakram8 deathcoil8 ruin_bolt8 | duelists_grace2 pyre_burst1 kindling1 shatter1 deep_chill1 grave_call1 expanse5 vitality5 duplicity3 velocity3 might4 perennial5 consecration1
186,deft,1071,arcanist,apprentice_wand,blink,2,kerchiefs,none,4,1,30.81,1,41.11,bruiser,24,37879,79,87,2.12,0.000,0.654,69962,48.7,0.000,3,2,cinderwake iron_vow,Kerchief Bruiser:2460 Kerchief Footpad:1798 firepot:165 Kerchief Enforcer:138,10 17 21 24 27 30 31 34 36 37 38 40 42 43 45 46 47 50 50 52 53 55 57 58 59 61 62 63 65 66 66 67 69 70 71 73 73 75 76 77 78,39 55 57 67 81 92 95 104 103 117 126 122 134 128 120 127 154 143 183 206 181 190 162 223 172 174 160 176 162 147 165 236 181 217 288 305 336 346 303 408 392,1 1 1 1 1 1 1 1 1 1 1 1 1 0.98 1 1 1 1 1 1 1 1 1 1 1 1 1 1 1 1 1 1 1 1 1 0.79 1 1 1 1 1,mote_cascade8 moonfall8 cinderfall8 verdant_gaze8 deathcoil8 wild_hunt8 | cinderwake1 soul_harvest1 pack_leader1 pyre_burst1 plague_bearer1 kindling1 evasion4 iron_vow1 greed5 duplicity3 haste5 fleetfoot5 grave_call2 recovery4
187,deft,8990,arcanist,ember_staff,blink,2,kerchiefs,none,4,1,30.38,0,45.00,,0,47592,81,89,1.98,0.104,0.104,69962,22.5,0.000,2,4,momentum stormborn,firepot:1597 burning ground:739 Kerchief Enforcer:227 Kerchief Bruiser:200,12 18 22 26 29 31 34 36 37 39 41 43 44 45 47 49 50 51 53 54 55 57 58 59 60 61 63 64 64 66 67 68 70 71 72 73 74 75 75 76 78 79 79 81 81,35 50 58 70 62 80 88 111 91 98 127 111 133 125 119 112 138 133 98 124 126 166 160 140 198 156 153 196 200 132 137 174 167 176 150 222 343 238 274 265 322 354 330 310 202,1 1 1 1 1 0.94 1 0.9 1 1 1 1 0.96 1 1 0.87 0.72 1 1 1 1 1 1 1 1 1 1 1 1 1 1 1 1 1 0.83 1 1 1 1 1 1 1 1 1 1,fallen_star8 reavers_wheel8 tempest_coil8 circle_of_dawn8 hailwheel8 mote_cascade8 | momentum1 sanctify1 static_charge1 consecration1 pyre_burst1 kindling1 recovery4 stormborn1 duplicity3 chilling3 expanse5 deep_chill1 serration4 might5 blood_scent1
188,deft,16909,arcanist,rime_rod,blink,2,kerchiefs,none,4,1,30.23,0,45.00,,0,47209,84,92,2.04,0.097,0.298,69962,14.0,0.000,2,3,glass_cannon glass_cannon,firepot:670 Kerchief Footpad:462 burning ground:400 Kerchief Bruiser:165,8 14 18 24 27 29 32 34 36 38 40 41 42 44 45 47 49 50 52 53 54 56 57 59 60 61 62 63 65 66 66 66 68 69 70 72 74 75 77 77 79 79 81 83 84,39 49 56 69 77 89 86 79 103 105 126 116 130 132 160 152 105 140 138 88 145 95 115 87 113 85 144 150 94 81 148 116 120 138 229 287 258 276 229 163 239 270 382 247 239,1 1 1 0.94 1 0.91 1 1 1 1 1 1 1 1 1 0.96 1 1 1 1 1 1 1 1 1 1 1 1 1 1 1 1 1 1 1 1 1 1 1 1 1 1 1 1 1,glacier_spear8 arrowfall8 circle_of_dawn8 fallen_star8 hailwheel8 tether_of_anguish8 | glass_cannon2 deep_chill1 shatter1 fracture1 grave_call2 pyre_burst1 recovery4 ironhide5 expanse5 velocity3 wisdom4 chilling3 soul_harvest1
189,deft,24828,arcanist,apprentice_wand,time_slip,2,kerchiefs,none,4,1,30.58,1,36.91,enforcer,20,34560,71,79,2.14,0.000,0.175,69962,35.0,0.000,3,2,glass_cannon arcane_overflow,Kerchief Bruiser:241 firepot:116 Kerchief Enforcer:100 burning ground:58,13 17 22 22 28 30 32 35 35 38 40 41 44 45 47 48 50 51 53 54 55 55 56 56 58 59 60 60 62 62 63 64 66 68 69 70,52 54 57 46 57 79 65 67 74 75 140 122 151 107 122 171 109 165 171 103 103 95 105 113 190 142 96 137 139 161 184 204 212 177 262 202,1 1 1 1 1 1 1 1 1 1 1 1 1 1 1 1 1 1 1 1 1 1 1 1 1 1 1 1 1 1 1 1 1 1 1 0.68,seeking_motes8 tether_of_anguish8 moonfall8 arrowfall8 plaguebloom8 everbloom8 | glass_cannon2 plague_bearer1 soul_harvest1 pack_leader1 grave_call2 arcane_overflow1 searing4 recovery4 thorns3 expanse3 dark_bargain1 perennial3 velocity3
190,deft,32747,arcanist,ember_staff,time_slip,2,kerchiefs,none,4,1,31.47,1,43.90,footpad,26,31675,77,85,1.94,0.000,0.268,69962,88.3,0.000,3,2,arcane_overflow restless_hands,Kerchief Bruiser:5615 Kerchief Footpad:4712 Kerchief Enforcer:1582 firepot:977,10 15 20 23 26 27 31 33 35 37 38 40 41 42 44 45 46 48 49 50 52 53 55 56 58 59 61 62 63 65 66 66 68 69 70 71 72 73 74 75 75 76 76,52 48 52 75 70 91 104 111 89 100 132 121 146 154 162 180 175 183 238 207 210 193 276 231 202 263 258 250 260 312 54 321 313 345 353 294 341 378 393 388 370 381 414,1 1 1 1 0.99 1 1 1 1 1 1 1 1 1 1 1 1 1 1 1 1 1 1 1 1 1 1 1 1 1 1 0.86 1 1 1 1 1 1 1 0.73 0.38 1 0.76,living_flame8 tether_of_anguish8 thousand_cuts8 arcweb8 circle_of_dawn8 rend_and_mend8 | arcane_overflow1 pyre_burst1 blood_scent1 consecration1 grave_call1 dread_command2 restless_hands1 vitality5 wisdom4 recovery4 perennial5 warding3 serration4 soul_harvest1
191,deft,40666,arcanist,rime_rod,time_slip,2,kerchiefs,none,4,1,31.02,1,41.98,enforcer,25,41272,77,85,2.02,0.000,0.319,69962,61.4,0.000,1,3,cinderwake stormborn,firepot:1407 burning ground:690 Kerchief Enforcer:356 Kerchief Footpad:334,10 15 21 23 26 29 32 33 36 37 39 41 42 44 46 47 49 51 52 53 53 54 54 55 55 56 58 59 60 62 62 63 64 66 67 69 70 71 73 75 76,50 44 58 61 71 89 103 93 114 149 134 134 142 186 153 154 144 132 176 204 178 149 130 178 175 184 209 234 166 188 37 229 254 214 237 289 240 218 291 329 333,1 1 1 1 1 0.99 1 1 1 1 0.92 0.91 1 1 1 1 1 1 1 1 0.77 0.89 1 0.55 0.91 1 1 1 0.95 1 0.88 0.84 1 0.94 1 1 1 1 0.88 1 1,glacier_spear8 fallen_star8 mote_cascade8 plaguebloom8 temple_breaker8 pyre_of_faith8 | cinderwake2 pyre_burst1 emberseekers1 grave_call1 shatter1 velocity3 stormborn1 expanse5 searing4 evasion4 perennial5 sanctify1 duplicity3 deep_chill1
192,deft,1093,arcanist,apprentice_wand,blink,3,pack,none,7,1,30.71,0,45.00,,0,37703,76,84,1.87,0.275,0.275,109671,42.4,0.000,1,2,momentum duelists_grace,Longtooth Wolf:5503 Thicket Tusker:3526 Blight-Sick Wolf:2020 Greymuzzle:1493,8 18 24 26 30 32 35 36 37 38 40 41 43 44 45 46 48 49 50 52 53 55 56 57 58 60 61 62 63 65 65 66 67 69 69 71 72 72 73 74 74 75 76 76 76,47 59 69 64 64 96 107 95 117 112 140 154 164 199 182 199 204 146 144 103 122 143 94 132 106 119 188 213 201 156 197 171 323 357 375 378 400 396 398 394 392 388 395 402 396,1 1 1 1 1 1 1 1 1 0.96 0.52 1 1 1 1 1 1 1 1 0.95 0.7 1 1 1 1 1 1 1 1 1 1 1 1 1 1 1 0.98 1 1 1 1 1 1 1 1,starseeker8 tether_of_anguish8 tempest_coil8 moonfall8 reckoning8 soul_siphon8 | momentum1 static_charge1 grave_call3 dread_command1 duelists_grace1 expanse5 precision5 ironhide5 fleetfoot5 soul_harvest1 velocity3 recovery4 pack_leader1
193,deft,9012,arcanist,ember_staff,blink,3,pack,none,7,1,30.57,0,45.00,,0,48041,85,93,2.07,0.291,0.291,109671,34.2,0.000,2,4,momentum momentum,Greymuzzle:1985 blast:1141 Longtooth Wolf:968 Thicket Tusker:535,7 15 24 28 30 32 33 35 38 39 41 43 45 46 47 49 50 51 53 54 56 57 57 59 60 61 63 64 65 66 67 68 69 70 71 73 74 75 77 78 80 81 82 84 85,40 58 58 50 71 92 77 78 81 76 108 75 104 115 126 101 109 84 99 88 122 99 116 116 130 157 110 129 135 110 152 126 133 146 137 158 157 230 222 163 292 176 353 205 320,1 1 0.94 1 1 0.97 1 1 1 1 0.85 0.97 0.9 1 0.96 1 0.95 1 1 1 1 1 1 1 1 1 1 1 1 1 1 1 1 1 1 1 1 0.99 1 1 1 0.93 0.92 1 1,living_flame8 circle_of_dawn8 verdant_gaze8 great_herd8 sanctified_earth8 seeking_motes8 | momentum2 sanctify1 consecration1 plague_bearer1 pyre_burst1 kindling1 vitality5 haste5 perennial5 ironhide5 expanse5 warding3 emberseekers1 dark_bargain1
194,deft,16931,arcanist,rime_rod,blink,3,pack,none,7,1,30.85,0,45.00,,0,43148,84,92,2.04,0.592,0.592,109671,50.8,0.000,0,2,spirit_companion ember_tithe,Longtooth Wolf:2743 blast:2020 Thicket Tusker:1009 Blight-Sick Wolf:846,3 16 23 27 29 31 34 35 38 39 41 43 44 45 47 49 50 52 53 55 56 58 59 60 62 63 64 66 67 68 69 70 71 72 74 75 76 77 79 80 81 82 82 83 84,44 57 61 59 83 79 96 110 94 101 120 128 145 159 88 119 154 184 179 100 124 141 133 110 187 164 181 156 193 164 143 186 183 213 259 330 288 410 319 279 402 403 396 392 397,0.92 1 0.95 1 1 0.96 0.98 0.76 1 0.84 0.91 0.81 0.95 1 0.95 0.83 1 1 0.96 1 0.97 1 1 1 1 1 1 1 1 1 0.93 1 1 0.96 1 0.95 1 1 1 1 1 1 1 0.93 1,glacier_spear8 starseeker8 sanctified_earth8 everbloom8 razorgale8 arrowfall8 | spirit_companion3 deep_chill1 consecration1 fracture1 ember_tithe1 ironhide5 velocity3 serration4 sanctify1 precision5 perennial5 thorns5 grave_call1
195,deft,24850,arcanist,apprentice_wand,time_slip,3,pack,none,7,0,,1,30.24,wolf_alpha,18,24216,67,74,2.45,0.000,0.000,109671,14.6,0.760,3,2,duelists_grace duelists_grace,Longtooth Wolf:2552 blast:1283 Greymuzzle:1208 Thicket Tusker:1110,10 14 17 20 26 28 32 34 35 38 39 41 42 44 45 47 48 50 51 52 54 55 57 59 60 61 63 64 65 66,54 55 65 70 78 92 123 108 123 133 136 148 170 155 147 220 224 180 162 92 129 161 170 182 165 137 170 232 155 208,0.77 0.68 0.45 1 0.58 1 0.85 0.97 1 0.66 1 0.55 0.6 0.71 1 0.88 1 1 1 1 0.69 1 1 1 1 1 1 1 1 1,mote_cascade8 thornbloom8 moonfall8 spirit_herd8 verdant_gaze8 soul_siphon8 | duelists_grace3 dark_bargain1 plague_bearer1 pack_leader1 grave_call2 ferocity3 expanse4 duplicity3 recovery4 velocity3 might5
196,deft,32769,arcanist,ember_staff,time_slip,3,pack,none,7,1,30.55,0,45.00,,0,47636,81,89,1.98,0.505,0.807,109671,33.1,0.000,0,3,hunters_mark cinderwake,blast:1554 Longtooth Wolf:125 Thicket Tusker:124 Blight-Sick Wolf:41,10 19 23 26 29 32 34 36 38 40 41 43 45 46 47 48 50 52 53 54 55 57 58 58 58 60 61 62 64 64 65 67 67 69 70 71 71 72 73 75 76 77 78 80 81,55 53 55 71 65 79 76 94 109 95 115 119 125 154 124 147 129 153 76 87 79 166 77 88 84 152 137 126 111 102 124 107 165 210 203 179 266 232 396 274 379 378 401 360 390,1 1 1 1 1 1 1 1 1 1 0.96 1 1 1 1 1 1 1 0.94 1 1 1 1 1 1 1 1 1 1 1 1 1 1 1 1 1 1 1 1 1 1 1 1 1 1,fallen_star8 thousand_cuts8 deepwinter8 thunder_palm8 blighted_earth8 reavers_wheel8 | hunters_mark2 blood_scent1 butchers_mark1 soul_harvest1 emberseekers1 haste5 cinderwake1 chilling3 expanse5 serration4 grave_call1 ferocity4 perennial5 plague_bearer1
197,deft,40688,arcanist,rime_rod,time_slip,3,pack,none,7,1,30.59,0,45.00,,0,45154,82,90,2,0.241,0.669,109671,35.1,0.000,1,3,duelists_grace hunters_mark,Longtooth Wolf:2753 blast:2588 Thicket Tusker:1473 Blight-Sick Wolf:1091,3 13 21 26 29 30 34 36 37 39 40 43 44 46 47 48 50 52 52 54 55 57 58 59 60 61 63 64 65 66 67 68 69 70 71 72 74 75 76 77 78 79 80 81 82,55 53 59 52 77 93 85 60 114 104 122 145 113 148 122 164 103 101 130 80 141 121 114 98 159 194 118 151 122 164 217 285 193 188 219 337 315 270 282 401 452 378 400 389 392,0.97 0.99 1 1 1 0.96 0.95 1 1 0.72 1 1 1 1 0.9 1 0.95 1 1 1 1 1 1 1 1 1 1 1 1 1 1 1 1 1 1 1 1 1 1 1 1 1 1 1 1,glacier_spear8 circle_of_dawn8 reckoning8 living_flame8 hallowed_ring8 great_herd8 | duelists_grace1 shatter1 consecration1 sanctify1 pyre_burst1 dread_command1 perennial5 hunters_mark1 fortune4 vitality5 serration4 velocity3 greed5 soul_harvest1 emberseekers1
198,deft,1096,arcanist,apprentice_wand,blink,3,dead,none,7,0,,0,45.00,,0,10236,44,50,1.11,0.172,0.172,88580,900.0,1.000,2,1,duelists_grace arcane_overflow,bolt_bone:2163 Risen Shieldman:589 Risen:536 Barrow Knight:291,7 11 15 17 18 20 23 24 25 26 27 28 29 30 31 32 33 33 34 35 35 37 37 38 38 39 39 40 40 41 41 41 42 42 42 42 43 43 43 43 43 43 44 44 44,50 48 66 71 85 93 102 108 126 127 137 148 166 162 178 188 189 202 208 240 233 235 247 262 263 274 311 290 305 313 163 166 167 167 166 165 165 162 166 164 164 162 166 151 163,1 1 1 1 1 1 1 1 1 1 1 1 0.94 1 0.93 1 1 1 1 1 1 1 1 1 1 1 1 1 1 1 1 0.94 0.75 1 1 1 1 1 1 1 0.84 0.9 1 0.57 1,seeking_motes8 axe_gyre8 umbral_bolt8 knifestorm8 grave_tether8 moonbrand8 | duelists_grace1 soul_harvest1 blood_scent1 grave_call1 dread_command1 arcane_overflow1 butchers_mark1 greed1
199,deft,9015,arcanist,ember_staff,blink,3,dead,none,7,1,30.72,0,45.00,,0,42507,68,75,1.67,0.546,0.597,88580,43.3,0.000,0,3,iron_vow stormborn,bolt_bone:1393 frost_orb:613 Barrow Knight:65 Risen:12,6 11 15 17 21 23 25 27 28 30 31 33 34 36 37 38 39 41 42 43 45 46 47 48 50 51 51 51 53 54 55 55 56 57 57 58 59 60 62 63 64 65 66 67 68,37 49 63 71 81 96 98 123 126 116 139 143 162 173 155 173 201 173 183 230 194 241 210 231 172 212 290 164 165 123 275 154 214 168 148 241 259 353 333 346 358 364 273 395 398,1 1 1 1 1 1 1 1 1 1 1 1 1 1 1 1 1 1 0.92 0.99 1 1 1 1 0.99 1 1 1 1 1 1 1 0.95 1 1 1 1 1 1 1 0.91 1 1 1 1,cinderfall8 arcweb8 glacier_spear8 deathcoil8 razorgale8 temple_breaker8 | iron_vow1 static_charge1 shatter1 kindling1 pyre_burst1 stormborn1 emberseekers1 evasion4 ironhide5 duplicity3 velocity3 serration4 might5 deep_chill1
200,deft,16934,arcanist,rime_rod,blink,3,dead,none,7,1,32.87,0,45.00,,0,33767,67,74,1.64,0.128,0.597,88580,172.4,0.000,2,2,glass_cannon ember_tithe,bolt_bone:1438 frost_orb:285 Barrow Knight:276 Risen Shieldman:105,4 8 14 16 18 22 25 26 28 30 32 34 35 36 37 39 40 42 43 44 45 46 48 49 50 51 53 53 54 56 56 57 57 58 59 60 61 62 63 64 64 66 66 67 67,49 53 62 69 81 100 105 108 122 119 127 146 163 161 175 168 185 172 209 193 229 253 262 242 233 284 296 307 320 307 62 49 193 325 346 382 395 412 347 410 401 407 392 408 380,1 1 1 1 1 1 0.95 1 1 1 1 1 1 1 1 1 1 1 1 1 1 1 1 1 1 1 1 1 1 1 1 1 1 1 1 1 1 1 1 1 1 1 1 1 1,rimeshard8 tether_of_anguish8 soul_siphon8 volley8 plaguebloom8 pyre_of_faith8 | glass_cannon1 grave_call2 soul_harvest1 deep_chill1 shatter1 ember_tithe1 plague_bearer1 warding3 perennial5 searing4 ironhide5 recovery4 evasion4
201,deft,24853,arcanist,apprentice_wand,time_slip,3,dead,none,7,0,,1,20.89,barrow_knight,14,12006,44,50,2.39,0.000,0.000,0,0.0,,3,1,hunters_mark duelists_grace,bolt_bone:1435 Barrow Knight:531 frost_orb:94,7 12 15 17 20 22 24 26 28 30 32 33 35 35 38 39 40 41 43 44,50 54 75 71 85 104 104 128 125 130 148 156 164 165 192 227 189 176 217 224,1 1 1 1 1 1 0.95 0.96 1 0.94 1 0.81 0.87 0.38 1 1 1 1 1 1,seeking_motes8 knifestorm8 cinderfall8 judgement_disc8 hallowed_ring8 moonbrand8 | hunters_mark2 pyre_burst1 sanctify1 blood_scent1 emberseekers1 duelists_grace1 might1
202,deft,32772,arcanist,ember_staff,time_slip,3,dead,none,7,0,,1,30.91,barrow_knight,18,19447,51,57,1.84,0.000,0.000,88580,54.8,0.598,3,2,stormborn spirit_companion,bolt_bone:1670 Barrow Knight:505 frost_orb:208,8 12 15 18 19 21 24 26 28 29 30 31 33 34 35 37 38 39 40 41 42 43 44 45 45 47 48 48 50 50,44 46 65 70 88 91 101 116 121 124 130 145 162 161 215 157 203 227 216 228 240 239 265 255 214 234 257 257 307 194,1 1 1 0.87 0.95 1 1 1 1 1 1 1 1 1 0.95 0.71 1 1 1 0.92 0.92 1 1 1 0.45 0.94 0.85 0.79 1 0.38,fallen_star8 temple_breaker8 seeking_motes8 razorgale8 reavers_wheel8 tempest_coil8 | stormborn1 pyre_burst1 static_charge1 kindling1 soul_harvest1 spirit_companion1 pack_leader1 expanse4 serration1 evasion1 haste1
203,deft,40691,arcanist,rime_rod,time_slip,3,dead,none,7,1,32.10,0,45.00,,0,35411,70,78,1.73,0.627,0.700,88580,126.3,0.000,0,2,arcane_overflow ember_tithe,bolt_bone:2556 frost_orb:567,3 9 13 15 18 20 23 24 26 28 30 31 32 34 35 36 37 39 40 42 43 44 45 46 47 48 50 51 53 54 54 55 56 57 58 60 61 62 63 64 66 67 68 69 70,45 49 62 75 92 96 107 116 116 133 135 150 156 176 192 194 200 207 223 216 234 245 261 258 259 280 288 228 244 240 86 53 255 236 350 305 384 280 442 401 401 419 351 293 406,1 1 1 0.97 1 1 1 0.96 0.96 1 1 1 1 0.94 1 1 1 1 1 1 1 1 1 1 1 1 1 1 1 1 1 1 1 1 1 1 0.87 1 1 1 1 0.81 1 1 1,deepwinter8 gale_chakram8 living_flame8 harrowing8 ruin_bolt8 knifestorm8 | arcane_overflow1 shatter1 grave_call1 butchers_mark1 pack_leader1 ember_tithe1 soul_harvest1 might5 perennial5 haste5 expanse5 velocity3 searing4 consecration1 blood_scent1
204,deft,1099,arcanist,apprentice_wand,blink,3,lamplings,none,7,1,31.46,0,45.00,,0,45876,67,74,1.64,0.715,0.715,97017,87.7,0.000,0,3,restless_hands arcane_overflow,blast:1317 Lampling Tunneler:689 firepot:570 burning ground:88,7 12 15 19 21 24 26 28 30 32 33 35 36 37 38 40 41 42 43 44 44 46 47 48 49 50 51 52 53 54 54 55 56 57 58 58 60 60 61 63 63 64 65 66 67,44 51 64 79 62 99 85 103 80 97 143 160 147 134 151 105 161 110 115 105 239 133 122 130 154 147 113 149 118 151 30 148 221 156 243 174 180 315 180 177 408 219 383 308 303,1 1 1 1 1 1 1 1 1 0.96 1 1 1 1 1 1 1 1 1 1 1 1 1 1 1 1 1 1 1 1 1 1 1 0.93 1 1 1 1 1 1 1 1 1 1 1,seeking_motes8 glacier_spear8 circle_of_dawn8 tether_of_anguish8 sanctified_earth8 soul_siphon8 | restless_hands1 grave_call2 pack_leader1 deep_chill1 sanctify1 arcane_overflow1 ironhide5 recovery4 velocity3 searing3 haste5 greed4 fracture1
205,deft,9018,arcanist,ember_staff,blink,3,lamplings,none,7,1,30.97,0,45.00,,0,47495,68,75,1.67,0.661,0.663,97017,58.3,0.000,0,4,restless_hands restless_hands,blast:1903 firepot:938 Lampling Tunneler:796 burning ground:158,9 14 18 21 22 26 28 30 31 33 34 36 37 38 39 40 41 43 44 45 46 47 48 49 50 50 52 53 53 54 55 56 57 57 58 59 60 61 62 63 64 65 66 67 68,41 54 63 75 64 95 69 89 76 93 113 94 107 95 89 113 113 141 112 108 117 115 146 126 101 173 133 146 117 153 51 167 146 167 198 229 153 194 264 343 187 414 287 289 367,1 1 1 1 1 1 0.9 1 0.97 1 1 1 1 1 1 1 1 1 1 1 1 1 1 1 1 1 1 1 1 1 1 1 1 1 1 1 1 1 0.87 1 0.96 1 0.86 1 1,living_flame8 seeking_motes8 glacier_spear8 aegis_wheel8 thousand_cuts8 arcweb8 | restless_hands2 shatter1 grave_call1 blood_scent1 dread_command2 chilling3 serration4 perennial5 ferocity4 velocity3 vitality5 pyre_burst1
206,deft,16937,arcanist,rime_rod,blink,3,lamplings,none,7,1,31.48,0,45.00,,0,46579,68,75,1.67,0.640,0.691,97017,89.0,0.000,0,4,bloodthirst bloodthirst,blast:2199 Lampling Tunneler:2174 firepot:605 Lampling Sapper:275,7 12 15 20 22 23 27 29 30 32 34 35 36 38 39 40 41 42 43 44 45 46 47 48 49 50 51 52 53 54 54 54 56 56 58 58 59 60 62 63 63 65 66 67 68,40 49 64 71 75 95 102 115 91 80 128 115 101 122 150 135 189 187 106 182 235 218 180 139 119 111 131 142 123 133 28 162 134 177 144 160 240 203 178 151 193 272 212 270 190,1 1 1 1 1 1 0.95 1 1 0.98 1 1 1 1 1 1 1 1 1 1 1 1 1 1 1 1 1 1 1 1 1 1 1 1 1 1 1 1 1 1 1 1 1 1 1,glacier_spear8 harrowing8 moonfall8 verdant_gaze8 deathcoil8 umbral_bolt8 | bloodthirst2 shatter1 plague_bearer1 deep_chill1 grave_call1 soul_harvest1 duplicity3 velocity3 expanse5 precision5 chilling3 fleetfoot5 dread_command1
207,deft,24856,arcanist,apprentice_wand,time_slip,3,lamplings,none,7,1,31.06,0,45.00,,0,46113,67,74,1.64,0.271,0.762,97017,63.8,0.000,1,3,iron_vow momentum,Lampling Tunneler:4434 blast:1132 firepot:1080 burning ground:346,9 14 17 21 23 25 27 29 31 32 34 35 36 38 39 40 40 42 43 43 45 46 47 48 49 50 51 52 53 54 54 55 56 57 58 59 60 61 62 63 63 64 65 66 67,55 52 66 70 82 107 106 100 73 110 131 116 165 130 149 195 217 199 152 194 220 181 147 161 156 159 165 131 129 134 32 229 188 203 248 380 268 247 201 218 364 310 240 245 216,1 1 1 1 1 1 1 1 0.95 1 1 1 1 0.97 0.96 1 1 1 1 1 1 1 1 1 1 1 1 1 1 1 1 1 1 1 1 1 1 1 1 1 1 1 1 0.99 0.9,starseeker8 harrowing8 thunder_palm8 dawnpulse8 grave_tether8 moonfall8 | iron_vow1 sanctify1 grave_call3 pack_leader1 momentum1 haste5 greed5 precision5 expanse5 searing4 perennial5 static_charge1
208,deft,32775,arcanist,ember_staff,time_slip,3,lamplings,none,7,1,30.83,0,45.00,,0,47214,68,75,1.67,0.630,0.753,97017,49.8,0.000,0,4,arcane_overflow momentum,Lampling Tunneler:2555 blast:1144 firepot:1028 burning ground:392,8 15 18 21 24 26 28 30 31 33 34 35 37 38 39 41 42 43 44 45 46 47 48 49 50 51 52 53 53 54 55 56 56 58 58 59 60 61 62 63 64 65 66 67 68,56 64 67 70 80 91 87 95 94 98 131 112 95 153 138 125 147 114 88 100 152 106 183 154 120 121 149 122 176 196 133 156 159 127 235 217 224 228 397 217 271 279 397 297 308,1 1 1 0.96 1 1 0.99 1 1 1 1 1 0.9 1 0.76 1 1 1 1 1 1 1 0.98 1 1 1 1 1 1 1 0.94 1 1 1 1 1 0.95 1 1 1 1 0.97 1 0.9 1,living_flame8 verdant_lance8 tether_of_anguish8 aegis_wheel8 rimeshard8 plaguebloom8 | arcane_overflow1 emberseekers1 kindling1 plague_bearer1 pyre_burst1 momentum1 deep_chill1 perennial5 vitality5 fleetfoot5 ferocity3 chilling3 recovery3 grave_call1
209,deft,40694,arcanist,rime_rod,time_slip,3,lamplings,none,7,1,31.30,0,45.00,,0,45283,67,74,1.64,0.614,0.614,97017,77.8,0.000,0,4,bloodthirst restless_hands,Lampling Tunneler:3545 blast:1699 firepot:1485 burning ground:553,9 13 16 20 22 24 26 28 30 31 33 35 35 37 38 39 40 41 42 43 44 45 46 47 48 49 50 51 52 53 54 54 55 56 57 58 59 60 61 62 63 64 65 66 67,55 52 65 83 79 93 108 113 132 123 144 148 180 145 136 151 223 213 217 223 253 261 240 146 171 178 200 193 175 206 41 182 199 253 230 244 228 289 320 292 298 290 224 272 204,1 1 1 1 1 1 1 1 1 1 1 1 1 1 1 1 1 1 1 1 1 1 1 1 0.92 1 1 1 1 1 1 1 1 0.92 1 1 1 1 1 1 1 1 1 1 1,deepwinter8 aegis_wheel8 seeking_motes8 tether_of_anguish8 verdant_gaze8 tempest_coil8 | bloodthirst2 shatter1 grave_call3 restless_hands1 plague_bearer1 recovery4 haste5 greed5 vitality5 velocity3 expanse5
210,deft,1102,arcanist,apprentice_wand,blink,3,kerchiefs,none,7,1,31.50,1,41.45,bruiser,26,35636,79,87,2.1,0.000,0.643,101235,90.1,0.000,3,2,spirit_companion bloodthirst,Kerchief Footpad:3034 Kerchief Bruiser:1625 firepot:1359 burning ground:642,8 15 22 26 28 32 34 37 38 41 42 43 46 47 49 50 52 53 55 56 58 59 60 62 63 64 66 67 68 70 70 70 72 73 74 75 76 76 77 78 79,48 51 63 70 77 99 100 90 116 103 146 152 142 181 138 199 172 154 117 167 198 176 177 206 134 195 249 184 265 212 45 237 307 295 251 369 371 394 392 334 381,0.91 1 1 1 1 0.97 0.95 1 1 0.9 1 1 1 1 1 0.89 1 1 1 1 1 1 1 1 1 1 1 1 1 1 1 0.99 1 1 1 1 1 0.87 1 1 0.9,seeking_motes8 arrowfall8 pyre_of_faith8 glacier_spear8 tether_of_anguish8 arcweb8 | spirit_companion1 shatter1 grave_call3 static_charge1 consecration1 recovery4 fleetfoot5 bloodthirst1 velocity3 searing4 chilling3 dread_command1 evasion4
211,deft,9021,arcanist,ember_staff,blink,3,kerchiefs,none,7,1,30.54,0,45.00,,0,43294,85,93,2.07,0.503,0.741,101235,32.3,0.000,0,3,iron_vow arcane_overflow,Kerchief Footpad:1519 firepot:470 Kerchief Bruiser:455 Kerchief Enforcer:130,7 13 16 23 27 29 32 35 36 38 39 41 43 45 46 48 49 51 52 54 56 56 57 58 60 61 62 62 63 64 65 67 68 69 70 72 73 75 77 78 80 81 82 84 85,52 55 58 71 84 94 109 118 122 130 142 138 152 159 211 198 123 107 70 156 149 56 116 129 109 116 135 191 121 89 203 163 144 221 211 233 398 334 322 223 384 375 365 420 398,1 1 1 1 1 1 1 1 1 1 1 1 1 1 1 1 1 1 1 1 1 1 1 1 1 1 1 1 1 1 1 1 1 1 1 1 1 1 1 1 1 1 1 1 0.7,fallen_star8 tether_of_anguish8 glacier_spear8 moonfall8 seeking_motes8 arrowfall8 | iron_vow1 soul_harvest1 emberseekers1 deep_chill1 grave_call1 shatter1 recovery4 arcane_overflow1 expanse5 velocity3 perennial5 fortune4 dread_command1 ironhide5 pyre_burst1
212,deft,16940,arcanist,rime_rod,blink,3,kerchiefs,none,7,1,30.48,0,45.00,,0,44948,85,93,2.07,0.524,0.673,101235,28.7,0.000,0,2,restless_hands restless_hands,Kerchief Footpad:2256 Kerchief Bruiser:821 firepot:437 Kerchief Enforcer:242,3 14 21 24 29 33 35 37 39 41 42 45 47 48 50 51 53 55 56 57 59 60 61 61 63 65 66 67 68 70 71 72 73 74 76 77 78 79 79 80 81 82 84 85 85,46 55 66 67 62 102 89 77 76 102 131 133 135 123 123 121 100 175 106 118 126 124 129 136 131 212 132 180 135 158 187 273 194 186 200 340 334 272 254 392 378 419 409 420 391,1 1 1 1 1 1 0.93 0.93 1 1 1 1 0.92 0.93 1 1 1 1 1 1 1 1 1 1 1 1 1 1 1 1 1 1 1 1 1 1 1 1 1 1 0.97 1 1 1 0.92,rimeshard8 grave_tether8 ruin_bolt8 predators_volley8 plaguebloom8 living_flame8 | restless_hands3 deep_chill1 grave_call2 pack_leader1 perennial5 serration4 precision5 ironhide5 vitality5 might5 soul_harvest1 kindling1
213,deft,24859,arcanist,apprentice_wand,time_slip,3,kerchiefs,none,7,0,,1,13.31,footpad,10,7125,44,49,3.68,0.000,0.000,0,0.0,,3,1,spirit_companion,Kerchief Footpad:873 Kerchief Bruiser:625 Kerchief Enforcer:363 firepot:129,6 15 22 26 30 32 33 34 37 40 40 43 44,56 50 71 72 67 100 106 113 100 119 148 141 163,0.94 0.89 0.94 0.94 0.91 1 1 0.84 1 1 0.68 0.77 0.8,seeking_motes8 umbral_bolt8 blightfield8 spirit_herd8 volley8 verdant_lance5 | spirit_companion3 grave_call1 plague_bearer1 pack_leader1
214,deft,32778,arcanist,ember_staff,time_slip,3,kerchiefs,none,7,0,,1,20.30,enforcer,14,13916,57,64,3.15,0.000,0.000,0,0.0,,3,1,hunters_mark momentum,Kerchief Enforcer:764 firepot:310 burning ground:227 Kerchief Footpad:160,11 16 22 26 29 32 34 37 39 41 42 44 45 47 49 51 52 54 55 57,51 49 60 80 69 122 83 116 108 97 145 152 160 115 132 165 171 131 116 88,0.88 1 1 0.98 1 1 1 1 1 1 1 1 0.96 1 1 1 1 1 1 1,fallen_star8 pyre_of_faith8 gale_chakram8 steel_flurry8 iron_palms8 great_herd8 | hunters_mark3 pyre_burst1 sanctify1 grave_call1 blood_scent1 expanse2 searing3 momentum1 might1 greed1 perennial4 fleetfoot1
215,deft,40697,arcanist,rime_rod,time_slip,3,kerchiefs,none,7,1,31.00,0,45.00,,0,32799,80,88,1.96,0.141,0.532,101235,60.2,0.000,2,2,arcane_overflow stormborn,firepot:1706 burning ground:1015 Kerchief Footpad:374 Kerchief Enforcer:283,7 16 19 24 26 31 33 35 38 39 41 44 46 48 48 51 53 54 56 56 58 59 61 62 63 65 66 67 68 69 70 71 72 72 73 75 75 76 77 78 78 79 79 79 80,45 56 64 80 67 115 101 111 100 112 138 142 125 154 146 165 160 231 250 234 262 243 284 268 261 310 297 317 347 297 63 384 383 426 341 383 448 446 418 401 396 395 387 399 389,0.83 1 1 1 0.93 1 1 1 1 1 0.9 0.99 0.98 0.98 1 1 1 1 1 1 1 1 1 1 1 1 1 1 1 1 1 1 1 1 1 1 1 0.87 1 1 1 1 1 0.81 1,deepwinter8 soul_siphon8 seeking_motes8 gyrestorm8 circle_of_dawn8 hailwheel8 | arcane_overflow3 deep_chill1 sanctify1 consecration1 dark_bargain1 perennial5 ferocity4 stormborn1 recovery4 chilling3 haste5 velocity3 fracture1
216,deft,1031,stalker,hunting_bow,mark_prey,1,pack,none,1,1,30.22,0,45.00,,0,48157,73,81,1.8,0.192,0.487,49318,13.2,0.000,1,4,stormborn hunters_mark,Longtooth Wolf:1924 blast:1651 Thicket Tusker:867 Blight-Sick Wolf:419,12 15 20 23 25 27 29 31 33 34 35 37 39 40 41 42 43 45 46 47 48 50 50 51 53 53 54 56 57 58 59 59 61 62 63 64 65 66 67 68 69 70 71 72 73,40 54 51 52 62 77 82 77 63 71 89 106 110 74 113 142 146 105 91 114 104 96 113 162 114 128 145 114 122 98 119 144 157 181 156 185 206 212 191 162 341 351 326 346 336,0.97 1 0.98 0.96 1 0.8 0.97 0.87 0.86 0.91 1 0.89 1 1 1 1 0.83 0.81 1 1 1 1 1 1 1 1 1 1 1 1 1 1 1 1 1 1 0.95 1 1 1 1 1 1 1 1,volley8 sunlance8 deepwinter8 blighted_earth8 strangleroot8 soul_siphon8 | stormborn1 plague_bearer1 shatter1 emberseekers1 fracture1 grave_call1 hunters_mark2 haste5 recovery4 chilling3 perennial5 deep_chill1 searing4 warding3
217,deft,8950,stalker,knife_belt,mark_prey,1,pack,none,1,1,30.22,0,45.00,,0,48108,74,82,1.82,0.390,0.754,49318,13.3,0.000,0,4,arcane_overflow iron_vow,blast:1361 Longtooth Wolf:538 Thicket Tusker:199 Blight-Sick Wolf:64,7 13 16 22 25 27 29 30 32 34 35 37 38 40 41 42 43 45 46 47 48 49 50 51 52 54 54 56 57 58 59 60 61 62 63 64 65 66 67 68 70 71 72 73 74,43 47 50 47 59 70 69 68 87 85 98 85 100 111 79 88 108 100 134 104 79 104 78 94 80 108 90 87 111 72 68 126 106 126 137 177 177 206 248 202 205 209 159 233 274,0.93 0.98 1 1 1 0.89 1 1 0.99 0.95 1 1 1 1 0.91 1 1 1 1 1 1 1 0.98 1 1 1 1 1 1 1 1 1 1 1 1 1 1 1 1 1 1 1 1 1 1,steel_flurry8 mote_cascade8 glacier_spear8 moonfall8 living_flame8 gale_chakram8 | arcane_overflow2 shatter1 kindling1 deep_chill1 blood_scent1 iron_vow1 velocity3 fleetfoot5 perennial5 duplicity3 greed5 might5 grave_call1 pack_leader1
218,deft,16869,stalker,hunting_bow,smoke_bomb,1,pack,none,1,1,31.00,0,45.00,,0,33889,66,73,1.62,0.071,0.492,49318,60.3,0.000,2,2,duelists_grace iron_vow,Longtooth Wolf:1911 blast:1725 Thicket Tusker:1055 Blight-Sick Wolf:689,8 14 17 20 23 26 27 30 30 32 34 35 36 37 39 39 40 42 42 43 44 45 46 47 49 49 51 52 53 54 55 56 57 58 59 60 61 61 62 63 63 64 64 66 66,36 45 49 53 54 79 89 97 102 88 116 124 138 133 139 155 157 169 180 180 188 202 218 194 185 235 209 247 229 266 126 261 296 304 261 302 342 384 327 337 357 343 325 380 376,0.94 1 0.96 0.97 1 1 1 0.95 1 1 0.96 0.85 1 0.92 1 1 1 1 1 0.87 1 1 0.8 0.95 0.98 1 0.84 1 1 1 1 0.91 1 1 0.9 1 1 1 0.79 1 1 1 0.98 1 0.46,arrowfall8 hailwheel8 verdant_gaze8 great_herd8 plaguebloom8 glacier_spear8 | duelists_grace1 plague_bearer1 pack_leader1 deep_chill1 grave_call1 iron_vow1 shatter1 might3 velocity3 perennial5 evasion4 dread_command1 recovery2 chilling3
219,deft,24788,stalker,knife_belt,smoke_bomb,1,pack,none,1,1,30.73,1,44.09,wolf,24,34216,66,73,1.66,0.000,0.237,49318,44.1,0.000,3,2,spirit_companion stormborn,blast:2443 Longtooth Wolf:2320 Thicket Tusker:998 Blight-Sick Wolf:776,9 13 18 19 24 26 27 30 31 33 34 35 37 38 39 40 42 43 43 45 46 47 48 49 50 51 53 53 54 55 56 57 58 59 60 61 62 62 63 64 64 65 65 66,40 51 50 57 52 102 92 78 98 107 122 119 127 142 148 163 161 150 160 195 183 201 192 227 198 219 244 256 262 271 279 287 298 274 307 320 325 315 321 348 349 355 355 358,1 1 1 1 1 1 1 1 1 1 1 1 1 0.89 0.89 1 1 1 0.8 1 0.82 0.88 1 1 1 1 1 1 1 0.85 1 1 0.95 0.81 1 0.75 0.82 0.85 0.97 1 0.93 1 1 1,thousand_cuts8 reckoning8 living_flame8 thornbloom8 reavers_wheel8 soul_siphon8 | spirit_companion1 pack_leader1 pyre_burst1 soul_harvest1 grave_call2 stormborn1 kindling1 serration4 recovery4 perennial5 precision2 might2 greed3
220,deft,32707,stalker,hunting_bow,mark_prey,1,pack,none,1,1,30.47,1,40.52,wolf_alpha,23,35193,65,72,1.78,0.000,0.491,49318,28.0,0.000,3,3,glass_cannon bloodthirst,Longtooth Wolf:3338 Thicket Tusker:2126 blast:1778 Blight-Sick Wolf:1455,10 16 21 21 25 27 29 31 33 34 36 37 38 40 41 43 44 45 45 47 48 49 50 51 52 53 54 55 56 57 58 59 60 61 62 62 63 64 64 64,37 51 39 36 51 66 56 69 93 95 113 120 90 87 66 125 120 175 128 145 198 205 185 206 154 253 163 157 170 189 208 292 295 271 298 310 317 328 328 343,0.97 1 1 1 0.89 1 1 1 1 1 1 1 1 1 1 1 1 1 1 1 1 1 1 1 0.97 1 0.83 1 1 1 1 1 1 1 0.78 1 1 1 1 1,arrowfall8 reckoning8 soul_siphon8 starseeker8 tether_of_anguish8 verdant_gaze8 | glass_cannon1 soul_harvest1 pack_leader1 dread_command1 grave_call2 plague_bearer1 bloodthirst1 greed2 expanse3 velocity1 precision5 recovery4 searing2
221,deft,40626,stalker,knife_belt,mark_prey,1,pack,none,1,1,30.76,0,45.00,,0,37598,67,74,1.64,0.308,0.635,49318,45.6,0.000,1,2,bloodthirst stormborn,Longtooth Wolf:5086 Thicket Tusker:2121 Blight-Sick Wolf:1912 blast:1330,9 14 18 22 24 25 27 29 30 32 34 36 37 38 40 41 43 44 45 46 48 49 50 51 52 53 54 55 56 57 58 58 59 61 61 62 62 63 64 65 65 66 66 67 67,41 45 53 50 67 81 78 95 73 95 98 115 122 133 99 143 135 173 134 151 184 117 189 203 232 184 215 251 224 179 208 265 304 305 309 315 308 322 325 344 348 344 390 431 367,1 1 1 1 1 0.97 1 1 1 1 1 1 1 1 1 1 1 1 0.94 1 1 1 1 0.95 1 1 1 1 1 0.96 0.95 1 0.95 1 1 1 1 1 1 1 1 1 1 1 0.98,steel_flurry8 grave_tether8 thornbloom8 thunder_palm8 blightfield8 seeking_motes8 | bloodthirst2 butchers_mark1 grave_call3 stormborn1 haste5 fleetfoot5 ferocity4 ironhide5 fortune4 velocity3 plague_bearer1
222,deft,1034,stalker,hunting_bow,mark_prey,1,dead,none,1,1,30.76,1,37.89,barrow_knight,18,23404,50,56,1.48,0.000,0.615,39834,45.7,0.000,0,2,iron_vow iron_vow,bolt_bone:1567 frost_orb:338 Barrow Knight:313 Risen Shieldman:204,6 9 9 15 16 18 20 22 23 25 26 27 29 30 31 32 33 34 35 36 37 38 39 40 41 42 42 43 43 44 45 46 46 47 48 49 49,35 44 51 60 66 69 89 91 101 110 113 123 137 143 150 156 173 162 173 200 197 202 207 214 221 223 235 255 248 266 272 281 284 291 310 304 315,1 1 1 1 0.91 1 1 1 1 1 1 0.92 1 1 1 1 1 1 1 1 1 1 1 1 0.95 1 1 1 1 1 0.92 1 1 1 1 1 1,predators_volley8 knifestorm8 starseeker8 living_flame8 dawnpulse8 moonfall8 | iron_vow2 blood_scent1 consecration1 sanctify1 pyre_burst1 grave_call1 precision1 perennial1 haste2 greed2 chilling1
223,deft,8953,stalker,knife_belt,mark_prey,1,dead,none,1,1,31.59,0,45.00,,0,28356,56,63,1.4,0.272,0.272,39834,95.6,0.000,1,3,arcane_overflow restless_hands,bolt_bone:2603 frost_orb:570 Barrow Knight:429 Risen:41,5 8 11 13 15 17 18 19 20 22 24 25 26 28 29 30 32 33 34 35 36 37 37 38 39 40 41 41 42 43 44 44 45 46 47 48 49 50 51 52 53 54 55 56 56,34 40 53 56 66 79 87 93 102 108 113 120 125 132 137 158 156 168 187 179 191 200 210 212 224 229 239 245 250 260 96 276 280 289 316 312 321 317 338 328 338 348 356 371 380,1 1 1 1 1 1 1 1 1 1 1 1 1 1 1 0.88 0.92 1 1 1 1 1 1 1 0.95 1 1 1 1 1 1 1 1 1 1 1 1 1 1 1 1 1 1 1 1,thousand_cuts8 razorgale8 tether_of_anguish8 sanctified_earth8 fallen_star8 starseeker8 | arcane_overflow1 blood_scent1 grave_call1 consecration1 sanctify1 restless_hands1 soul_harvest1 wisdom2 greed3 expanse2 ironhide2 precision2 serration2 pyre_burst1
224,deft,16872,stalker,hunting_bow,smoke_bomb,1,dead,none,1,0,,0,45.00,,0,21597,56,63,1.4,0.165,0.165,39834,900.0,0.661,2,2,ember_tithe bloodthirst,bolt_bone:2931 Risen Shieldman:625 frost_orb:513 Risen:210,7 10 13 16 18 20 21 23 25 26 28 30 31 32 33 35 36 37 38 39 41 41 42 43 44 46 47 48 49 50 51 51 51 52 52 52 53 53 53 54 54 55 55 55 56,33 45 52 56 65 83 92 83 97 109 108 103 138 140 148 156 165 172 210 186 191 200 208 222 211 242 248 268 243 267 45 60 50 54 74 86 64 84 85 76 115 119 131 152 121,1 1 1 0.97 1 0.96 0.96 1 1 1 1 1 1 1 1 1 1 1 1 1 0.96 1 1 1 1 1 1 1 1 1 0.88 1 1 1 1 0.9 1 1 1 0.98 0.84 0.84 0.74 0.85 1,predators_volley8 moonfall8 thornbloom8 skybreak8 fallen_star8 verdant_gaze8 | ember_tithe2 dark_bargain1 emberseekers1 pyre_burst1 kindling1 bloodthirst1 greed2 precision2 evasion1 vitality1 velocity2 expanse2 static_charge1
225,deft,24791,stalker,knife_belt,smoke_bomb,1,dead,none,1,0,,1,38.64,risen_archer,20,10150,38,43,1.11,0.000,0.000,39834,518.2,0.285,3,1,hunters_mark arcane_overflow,bolt_bone:1862 frost_orb:439 Barrow Knight:206 Risen:59,4 8 10 12 13 15 16 18 18 20 20 22 23 24 26 26 28 29 30 30 31 32 33 33 33 34 35 35 36 36 36 37 37 37 38 38 38 38,41 36 51 56 74 72 77 88 98 110 118 114 127 129 140 162 163 170 178 179 191 194 208 216 213 221 232 249 248 260 114 135 138 124 143 151 151 155,1 1 1 0.96 0.97 0.99 1 1 1 1 1 1 1 1 1 0.93 0.75 1 1 0.89 1 1 0.92 0.94 1 1 1 1 1 1 0.67 1 1 0.39 1 0.43 0.53 1,knifestorm8 cinderfall5 iron_palms8 reaving_arc8 rimeshard8 axe_gyre8 | hunters_mark1 pyre_burst1 soul_harvest1 grave_call1 arcane_overflow1 blood_scent1
226,deft,32710,stalker,hunting_bow,mark_prey,1,dead,none,1,1,35.40,0,45.00,,0,19841,48,54,1.2,0.206,0.550,39834,324.2,0.000,2,2,stormborn stormborn,bolt_bone:2213 frost_orb:718 Risen:493 Risen Shieldman:436,6 10 12 14 15 17 19 20 21 22 25 26 27 28 29 31 31 33 34 34 35 36 37 38 39 40 41 41 42 42 43 43 43 44 44 44 44 45 45 46 46 47 47 48 48,35 40 49 56 62 75 93 93 99 102 121 120 126 173 144 155 165 166 181 185 183 197 204 216 225 233 242 240 246 263 76 106 139 87 144 312 317 317 330 342 342 362 365 371 377,1 1 1 1 0.96 1 1 1 1 1 1 1 0.94 1 1 0.93 1 1 1 1 0.8 1 0.89 1 1 1 1 0.91 0.85 1 1 1 0.88 0.98 1 0.86 1 1 1 1 1 1 0.85 1 1,volley8 razorgale8 cinderfall8 tether_of_anguish8 iron_palms8 rimeshard8 | stormborn3 grave_call1 fracture1 pyre_burst1 pack_leader1 serration1 recovery1
227,deft,40629,stalker,knife_belt,mark_prey,1,dead,none,1,1,30.25,1,40.72,barrow_knight,23,31333,58,65,1.6,0.000,0.035,39834,14.8,0.000,3,3,duelists_grace glass_cannon,bolt_bone:3079 Barrow Knight:690 frost_orb:429 Risen Shieldman:389,5 8 11 13 15 16 18 20 22 24 24 26 28 28 29 30 32 33 35 36 38 39 40 41 42 43 44 45 46 47 48 49 50 52 52 53 55 56 57 57,33 43 50 60 73 75 91 87 98 110 116 126 133 148 147 153 153 155 171 190 173 203 209 216 222 243 180 228 251 265 262 292 271 281 291 308 333 334 323 341,1 1 1 0.92 0.96 0.91 0.71 1 1 0.96 1 1 1 1 1 1 0.9 0.92 1 0.81 0.76 0.61 1 1 1 1 1 0.93 1 1 1 1 1 0.85 1 1 1 1 1 0.9,steel_flurry8 circle_of_dawn8 gale_chakram8 soul_siphon8 living_flame8 moonbrand8 | duelists_grace1 consecration1 pyre_burst1 dark_bargain1 blood_scent1 glass_cannon1 kindling1 vitality4 recovery2 thorns2 fleetfoot1 wisdom1 perennial5 grave_call1
228,deft,1037,stalker,hunting_bow,mark_prey,1,lamplings,none,1,1,30.26,0,45.00,,0,48419,61,68,1.51,0.419,0.611,43628,15.7,0.000,0,4,duelists_grace hunters_mark,blast:2265 Lampling Tunneler:1950 firepot:1207 burning ground:309,7 11 15 17 20 22 24 25 27 28 30 31 32 33 34 35 36 37 38 39 40 41 42 43 44 45 45 46 47 48 48 50 50 51 52 53 54 55 56 57 57 58 59 60 61,31 45 49 58 58 76 76 95 100 59 103 68 79 78 101 100 93 92 86 136 100 110 110 109 109 139 118 139 116 108 133 130 190 136 130 129 166 147 191 162 209 202 202 173 186,1 0.97 1 1 1 1 1 0.97 0.93 1 1 1 1 0.9 1 1 1 1 1 0.89 1 1 1 1 1 1 1 0.97 1 1 1 1 1 1 1 1 0.99 1 1 1 1 0.63 0.43 0.78 1,arrowfall8 iron_palms8 thousand_cuts8 aegis_wheel8 hallowed_ring8 ruin_bolt8 | duelists_grace3 blood_scent1 sanctify1 hunters_mark1 consecration1 velocity3 vitality5 might5 serration4 duplicity3 expanse5 grave_call1
229,deft,8956,stalker,knife_belt,mark_prey,1,lamplings,none,1,1,30.93,1,43.21,lampling,24,44543,62,69,1.6,0.000,0.707,43628,55.7,0.000,3,3,ember_tithe iron_vow,Lampling Tunneler:2180 blast:1169 firepot:342 Lampling Sapper:280,10 13 16 19 21 23 25 27 28 30 31 33 34 35 36 37 38 39 40 41 42 43 44 45 46 47 48 48 49 50 50 51 52 53 54 55 56 57 58 59 60 61 62,33 39 46 56 48 63 81 70 68 81 104 97 77 96 102 110 129 152 119 111 151 127 132 122 104 163 136 133 125 123 102 157 168 138 192 209 247 234 241 301 213 314 208,1 1 1 1 1 1 0.96 1 1 1 1 1 0.77 1 0.9 1 1 1 1 1 1 1 1 1 1 1 0.98 1 1 0.86 1 1 1 0.98 1 1 0.82 1 1 1 1 1 0.98,steel_flurry8 umbral_bolt8 everbloom8 plaguebloom8 arrowfall8 thunder_palm8 | ember_tithe1 plague_bearer1 soul_harvest1 grave_call1 dread_command1 iron_vow2 blood_scent1 haste3 velocity3 thorns2 fleetfoot4 expanse3 perennial5
230,deft,16875,stalker,hunting_bow,smoke_bomb,1,lamplings,none,1,1,31.25,0,45.00,,0,45393,60,67,1.49,0.192,0.608,43628,74.7,0.000,3,3,cinderwake hunters_mark,Lampling Tunneler:6647 blast:1407 firepot:831 burning ground:228,7 11 14 16 17 20 22 23 26 27 29 30 31 32 33 34 36 37 38 39 39 40 41 42 43 44 45 45 47 47 48 48 49 50 51 52 52 53 54 55 56 57 58 59 60,34 48 44 64 57 71 72 92 78 78 105 108 98 105 82 104 92 96 125 104 114 117 132 156 134 158 149 175 217 119 30 185 176 150 174 292 188 211 289 291 336 222 362 385 231,1 1 1 1 1 1 1 1 0.94 1 0.94 0.96 1 1 1 1 1 1 1 1 1 0.98 1 1 1 1 1 1 1 1 1 1 1 1 1 1 0.7 0.79 0.97 1 1 1 0.87 0.61 1,arrowfall8 plaguebloom8 soul_siphon8 sunlance8 moonbrand8 circle_of_dawn8 | cinderwake1 plague_bearer1 grave_call2 pack_leader1 consecration1 hunters_mark1 searing4 perennial5 vitality5 thorns5 recovery4 velocity2 dark_bargain1
231,deft,24794,stalker,knife_belt,smoke_bomb,1,lamplings,none,1,1,30.48,0,45.00,,0,34464,54,61,1.36,0.326,0.661,43628,29.0,0.000,1,2,momentum duelists_grace,Lampling Tunneler:5142 firepot:881 blast:701 burning ground:129,7 12 15 18 21 23 24 26 28 29 30 32 33 34 35 35 37 38 39 40 41 42 43 43 44 45 46 47 48 48 49 50 50 51 52 52 52 53 53 53 54 54 54 54 54,42 50 55 64 54 69 75 63 80 80 106 113 119 106 93 147 120 133 124 113 172 178 219 156 155 238 239 193 190 188 245 290 297 296 316 308 318 325 326 339 341 350 352 364 359,1 1 1 1 1 1 1 0.94 1 1 1 1 0.97 1 1 1 1 1 1 0.93 1 1 0.94 1 1 1 1 1 1 1 1 1 1 1 0.75 0.92 1 1 0.82 1 1 0.89 1 1 1,steel_flurry8 umbral_bolt8 seeking_motes8 aegis_wheel8 grave_tether8 tempest_coil8 | momentum1 dark_bargain1 grave_call3 static_charge1 duelists_grace1 vitality3 expanse5 fleetfoot1 velocity2 ironhide2 warding1 blood_scent1
232,deft,32713,stalker,hunting_bow,mark_prey,1,lamplings,none,1,1,30.43,0,45.00,,0,33204,55,62,1.38,0.448,0.672,43628,25.7,0.000,0,2,duelists_grace bloodthirst,Lampling Tunneler:11893 blast:936 firepot:466 burning ground:154,8 13 15 18 20 22 25 26 27 29 30 31 33 34 35 36 37 38 39 40 41 42 43 44 45 45 46 47 48 49 49 50 51 51 52 52 53 53 54 54 54 54 54 55 55,40 46 54 44 46 75 68 75 76 64 88 97 105 83 80 150 114 147 115 114 161 211 183 215 212 182 246 252 260 151 274 285 278 297 303 304 310 308 323 346 335 343 351 357 369,1 1 1 1 1 1 1 1 0.78 0.95 1 1 1 0.86 1 1 1 1 1 1 1 0.93 1 0.98 1 1 1 1 1 0.93 1 1 0.91 1 0.88 1 1 1 0.88 1 0.92 1 1 1 0.98,volley8 arcweb8 aegis_wheel8 tether_of_anguish8 steel_flurry8 seeking_motes8 | duelists_grace1 static_charge1 dark_bargain1 grave_call2 blood_scent1 bloodthirst1 wisdom2 evasion2 vitality3 recovery2 fleetfoot1 ironhide2 butchers_mark1
233,deft,40632,stalker,knife_belt,mark_prey,1,lamplings,none,1,1,30.20,0,45.00,,0,46848,60,67,1.49,0.599,0.638,43628,11.8,0.000,0,4,restless_hands iron_vow,Lampling Tunneler:1760 blast:886 firepot:257 burning ground:85,8 12 15 17 20 22 24 25 27 28 30 31 32 33 34 35 36 37 38 39 40 41 42 43 44 45 45 46 47 48 48 49 50 51 52 53 54 54 55 56 57 58 59 59 60,40 45 53 56 76 66 60 84 58 67 80 83 82 85 68 95 103 94 106 109 133 121 124 103 104 126 134 114 146 142 159 123 128 183 162 202 137 233 235 213 306 335 368 363 311,1 1 1 1 1 1 1 1 1 1 1 1 1 1 1 1 1 1 1 1 1 1 1 1 1 1 1 1 1 1 1 1 1 1 1 1 1 1 1 0.97 1 1 1 1 1,steel_flurry8 gyrestorm8 aegis_wheel8 blightfield8 arrowfall8 circle_of_dawn8 | restless_hands2 blood_scent1 sanctify1 consecration1 iron_vow1 butchers_mark1 vitality5 fleetfoot3 fortune2 velocity3 ironhide5 ferocity2 grave_call1
234,deft,1040,stalker,hunting_bow,mark_prey,1,kerchiefs,none,1,1,30.59,0,45.00,,0,37809,70,78,1.73,0.220,0.278,45524,35.4,0.000,2,3,momentum restless_hands,firepot:1376 Kerchief Bruiser:1084 Kerchief Footpad:855 burning ground:761,10 15 18 23 26 28 30 31 34 36 37 38 40 42 42 44 45 47 48 49 50 52 53 54 55 57 57 58 58 59 60 61 62 63 64 64 66 67 67 68 69 69 69 70 70,42 48 53 50 56 81 81 84 105 89 107 128 131 114 154 156 160 127 172 182 158 179 188 176 166 233 221 231 235 184 238 289 292 292 316 308 314 353 326 340 344 347 363 363 384,1 1 1 1 1 1 1 1 1 1 1 1 1 1 1 1 1 1 1 0.98 0.96 1 1 1 1 1 0.96 1 1 1 1 1 1 1 1 1 1 1 1 1 1 1 1 0.54 0.7,arrowfall8 reavers_wheel8 aegis_wheel8 strangleroot8 thousand_cuts8 hailwheel8 | momentum1 grave_call3 blood_scent1 butchers_mark1 restless_hands2 chilling3 recovery4 haste5 vitality5 velocity3 deep_chill1 serration4
235,deft,8959,stalker,knife_belt,mark_prey,1,kerchiefs,none,1,0,,1,30.46,bruiser,13,19020,54,61,2,0.000,0.000,45524,27.8,0.979,3,2,arcane_overflow bloodthirst,Kerchief Bruiser:3633 Kerchief Footpad:1584 firepot:417 burning ground:241,9 15 18 22 25 27 28 29 32 34 35 36 37 38 40 41 43 44 44 46 47 48 49 50 51 52 53 53 53 53,38 45 54 64 56 78 85 72 88 90 112 128 128 134 130 159 163 153 185 179 194 207 209 226 225 237 244 246 265 265,0.8 1 1 1 1 0.94 0.99 0.94 1 1 1 0.96 1 0.92 0.84 1 1 1 1 1 0.89 0.79 0.63 1 1 1 1 0.87 1 0.62,steel_flurry8 lunar_brand8 seeking_motes8 gale_chakram8 soul_siphon8 wild_hunt8 | arcane_overflow3 blood_scent1 pack_leader1 butchers_mark1 grave_call1 bloodthirst1 recovery2 fortune1 fleetfoot1
236,deft,16878,stalker,hunting_bow,smoke_bomb,1,kerchiefs,none,1,1,30.14,0,45.00,,0,44319,75,83,1.84,0.732,0.732,45524,8.6,0.000,0,3,stormborn hunters_mark,firepot:724 burning ground:338 Kerchief Enforcer:239 Kerchief Bruiser:157,10 13 18 20 23 25 27 30 31 33 35 36 37 39 40 41 43 45 46 47 48 50 51 52 53 55 55 57 58 59 61 62 62 63 64 65 66 67 68 69 70 71 72 74 75,37 43 46 54 76 90 88 80 95 89 107 111 115 146 128 128 158 167 121 149 191 190 90 141 125 126 124 115 213 108 202 91 167 189 171 241 245 248 306 214 366 289 318 267 363,1 1 1 1 1 1 0.96 0.99 1 1 1 0.99 1 1 1 1 1 1 0.99 1 1 1 1 1 1 1 1 1 1 1 1 1 1 1 1 1 1 1 1 1 1 1 1 1 1,arrowfall8 sanctified_earth8 razorgale8 deathcoil8 dawnpulse8 reavers_wheel8 | stormborn1 storm_caller1 grave_call3 sanctify1 hunters_mark2 velocity3 ironhide5 serration4 haste5 duplicity3 perennial5 pack_leader1
237,deft,24797,stalker,knife_belt,smoke_bomb,1,kerchiefs,none,1,1,31.01,1,39.38,bruiser,20,26506,63,70,1.78,0.000,0.344,45524,60.6,0.000,3,1,restless_hands glass_cannon,Kerchief Footpad:723 Kerchief Bruiser:624 firepot:137 burning ground:100,7 14 17 20 22 24 27 29 32 33 35 36 37 39 40 41 43 44 45 47 48 49 50 51 53 53 54 55 56 57 58 58 60 60 61 62 62 62 63,37 44 50 59 65 73 91 86 98 110 115 127 124 140 153 163 165 170 190 185 184 203 204 218 230 244 251 258 253 267 61 283 277 309 342 309 310 321 325,1 1 1 1 1 1 1 1 1 1 1 1 1 1 1 1 1 1 1 1 0.85 1 1 1 1 1 1 1 1 1 1 0.9 1 1 1 1 1 1 1,knifestorm8 sunlance8 strangleroot8 seeking_motes8 great_herd8 judgement_disc8 | restless_hands1 soul_harvest1 butchers_mark1 plague_bearer1 pack_leader1 blood_scent1 glass_cannon1 searing4 greed3 recovery4 perennial5 velocity3 chilling1 grave_call1
238,deft,32716,stalker,hunting_bow,mark_prey,1,kerchiefs,none,1,0,,1,30.23,enforcer,14,24697,69,76,2.51,0.000,0.000,45524,13.6,0.483,3,2,ember_tithe duelists_grace,Kerchief Enforcer:699 Kerchief Bruiser:219 firepot:213 Kerchief Footpad:141,12 17 22 25 28 30 32 34 36 37 39 41 43 45 46 48 49 51 53 54 56 58 59 60 62 63 65 66 68 69,36 42 56 62 62 71 91 95 93 110 115 123 117 123 104 130 144 158 152 105 153 133 198 203 230 181 175 222 186 264,1 1 1 1 1 1 1 1 1 1 1 1 1 1 1 1 1 1 1 1 1 1 1 1 1 1 1 1 1 1,arrowfall8 thunder_palm8 rend_and_mend8 plaguebloom8 great_herd8 tether_of_anguish8 | ember_tithe2 pack_leader1 soul_harvest1 plague_bearer1 dark_bargain1 velocity3 duelists_grace1 perennial5 recovery3 haste5 grave_call1 expanse2 wisdom2
239,deft,40635,stalker,knife_belt,mark_prey,1,kerchiefs,none,1,1,30.80,1,36.45,footpad,18,30194,66,73,2,0.000,0.503,45524,48.1,0.000,3,2,hunters_mark spirit_companion,Kerchief Bruiser:2246 Kerchief Footpad:2088 firepot:341 burning ground:177,6 12 18 21 22 25 29 30 32 34 35 38 39 41 41 43 45 46 47 49 49 49 51 53 54 55 56 58 59 60 61 62 63 64 64 66,40 48 50 64 61 82 80 80 79 103 127 121 123 117 158 152 166 143 179 140 177 195 159 177 158 160 186 234 135 175 195 281 291 310 299 326,0.91 1 1 1 0.96 1 1 1 1 1 0.94 1 0.94 0.89 1 1 0.95 1 0.93 1 1 0.81 1 1 1 1 1 0.96 1 1 0.98 0.83 1 0.96 0.82 0.68,thousand_cuts8 arrowfall8 great_herd8 thornbloom8 razorgale8 rend_and_mend8 | hunters_mark3 blood_scent1 pack_leader1 grave_call1 spirit_companion2 ironhide4 vitality1 perennial5 velocity2 serration3 wisdom3
240,deft,1062,stalker,hunting_bow,mark_prey,2,pack,none,4,1,31.06,1,43.83,wolf_alpha,25,40391,78,86,1.96,0.000,0.379,75792,63.4,0.000,3,3,iron_vow ember_tithe,Longtooth Wolf:8589 Blight-Sick Wolf:4207 Thicket Tusker:3204 blast:1459,8 14 17 22 23 25 28 30 32 34 36 37 39 40 41 43 45 46 47 48 50 51 53 54 55 57 58 59 60 62 62 64 65 66 68 69 71 72 74 75 76 77 78,39 56 56 47 77 80 77 86 71 78 107 137 108 98 158 130 140 155 158 191 200 162 193 185 135 170 125 174 178 153 38 191 244 317 316 257 322 279 314 427 386 336 388,1 1 1 1 1 1 0.92 1 0.99 1 1 1 1 1 1 0.76 1 0.99 1 1 0.83 1 1 1 1 0.92 1 0.98 0.98 1 1 0.91 0.94 1 0.88 0.82 0.87 0.98 0.91 0.94 1 0.98 0.95,arrowfall8 thornbloom8 tether_of_anguish8 circle_of_dawn8 verdant_gaze8 tempest_coil8 | iron_vow1 sanctify1 plague_bearer1 storm_caller1 grave_call2 pack_leader1 ember_tithe1 perennial5 recovery4 expanse5 velocity3 consecration1 wisdom4 ferocity4
241,deft,8981,stalker,knife_belt,mark_prey,2,pack,none,4,1,32.30,1,40.24,boar,22,15692,52,58,1.44,0.000,0.289,75792,138.0,0.000,3,2,iron_vow iron_vow,Longtooth Wolf:4342 Thicket Tusker:2990 Blight-Sick Wolf:1720 blast:405,6 15 19 21 25 26 27 28 30 31 33 34 35 36 37 38 39 39 40 41 42 42 43 43 44 44 45 46 46 47 47 48 48 48 49 50 51 51 52 52,44 50 60 65 72 88 94 100 108 122 128 138 150 152 168 174 178 182 194 218 209 221 223 235 245 260 266 273 282 292 125 128 313 320 333 339 348 359 374 396,1 0.96 1 1 1 1 1 1 1 1 1 1 0.74 0.97 0.9 1 1 0.9 1 1 1 0.93 1 1 1 1 1 1 0.79 0.91 1 1 1 0.87 1 1 1 1 1 0.8,steel_flurry8 seeking_motes8 volley8 moonfall8 tether_of_anguish8 tempest_coil8 | iron_vow2 blood_scent1 grave_call2 soul_harvest1 butchers_mark1 searing4 fleetfoot1 expanse1 recovery1 velocity1
242,deft,16900,stalker,hunting_bow,smoke_bomb,2,pack,none,4,1,31.97,1,38.61,wolf,23,28128,63,70,1.81,0.000,0.253,75792,118.4,0.000,3,2,stormborn iron_vow,Longtooth Wolf:2271 Thicket Tusker:1436 blast:1244 Greymuzzle:784,8 16 18 22 25 27 28 29 32 33 35 36 38 39 40 42 43 44 45 46 47 49 49 51 52 53 54 55 56 57 58 58 58 60 60 61 62 62,43 44 53 55 72 91 99 73 112 98 121 133 138 153 152 164 170 165 194 174 203 198 246 195 260 238 264 240 267 242 123 151 318 325 341 341 363 357,0.96 1 1 1 1 0.91 1 1 0.96 1 1 0.82 1 0.88 0.56 0.94 1 1 0.87 1 1 1 0.88 1 0.93 0.84 1 0.97 1 1 0.98 1 1 1 1 1 0.99 1,volley8 pyre_of_faith8 sunbreak8 everbloom8 gale_chakram8 seeking_motes8 | stormborn1 sanctify1 consecration1 storm_caller1 grave_call1 dread_command1 iron_vow1 searing4 might3 greed3 thorns5 warding3 pack_leader1 fleetfoot1
243,deft,24819,stalker,knife_belt,smoke_bomb,2,pack,none,4,1,31.03,0,45.00,,0,36222,70,78,1.73,0.419,0.816,75792,61.7,0.000,0,1,bloodthirst bloodthirst,blast:2685 Thicket Tusker:986 Longtooth Wolf:879 Blight-Sick Wolf:294,5 12 16 19 21 25 27 29 31 32 34 35 36 37 39 40 41 42 43 44 46 47 48 50 50 52 53 54 56 56 57 58 59 60 61 63 64 64 66 67 67 68 69 69 70,40 55 61 55 73 93 100 101 110 121 127 142 141 162 162 173 177 196 188 219 224 228 158 202 261 271 225 242 232 247 114 261 297 278 331 356 322 361 313 368 388 386 395 387 382,1 1 1 1 1 1 1 1 1 1 1 1 0.96 1 1 1 1 1 1 1 1 1 1 1 1 1 1 1 1 1 1 1 1 1 1 1 0.98 1 1 1 0.98 1 1 1 1,steel_flurry8 reckoning8 deepwinter8 axe_gyre8 tether_of_anguish8 gale_chakram8 | bloodthirst3 deep_chill1 shatter1 soul_harvest1 dread_command1 fortune3 haste3 might5 perennial5 recovery4 fleetfoot5 blood_scent1 grave_call1
244,deft,32738,stalker,hunting_bow,mark_prey,2,pack,none,4,1,30.38,0,45.00,,0,46031,75,83,1.84,0.367,0.367,75792,22.5,0.000,0,3,hunters_mark spirit_companion,blast:2618 Thicket Tusker:1389 Longtooth Wolf:1325 Blight-Sick Wolf:584,10 15 21 24 25 28 30 31 33 35 36 38 38 40 41 43 44 45 46 47 49 50 51 52 53 55 56 57 58 59 60 61 62 63 64 65 66 68 69 70 71 72 73 74 75,43 49 56 46 60 82 90 106 81 121 130 134 141 124 122 161 174 199 162 163 149 186 133 152 181 195 196 157 185 186 223 200 216 213 238 215 218 259 248 260 341 315 315 417 359,1 1 0.95 1 1 1 1 1 1 0.89 1 0.86 1 1 1 1 1 0.79 1 0.93 1 1 1 1 1 1 1 1 1 1 1 1 1 1 1 0.67 1 1 1 1 1 1 1 1 0.93,volley8 gyrestorm8 sanctified_earth8 seeking_motes8 thunder_palm8 soul_siphon8 | hunters_mark3 consecration1 sanctify1 soul_harvest1 grave_call2 spirit_companion1 recovery4 expanse5 haste5 might5 ironhide5 ferocity4
245,deft,40657,stalker,knife_belt,mark_prey,2,pack,none,4,1,30.45,0,45.00,,0,42733,75,83,1.84,0.265,0.265,75792,26.8,0.000,3,4,duelists_grace momentum,blast:2215 Longtooth Wolf:1941 Thicket Tusker:1118 Blight-Sick Wolf:407,7 15 19 22 25 26 28 30 32 33 35 36 37 39 40 42 43 44 45 47 48 49 51 52 53 54 55 57 58 59 60 61 63 64 65 66 67 68 69 71 72 72 73 74 75,43 52 57 73 79 82 93 99 76 106 120 135 161 160 135 125 123 191 171 156 223 181 150 132 143 237 178 153 139 148 168 146 201 199 288 236 367 377 358 351 395 393 390 400 412,0.99 0.95 0.96 1 1 0.35 1 0.9 0.85 1 0.74 0.97 0.89 0.49 0.91 0.94 0.81 0.91 1 1 1 1 0.96 1 1 1 0.97 1 1 0.95 1 1 1 1 1 0.97 1 1 1 0.96 1 1 1 1 1,steel_flurry8 gyrestorm8 tempest_coil8 deepwinter8 sanctified_earth8 verdant_gaze8 | duelists_grace1 grave_call3 sanctify1 consecration1 blood_scent1 momentum1 fleetfoot5 expanse5 haste5 ironhide5 ferocity4 perennial5 dark_bargain1
246,deft,1065,stalker,hunting_bow,mark_prey,2,dead,none,4,0,,1,27.01,grave_caller,13,11389,40,46,1.7,0.000,0.000,0,0.0,,3,2,cinderwake glass_cannon,bolt_bone:1177 Barrow Knight:225 Risen Shieldman:221 frost_orb:147,5 10 12 14 16 18 19 20 21 23 25 26 27 28 30 31 32 33 34 35 35 36 37 38 39 39 40,41 44 56 65 75 86 93 106 107 114 130 131 144 156 161 172 175 197 203 199 216 226 230 230 256 249 279,1 1 1 1 1 1 1 1 1 1 1 1 1 1 0.96 1 1 1 1 1 0.43 1 1 1 0.99 1 0.14,volley8 cinderfall8 iron_palms8 knifestorm8 reaving_arc8 verdant_lance8 | cinderwake3 grave_call1 pyre_burst1 glass_cannon1 evasion1 plague_bearer1
247,deft,8984,stalker,knife_belt,mark_prey,2,dead,none,4,1,30.82,0,45.00,,0,31010,59,66,1.47,0.556,0.764,61217,49.3,0.000,0,3,iron_vow arcane_overflow,bolt_bone:1788 frost_orb:571 Risen Shieldman:24 Risen:11,4 7 11 13 15 16 19 20 21 23 24 26 26 27 28 30 30 32 32 33 35 36 36 37 38 39 40 40 42 43 44 45 46 47 49 50 51 52 53 54 55 56 57 58 59,48 43 51 61 67 79 96 100 109 119 126 130 139 149 157 166 183 186 206 210 204 222 203 244 242 264 264 275 259 202 258 226 337 257 276 334 361 268 334 388 397 290 397 389 390,1 1 1 1 1 1 0.99 1 1 1 1 1 0.95 1 1 1 1 1 1 0.78 1 1 1 1 1 1 1 1 1 1 1 1 1 1 1 1 1 1 1 1 1 1 0.97 1 1,thousand_cuts8 great_herd8 circle_of_dawn8 deathcoil8 glacier_spear8 reavers_wheel8 | iron_vow1 blood_scent1 shatter1 soul_harvest1 deep_chill1 arcane_overflow2 expanse1 velocity3 duplicity2 serration2 vitality4 perennial4 grave_call1
248,deft,16903,stalker,hunting_bow,smoke_bomb,2,dead,none,4,1,30.98,0,45.00,,0,27629,63,70,1.56,0.081,0.662,61217,58.6,0.000,3,2,ember_tithe ember_tithe,bolt_bone:2876 Risen Shieldman:1783 frost_orb:659 Risen:616,7 11 14 16 18 20 22 24 25 27 29 30 31 32 33 34 36 37 38 39 40 41 43 44 45 45 47 47 49 50 51 52 53 54 56 56 57 58 59 59 60 61 61 62 63,40 47 51 61 82 91 87 104 112 121 128 135 143 158 164 169 177 194 191 213 219 230 221 254 239 261 258 271 290 285 46 314 321 310 328 348 361 355 358 377 384 395 397 397 415,1 1 1 1 1 0.96 1 1 1 1 1 1 0.97 1 1 1 0.98 1 1 1 1 1 1 1 1 1 1 1 1 1 1 1 1 1 0.92 1 1 1 1 1 1 1 1 1 0.88,arrowfall8 tether_of_anguish8 ruin_bolt8 living_flame8 moonbrand8 blighted_earth8 | ember_tithe2 dark_bargain1 kindling1 grave_call1 soul_harvest1 emberseekers1 might3 chilling3 vitality1 perennial5 velocity3 recovery4 shatter1
249,deft,24822,stalker,knife_belt,smoke_bomb,2,dead,none,4,0,,1,30.65,barrow_knight,16,16305,47,53,1.73,0.000,0.000,61217,38.7,0.420,1,1,bloodthirst glass_cannon,bolt_bone:1140 Barrow Knight:302 frost_orb:107 Risen Shieldman:66,5 10 12 15 17 19 21 22 24 26 28 28 30 31 32 33 35 36 37 38 39 40 40 41 42 43 43 44 45 46,38 48 54 67 67 75 93 105 114 116 127 134 152 156 156 177 181 192 194 215 226 227 228 243 262 265 263 279 296 307,1 1 1 1 1 1 1 1 1 1 1 1 1 1 1 1 1 1 1 1 1 1 1 1 0.87 1 1 0.77 1 1,knifestorm8 arcweb8 aegis_wheel8 gale_chakram8 arrowfall8 grave_tether8 | bloodthirst2 blood_scent1 static_charge1 dark_bargain1 glass_cannon1 grave_call1 velocity2 vitality1
250,deft,32741,stalker,hunting_bow,mark_prey,2,dead,none,4,1,32.28,0,45.00,,0,25147,53,59,1.31,0.240,0.240,61217,136.7,0.000,3,2,cinderwake duelists_grace,bolt_bone:2154 Risen:849 Barrow Knight:470 frost_orb:323,7 10 13 15 18 20 21 22 24 26 27 28 30 31 32 33 35 35 36 38 38 39 40 41 42 43 44 44 45 45 46 47 47 48 48 49 49 50 50 51 51 52 53 53 53,41 49 51 68 76 87 96 95 110 106 131 134 149 149 156 174 171 199 193 204 209 217 236 237 250 256 271 271 282 295 54 76 306 325 342 355 354 351 371 391 376 415 398 402 383,1 1 1 1 1 1 1 1 0.95 1 1 1 1 1 1 1 1 1 0.91 1 1 1 1 1 1 1 1 1 1 1 0.89 0.73 0.93 1 1 1 1 1 1 1 1 0.87 1 1 1,arrowfall8 grave_tether8 plaguebloom8 skybreak8 great_herd8 razorgale8 | cinderwake1 grave_call2 static_charge1 plague_bearer1 soul_harvest1 duelists_grace1 thorns4 velocity1 precision1 fortune3 perennial2 serration2
251,deft,40660,stalker,knife_belt,mark_prey,2,dead,none,4,0,,0,45.00,,0,21876,54,61,1.36,0.673,0.673,61217,900.0,0.222,0,2,arcane_overflow ember_tithe,bolt_bone:1649 frost_orb:367 Risen Shieldman:135 Barrow Knight:57,3 8 11 14 16 18 20 22 24 25 27 28 29 31 32 34 34 36 37 38 39 40 42 43 44 45 46 47 48 49 49 50 50 50 50 51 51 51 52 52 52 53 53 53 54,49 49 51 63 71 85 89 98 113 114 133 129 148 149 175 165 172 168 192 185 215 219 210 246 238 263 266 240 244 289 71 67 69 61 84 105 103 69 68 95 98 77 108 79 140,0.96 1 1 1 1 0.96 1 0.96 0.96 1 0.94 1 0.71 1 0.93 1 1 1 1 0.93 0.85 1 1 0.92 0.93 1 0.99 1 1 1 0.96 1 1 1 1 1 1 1 1 1 1 1 1 0.77 1,steel_flurry8 sanctified_earth8 circle_of_dawn8 arcweb8 wild_hunt8 gale_chakram8 | arcane_overflow1 consecration1 blood_scent1 sanctify1 soul_harvest1 ember_tithe1 grave_call1 vitality1 warding3 ironhide1 fleetfoot2 wisdom1 haste1 static_charge1
252,deft,1068,stalker,hunting_bow,mark_prey,2,lamplings,none,4,1,30.74,1,38.40,lampling,22,37415,55,62,1.61,0.000,0.363,67047,44.2,0.000,3,3,glass_cannon spirit_companion,Lampling Tunneler:3021 blast:1228 firepot:677 Lampling Sapper:188,7 13 15 18 21 23 25 26 28 30 31 32 33 35 36 37 38 39 40 40 42 42 43 44 45 46 47 48 48 49 50 51 51 52 53 54 55 55,45 49 54 69 59 80 80 74 81 74 83 108 92 105 93 137 132 135 95 113 116 138 147 139 112 150 168 173 134 127 192 153 145 177 162 270 170 159,1 1 0.96 1 1 0.95 1 1 1 1 1 1 1 1 1 1 1 1 1 1 1 0.86 0.81 1 0.91 1 0.83 1 1 1 1 1 1 1 1 1 0.53 0.75,predators_volley8 great_herd8 umbral_bolt8 plaguebloom8 living_flame8 razorgale8 | glass_cannon1 dread_command2 grave_call1 pack_leader1 spirit_companion2 plague_bearer1 perennial3 precision2 ironhide1 serration1 searing2 haste2
253,deft,8987,stalker,knife_belt,mark_prey,2,lamplings,none,4,1,30.18,0,45.00,,0,48693,64,71,1.58,0.240,0.287,67047,10.7,0.000,3,4,glass_cannon momentum,"Lampling Tunneler:2945 blast:1814 firepot:876 Grimtunnel, Roused:274",7 13 16 19 21 23 25 27 28 29 31 32 34 35 36 37 38 38 40 40 42 42 44 44 45 46 47 48 49 50 51 52 53 53 54 55 56 57 58 59 60 61 62 63 64,35 53 60 61 65 58 86 73 85 99 85 91 80 115 90 90 115 97 104 103 117 105 129 121 109 154 140 116 133 136 148 133 148 160 186 166 185 176 182 244 340 271 403 319 278,1 1 1 1 1 1 1 1 1 1 1 1 1 1 0.85 1 1 1 1 1 1 1 1 1 1 1 0.82 1 1 1 1 1 1 1 1 1 0.82 1 1 1 1 1 0.81 1 0.78,thousand_cuts8 aegis_wheel8 skybreak8 starseeker8 living_flame8 razorgale8 | glass_cannon1 blood_scent1 emberseekers1 kindling1 pyre_burst1 momentum1 static_charge1 vitality5 wisdom4 greed2 precision3 serration2 perennial5 pack_leader1
254,deft,16906,stalker,hunting_bow,smoke_bomb,2,lamplings,none,4,1,31.81,0,45.00,,0,41833,59,66,1.47,0.365,0.515,67047,108.5,0.000,0,3,restless_hands arcane_overflow,Lampling Tunneler:2714 blast:1209 firepot:284 Lampling Sapper:190,8 12 16 18 21 23 25 26 28 30 31 32 33 34 36 37 38 39 39 40 41 42 43 44 44 46 46 47 48 48 49 49 50 51 52 52 53 54 55 55 56 57 58 58 59,43 57 59 61 60 84 75 63 77 81 110 98 145 84 92 120 126 100 122 122 170 218 238 192 181 166 253 206 152 268 32 179 328 322 337 326 338 360 369 381 393 391 383 401 372,1 1 1 1 1 1 1 1 1 0.91 1 1 1 1 1 1 1 0.93 1 1 1 1 1 0.87 0.88 1 1 0.89 0.9 1 1 1 1 1 1 0.86 1 1 1 1 1 1 1 1 0.79,predators_volley8 soul_siphon8 reckoning8 wild_hunt8 reavers_wheel8 verdant_gaze8 | restless_hands1 grave_call3 pack_leader1 arcane_overflow2 evasion1 fleetfoot3 thorns4 recovery2 serration1 precision4 blood_scent1
255,deft,24825,stalker,knife_belt,smoke_bomb,2,lamplings,none,4,1,32.52,0,45.00,,0,42061,61,68,1.51,0.484,0.692,67047,151.4,0.000,0,2,duelists_grace cinderwake,Lampling Tunneler:5758 blast:1928 firepot:737 Lampling Sapper:623,4 11 14 17 20 22 24 26 27 29 30 31 32 34 35 36 37 38 39 39 41 42 42 43 44 45 46 47 48 49 49 50 50 51 52 53 54 55 56 57 58 58 59 60 61,39 56 51 60 72 84 87 78 83 100 124 125 96 143 139 160 187 171 118 127 215 188 184 205 229 231 193 235 254 176 36 44 287 249 333 305 314 301 366 397 395 383 414 341 408,1 1 1 1 1 1 1 1 1 0.98 1 1 1 1 1 1 1 1 1 1 1 1 1 1 1 1 1 1 1 1 0.9 1 0.86 1 0.89 1 1 1 1 1 1 1 1 1 1,thousand_cuts8 tether_of_anguish8 circle_of_dawn8 everbloom8 soul_siphon8 razorgale8 | duelists_grace2 sanctify1 soul_harvest1 grave_call1 cinderwake1 pack_leader1 wisdom2 precision1 thorns2 recovery4 perennial3 serration2 blood_scent1
256,deft,32744,stalker,hunting_bow,mark_prey,2,lamplings,none,4,1,31.93,0,45.00,,0,44053,60,67,1.49,0.250,0.600,67047,115.5,0.000,2,3,iron_vow cinderwake,Lampling Tunneler:6829 blast:749 firepot:523 Lampling Sapper:220,8 11 15 18 20 23 25 27 28 29 31 32 33 34 35 36 37 38 39 40 41 42 42 44 45 45 46 47 48 49 49 50 50 51 52 53 54 55 56 57 57 58 59 59 60,36 52 65 72 60 73 77 90 82 124 96 74 84 101 129 106 101 135 123 115 139 158 135 175 145 152 151 188 146 171 41 106 226 209 224 289 337 226 283 363 399 412 405 376 404,1 1 1 1 1 1 1 1 0.99 1 1 1 1 1 1 0.97 1 0.98 1 1 0.86 0.98 1 1 1 1 1 1 1 1 1 1 0.88 1 1 1 1 0.7 1 1 1 0.74 1 1 1,arrowfall8 gale_chakram8 verdant_gaze8 thornbloom8 rend_and_mend8 plaguebloom8 | iron_vow1 grave_call2 pack_leader1 dread_command1 cinderwake2 vitality5 fleetfoot2 evasion1 velocity3 perennial3 ironhide3 plague_bearer1
257,deft,40663,stalker,knife_belt,mark_prey,2,lamplings,none,4,1,31.26,0,45.00,,0,44538,60,67,1.49,0.050,0.319,67047,75.4,0.000,3,3,duelists_grace stormborn,Lampling Tunneler:7011 blast:962 Lampling Sapper:670 firepot:588,5 9 12 16 19 21 24 25 27 28 30 31 32 33 34 36 37 38 39 40 41 41 42 43 44 45 46 47 48 49 49 50 51 51 52 53 54 55 56 56 57 58 59 60 60,37 56 55 67 71 91 84 93 85 92 120 84 119 140 153 136 122 154 136 122 167 213 180 151 167 144 122 162 124 208 34 205 247 259 316 288 271 316 243 385 391 402 343 400 353,1 1 1 1 0.97 1 1 1 1 1 1 1 1 1 1 0.92 1 0.88 1 0.89 1 1 1 1 1 1 0.9 0.87 1 1 0.9 1 1 0.99 1 1 1 0.82 0.88 1 1 0.43 1 1 1,steel_flurry8 moonfall8 verdant_gaze8 great_herd8 gale_chakram8 everbloom8 | duelists_grace1 grave_call1 blood_scent1 dread_command2 stormborn2 pack_leader1 perennial4 fleetfoot4 expanse2 thorns3 ferocity1 precision3
258,deft,1071,stalker,hunting_bow,mark_prey,2,kerchiefs,none,4,1,30.52,0,45.00,,0,26310,66,73,1.62,0.319,0.486,69962,31.2,0.000,1,2,cinderwake hunters_mark,Kerchief Footpad:1677 Kerchief Bruiser:1567 Kerchief Enforcer:373 firepot:337,8 13 19 22 25 27 29 32 33 35 36 37 39 40 41 42 43 44 45 46 47 48 50 50 51 52 54 55 56 58 59 60 61 62 63 63 64 64 65 65 65 66 66 66 66,39 54 58 68 70 85 91 105 108 95 134 135 151 122 163 171 186 184 176 207 215 223 226 250 237 255 259 280 285 213 256 314 316 320 332 332 342 360 360 422 381 382 386 393 387,1 1 1 1 1 0.94 1 1 0.96 1 1 1 1 1 1 0.94 1 1 0.55 1 1 1 1 1 1 0.92 1 1 1 1 1 1 1 1 1 1 1 1 1 1 0.89 1 1 1 1,arrowfall8 steel_flurry8 reckoning8 tether_of_anguish8 glacier_spear8 sanctified_earth8 | cinderwake1 soul_harvest1 consecration1 grave_call1 deep_chill1 dread_command1 hunters_mark2 velocity3 fortune4 recovery4 ironhide5 fleetfoot5 chilling3
259,deft,8990,stalker,knife_belt,mark_prey,2,kerchiefs,none,4,1,30.84,0,45.00,,0,43195,79,87,1.93,0.302,0.592,69962,50.4,0.000,1,4,momentum duelists_grace,Kerchief Footpad:1178 firepot:843 burning ground:732 Kerchief Bruiser:579,7 16 19 24 26 29 31 34 35 37 39 39 42 43 45 46 48 49 50 51 53 54 55 57 58 59 60 61 63 64 64 65 67 68 69 70 71 72 73 75 75 76 77 78 79,43 48 58 60 61 74 95 89 96 106 127 143 112 108 165 132 118 193 112 131 126 123 136 90 137 173 149 218 202 211 176 222 203 215 188 272 244 329 344 376 375 425 339 383 398,0.99 1 1 1 1 0.94 1 1 1 1 1 1 1 1 1 0.99 1 0.98 1 0.98 1 1 1 1 1 1 1 1 1 1 1 1 1 0.99 1 1 1 1 1 1 1 1 0.93 0.84 0.9,thousand_cuts8 razorgale8 judgement_disc8 tether_of_anguish8 arrowfall8 glacier_spear8 | momentum3 blood_scent1 deep_chill1 shatter1 fracture1 duelists_grace2 greed5 serration4 velocity3 recovery4 perennial5 evasion4
260,deft,16909,stalker,hunting_bow,smoke_bomb,2,kerchiefs,none,4,1,30.55,1,35.92,enforcer,20,31159,74,82,2.28,0.000,0.162,69962,33.0,0.000,3,2,glass_cannon stormborn,Kerchief Enforcer:437 Kerchief Footpad:204 Kerchief Bruiser:79 firepot:75,12 16 17 23 28 30 33 34 36 38 39 40 42 43 44 45 46 48 49 51 52 54 55 57 58 60 61 62 64 65 66 68 69 70 72,47 46 60 62 59 79 83 96 107 116 128 126 152 153 157 164 174 174 170 180 180 132 161 212 181 199 202 238 181 203 295 220 253 233 264,1 1 1 1 1 1 0.94 1 1 1 0.97 1 1 1 1 1 1 1 1 1 0.43 1 1 1 1 0.96 1 1 1 1 1 1 1 1 1,arrowfall8 moonfall8 seeking_motes8 tempest_coil8 aegis_wheel8 sunbreak8 | glass_cannon1 dark_bargain1 soul_harvest1 static_charge1 dread_command1 grave_call1 stormborn1 velocity3 greed5 might5 ironhide5 wisdom4 sanctify1 expanse5 consecration1
261,deft,24828,stalker,knife_belt,smoke_bomb,2,kerchiefs,none,4,0,,1,20.27,enforcer,12,9948,46,52,2.57,0.000,0.000,0,0.0,,1,1,glass_cannon hunters_mark,Kerchief Footpad:491 firepot:296 Kerchief Enforcer:225 burning ground:176,6 14 17 20 22 26 28 30 32 34 35 36 37 39 40 42 43 44 44 45,45 45 53 64 68 107 94 102 112 119 125 139 151 157 151 168 159 185 192 203,0.82 1 1 0.92 1 1 1 1 1 0.88 0.77 0.99 1 1 1 1 1 0.76 1 0.67,knifestorm8 hallowed_ring8 volley8 cinderfall8 axe_gyre8 rimeshard8 | glass_cannon1 kindling1 grave_call1 sanctify1 shatter1 emberseekers1 hunters_mark1 fortune1
262,deft,32747,stalker,hunting_bow,mark_prey,2,kerchiefs,none,4,0,,1,10.73,bruiser,7,5295,37,41,3.82,0.000,0.000,0,0.0,,3,1,arcane_overflow,Kerchief Footpad:727 Kerchief Bruiser:634 Kerchief Enforcer:178 burning ground:80,8 14 20 23 25 28 29 33 34 35,40 49 59 64 82 85 98 106 110 120,0.97 1 1 1 1 1 1 0.92 0.96 0.93,volley5 gale_chakram8 knifestorm6 verdant_lance7 grave_tether6 seeking_motes5 | arcane_overflow1 blood_scent1 grave_call1 pack_leader1 butchers_mark1
263,deft,40666,stalker,knife_belt,mark_prey,2,kerchiefs,none,4,1,30.39,0,45.00,,0,39541,78,86,1.91,0.381,0.754,69962,23.3,0.000,0,3,cinderwake cinderwake,Kerchief Bruiser:879 firepot:732 Kerchief Footpad:711 burning ground:462,8 14 19 23 24 26 29 31 34 36 37 38 40 41 43 44 45 46 47 48 49 51 53 54 55 57 58 59 61 62 63 64 66 67 68 69 70 71 72 73 74 75 76 77 78,41 47 59 65 68 84 90 97 110 116 135 133 147 129 162 172 180 187 178 206 211 152 176 234 130 186 131 138 179 193 250 245 296 211 299 361 286 367 309 371 374 392 400 402 391,0.91 1 1 1 1 1 1 1 1 1 1 1 1 1 1 1 1 1 1 1 0.84 0.98 1 1 1 1 1 0.96 1 1 1 1 1 1 1 0.71 1 1 1 1 1 1 1 1 0.95,steel_flurry8 cinderfall8 ruin_bolt8 moonbrand8 wild_hunt8 glacier_spear8 | cinderwake3 soul_harvest1 fracture1 blood_scent1 dark_bargain1 emberseekers1 chilling3 might5 fleetfoot5 recovery4 velocity3 vitality5 deep_chill1
264,deft,1093,stalker,hunting_bow,mark_prey,3,pack,none,7,1,30.84,1,44.46,boar,28,45171,75,83,1.87,0.000,0.650,109671,50.4,0.000,3,2,momentum spirit_companion,blast:3750 Thicket Tusker:3330 Longtooth Wolf:2543 Blight-Sick Wolf:1011,9 12 20 24 27 30 32 33 35 37 39 40 42 43 44 45 47 48 49 50 52 53 54 55 56 57 58 59 61 62 62 63 64 65 66 67 68 69 69 71 72 73 74 75,44 56 61 55 83 98 100 97 96 121 107 130 164 127 139 130 148 144 195 148 144 131 133 131 122 175 198 198 198 180 175 157 186 229 205 236 227 285 379 299 297 409 389 404,1 1 1 1 1 0.95 1 1 1 0.87 0.97 1 1 0.96 1 1 1 1 1 0.95 1 0.95 1 1 1 1 1 1 1 1 1 1 1 1 1 1 1 0.73 1 1 1 1 1 1,volley8 reckoning8 deathcoil8 razorgale8 sunbreak8 thousand_cuts8 | momentum2 soul_harvest1 consecration1 blood_scent1 pack_leader1 spirit_companion1 serration4 might5 fortune4 duplicity3 dread_command1 chilling3 expanse5 sanctify1
265,deft,9012,stalker,knife_belt,mark_prey,3,pack,none,7,0,,1,19.74,wolf,12,10669,45,51,2.58,0.000,0.000,0,0.0,,3,1,momentum cinderwake,Longtooth Wolf:1967 Thicket Tusker:927 Blight-Sick Wolf:485 blast:428,3 9 17 20 24 26 28 29 31 33 34 36 37 38 40 40 42 43 45,52 52 62 68 77 92 104 110 124 125 142 150 155 169 136 185 202 203 218,0.94 0.93 0.8 1 1 1 0.58 1 0.95 1 0.99 0.59 0.88 0.67 0.89 1 0.94 1 1,knifestorm8 spirit_herd8 arcweb7 seeking_motes8 hallowed_ring8 moonbrand8 | momentum1 static_charge1 grave_call1 blood_scent1 sanctify1 butchers_mark1 cinderwake1
266,deft,16931,stalker,hunting_bow,smoke_bomb,3,pack,none,7,1,31.41,1,39.52,wolf,24,25465,64,71,1.8,0.000,0.064,109671,84.5,0.000,3,2,spirit_companion cinderwake,Longtooth Wolf:3729 blast:2345 Blight-Sick Wolf:1934 Thicket Tusker:1286,5 11 15 18 21 24 26 27 29 31 32 33 35 36 38 39 40 41 42 43 44 45 47 47 49 50 51 52 53 55 55 55 57 58 59 60 61 62 63,50 54 66 72 76 93 104 106 119 133 145 142 158 169 175 183 203 235 217 222 232 243 256 268 272 281 311 302 317 330 156 288 339 370 373 378 401 403 390,0.96 0.96 1 0.93 1 1 0.98 0.98 1 0.41 1 0.9 1 0.96 0.6 0.6 1 0.93 1 0.7 0.83 0.94 1 1 1 0.93 1 1 0.86 0.91 1 1 0.57 0.9 1 1 0.88 0.84 1,arrowfall8 steel_flurry8 axe_gyre8 moonfall8 verdant_gaze8 gale_chakram8 | spirit_companion2 grave_call1 blood_scent1 pack_leader1 plague_bearer1 cinderwake1 butchers_mark1 expanse5 haste3 fleetfoot3 perennial4 might5 velocity3
267,deft,24850,stalker,knife_belt,smoke_bomb,3,pack,none,7,0,,1,40.69,wolf_blighted,27,14038,52,58,1.43,0.000,0.000,109671,641.5,0.946,3,1,duelists_grace duelists_grace,Longtooth Wolf:1772 blast:1593 Thicket Tusker:1197 Blight-Sick Wolf:706,3 9 11 18 21 25 27 29 29 31 32 34 35 35 37 38 40 41 41 42 43 44 45 46 46 47 48 49 49 50 51 51 51 51 51 51 51 51 51 52,54 52 64 71 83 100 113 112 121 125 142 124 156 148 180 190 197 223 209 229 236 246 252 253 268 278 288 294 313 328 163 165 161 160 161 161 160 161 163 161,0.98 1 0.97 0.98 1 0.93 1 1 0.88 1 1 0.89 1 1 0.98 0.91 0.93 1 0.88 1 1 0.8 1 0.98 1 0.87 1 1 1 1 0.71 0.93 1 1 1 1 0.89 0.73 0.6 0.78,steel_flurry8 iron_palms8 harrowing8 fallen_star8 sunlance8 blightfield8 | duelists_grace2 grave_call1 dread_command1 soul_harvest1 blood_scent1 pack_leader1 searing1 expanse1 fleetfoot1
268,deft,32769,stalker,hunting_bow,mark_prey,3,pack,none,7,1,30.34,1,42.70,boar,28,43965,75,83,1.94,0.000,0.252,109671,20.5,0.000,3,3,hunters_mark iron_vow,Longtooth Wolf:2080 blast:1340 Thicket Tusker:1281 Blight-Sick Wolf:886,7 13 20 25 27 30 32 33 36 36 39 40 42 43 44 46 47 48 48 50 51 53 54 55 56 57 58 59 61 62 62 63 64 65 67 68 69 70 71 72 73 74,49 53 54 43 65 78 81 56 65 72 76 77 75 98 89 115 145 186 130 105 233 105 142 140 123 104 112 117 122 117 254 106 133 161 149 246 346 331 214 260 391 394,0.98 1 1 1 0.96 0.96 0.92 1 1 1 1 1 1 1 1 1 0.95 0.94 1 1 1 1 1 1 1 1 1 1 1 1 1 1 1 1 1 0.63 0.84 1 1 0.91 1 0.48,volley8 thousand_cuts8 ruin_bolt8 moonfall8 living_flame8 judgement_disc8 | hunters_mark3 blood_scent1 pyre_burst1 soul_harvest1 iron_vow1 warding3 greed5 perennial5 serration4 emberseekers1 might5 haste5 kindling1
269,deft,40688,stalker,knife_belt,mark_prey,3,pack,none,7,1,31.31,1,43.76,wolf_blighted,28,33780,69,76,1.74,0.000,0.508,109671,78.3,0.000,3,2,duelists_grace restless_hands,Longtooth Wolf:3981 Thicket Tusker:2415 blast:2050 Blight-Sick Wolf:1865,5 14 18 23 25 27 30 32 34 36 37 39 40 42 43 44 44 46 47 49 50 51 52 53 55 56 57 58 59 60 61 61 62 63 64 65 66 66 67 67 68 68 68,43 50 64 69 79 92 106 115 120 133 132 101 143 132 188 195 194 158 180 161 224 245 213 187 201 174 269 201 253 309 58 305 354 365 387 386 392 417 395 387 387 393 391,1 1 0.97 1 0.96 1 1 1 1 0.96 1 1 1 1 1 1 1 1 1 1 0.88 1 0.92 1 1 1 0.94 0.96 1 1 1 1 1 0.9 0.9 1 1 0.88 1 1 1 1 1,thousand_cuts8 razorgale8 grave_tether8 reckoning8 harrowing8 reavers_wheel8 | duelists_grace1 grave_call2 pack_leader1 soul_harvest1 dread_command1 perennial5 restless_hands1 fortune4 expanse5 serration4 fleetfoot5 precision5 blood_scent1
270,deft,1096,stalker,hunting_bow,mark_prey,3,dead,none,7,1,33.11,1,38.42,risen_archer,25,13918,46,52,1.35,0.000,0.068,88580,186.3,0.000,3,2,duelists_grace glass_cannon,bolt_bone:2294 frost_orb:433 Barrow Knight:317 Risen Shieldman:266,4 8 11 13 16 18 19 20 21 22 24 24 26 27 27 29 29 30 31 32 34 35 35 36 37 38 38 39 39 40 41 41 42 43 43 45 46 46,51 52 60 71 77 91 102 105 119 126 138 150 165 160 176 193 188 209 221 231 240 243 247 260 266 282 308 295 306 325 103 123 101 350 374 427 378 388,1 1 1 1 1 1 1 1 1 0.92 0.96 1 1 0.98 1 1 1 1 0.72 0.84 1 1 1 1 1 1 1 1 1 1 1 1 1 1 1 0.73 1 1,volley8 sanctified_earth8 tether_of_anguish8 soul_siphon8 rend_and_mend8 seeking_motes8 | duelists_grace1 sanctify1 soul_harvest1 dread_command1 glass_cannon2 wisdom1 grave_call1 recovery2 thorns2 perennial1 ironhide1
271,deft,9015,stalker,knife_belt,mark_prey,3,dead,none,7,1,31.90,0,45.00,,0,15603,47,53,1.18,0.496,0.655,88580,113.8,0.000,0,2,iron_vow hunters_mark,bolt_bone:468 Risen:158 frost_orb:83 Barrow Knight:26,4 9 13 14 16 19 20 22 23 25 26 28 28 30 30 32 33 33 34 35 36 37 37 38 39 39 40 40 41 42 42 43 43 44 44 44 45 45 45 46 46 46 46 47 47,46 55 58 72 84 88 96 104 122 132 135 152 150 174 179 182 195 195 212 219 251 241 256 279 264 279 298 299 318 328 104 167 344 356 363 371 396 390 401 385 419 443 384 392 393,1 1 1 1 1 1 1 1 1 1 1 0.83 1 1 1 1 1 1 1 1 1 1 1 1 1 1 1 1 1 1 1 1 1 1 1 1 1 1 1 1 1 1 1 1 1,knifestorm8 seeking_motes8 temple_breaker8 soul_siphon8 aegis_wheel8 sanctified_earth8 | iron_vow1 blood_scent1 grave_call1 sanctify1 pack_leader1 hunters_mark2 evasion1 recovery1 vitality1 ironhide1
272,deft,16934,stalker,hunting_bow,smoke_bomb,3,dead,none,7,1,30.55,1,41.08,risen_archer,26,30481,59,66,1.61,0.000,0.183,88580,32.9,0.000,2,3,glass_cannon bloodthirst,bolt_bone:1842 frost_orb:613 Risen Shieldman:54 Barrow Knight:51,7 12 14 16 17 19 22 24 26 28 28 31 32 33 34 35 37 38 38 40 41 42 43 44 45 46 46 48 49 49 50 50 52 53 54 55 56 56 58 59 59,44 48 59 70 81 91 97 113 124 152 152 147 156 169 157 190 199 203 217 230 249 240 313 264 271 297 298 274 272 274 329 364 356 365 322 385 393 385 402 416 395,1 1 1 0.9 1 1 1 0.89 1 1 0.48 1 1 1 1 1 1 1 1 1 1 1 1 1 1 1 1 0.89 1 0.62 1 1 1 1 1 1 1 1 0.85 1 1,arrowfall8 hailwheel8 starseeker8 thousand_cuts8 cinderfall8 thunder_palm8 | glass_cannon2 blood_scent1 dark_bargain1 pyre_burst1 bloodthirst1 soul_harvest1 recovery4 chilling3 haste3 velocity3 precision2 serration4 shatter1
273,deft,24853,stalker,knife_belt,smoke_bomb,3,dead,none,7,1,30.96,1,40.72,risen_archer,27,30446,59,66,1.62,0.000,0.475,88580,57.4,0.000,3,2,hunters_mark glass_cannon,bolt_bone:2422 Risen Shieldman:505 frost_orb:496 Risen:335,2 8 12 14 16 18 21 22 24 25 26 28 29 31 32 34 35 36 38 39 40 41 42 43 44 45 46 48 49 49 50 51 52 53 54 55 56 57 58 58,45 49 61 69 82 94 106 110 120 128 142 149 176 170 181 193 195 193 212 196 235 199 260 264 257 240 242 321 319 275 103 271 339 305 369 380 397 404 407 402,0.96 1 1 0.92 0.98 1 0.92 1 1 1 1 1 0.87 0.72 1 0.8 0.9 0.73 1 1 0.89 1 1 1 1 1 1 1 1 1 1 0.86 1 0.83 1 1 1 0.79 1 1,thousand_cuts8 arrowfall8 razorgale8 iron_palms8 living_flame8 moonfall8 | hunters_mark3 kindling1 emberseekers1 glass_cannon1 soul_harvest1 perennial5 serration1 greed3 fortune1 might3 velocity2 dark_bargain1
274,deft,32772,stalker,hunting_bow,mark_prey,3,dead,none,7,1,30.69,1,38.24,barrow_knight,22,27957,58,65,1.7,0.000,0.155,88580,41.4,0.000,3,2,stormborn restless_hands,bolt_bone:3190 frost_orb:1228 Barrow Knight:519 Risen Shieldman:109,6 10 13 15 17 19 21 22 24 26 27 30 30 32 33 35 35 37 38 39 40 40 42 43 44 46 47 48 49 50 51 52 53 53 55 56 57 58,44 52 59 72 78 91 104 107 121 124 140 147 161 154 172 186 196 218 216 221 228 252 254 250 272 294 306 302 311 275 303 304 351 304 298 378 413 398,0.95 1 1 0.87 1 1 1 1 1 1 1 1 0.95 1 1 1 0.96 1 1 0.94 1 1 1 1 0.92 1 0.92 1 1 1 0.97 1 0.96 1 1 0.87 1 1,arrowfall8 razorgale8 circle_of_dawn8 verdant_gaze8 temple_breaker8 moonbrand8 | stormborn1 sanctify1 dark_bargain1 consecration1 plague_bearer1 restless_hands2 evasion1 serration2 ferocity3 recovery2 velocity3 chilling1 deep_chill1
275,deft,40691,stalker,knife_belt,mark_prey,3,dead,none,7,1,32.34,1,42.79,grave_caller,28,24251,54,61,1.43,0.000,0.159,88580,140.3,0.000,3,2,arcane_overflow duelists_grace,bolt_bone:2608 Risen:1427 Risen Shieldman:1081 Barrow Knight:813,2 5 9 10 16 18 19 23 24 25 27 28 29 30 32 33 34 35 36 38 39 40 41 42 42 43 44 44 45 46 47 47 48 48 49 50 50 51 52 53 53 54,56 49 60 69 78 100 101 113 120 124 136 148 151 168 175 184 193 207 223 226 236 207 173 255 267 284 298 309 313 330 61 91 340 360 360 373 395 387 394 397 397 388,0.9 1 0.95 1 1 0.95 0.72 1 0.94 1 1 1 1 1 1 1 1 1 0.85 1 0.92 0.93 1 1 1 0.92 1 0.68 0.76 1 0.79 1 0.54 0.86 0.88 0.72 1 1 1 0.85 1 1,thousand_cuts8 seeking_motes8 sunlance8 great_herd8 thornbloom8 volley8 | arcane_overflow2 blood_scent1 grave_call2 soul_harvest1 duelists_grace1 pack_leader1 might2 perennial1 searing1 haste2 fortune1 serration1
276,deft,1099,stalker,hunting_bow,mark_prey,3,lamplings,none,7,1,31.05,0,45.00,,0,47457,63,70,1.56,0.442,0.450,97017,63.0,0.000,0,4,restless_hands restless_hands,blast:2170 Lampling Tunneler:1061 firepot:622 Lampling Sapper:311,7 11 15 19 21 24 26 28 29 30 31 33 34 36 36 38 39 40 41 42 43 43 45 45 46 47 48 49 50 51 51 52 53 53 54 55 56 57 58 59 60 61 62 62 63,48 52 64 65 55 98 68 79 104 88 112 110 97 80 79 123 124 153 105 103 132 101 112 141 156 169 146 164 133 127 30 139 158 187 171 248 264 301 317 227 349 233 207 346 250,1 1 1 1 1 1 1 1 1 1 0.84 1 0.98 1 1 1 1 1 1 1 1 1 1 0.99 1 0.97 1 1 1 1 1 1 0.89 1 1 1 1 0.99 0.99 1 1 1 1 1 0.82,arrowfall8 steel_flurry8 pyre_of_faith8 wild_hunt8 thunder_palm8 blightfield8 | restless_hands3 blood_scent1 sanctify1 grave_call1 dread_command1 haste5 searing3 fleetfoot4 might5 ironhide3 velocity3 kindling1
277,deft,9018,stalker,knife_belt,mark_prey,3,lamplings,none,7,1,31.65,0,45.00,,0,42801,61,68,1.51,0.487,0.625,97017,99.2,0.000,0,2,restless_hands spirit_companion,Lampling Tunneler:4950 blast:1309 firepot:783 Lampling Sapper:443,5 11 14 17 20 22 24 26 28 29 30 31 33 34 35 36 37 39 39 40 41 42 43 44 45 46 47 48 49 49 49 50 51 52 53 53 55 55 56 57 58 59 60 60 61,45 53 63 66 82 97 107 98 92 73 145 125 169 176 94 190 197 181 217 161 236 254 236 193 222 202 182 184 195 203 33 213 249 178 244 357 383 353 406 405 392 259 417 392 400,1 1 1 1 1 1 1 1 0.95 1 0.86 1 1 1 0.89 1 0.98 1 0.88 1 1 1 1 1 1 0.92 1 1 1 1 1 1 1 0.72 1 1 1 1 1 1 1 1 1 1 1,knifestorm8 circle_of_dawn8 moonfall8 thornbloom8 glacier_spear8 fallen_star8 | restless_hands1 grave_call1 dread_command1 soul_harvest1 deep_chill1 spirit_companion2 expanse2 precision5 vitality4 velocity2 warding1 ironhide3 kindling1
278,deft,16937,stalker,hunting_bow,smoke_bomb,3,lamplings,none,7,1,31.86,0,45.00,,0,45415,62,69,1.53,0.190,0.190,97017,111.7,0.000,1,3,bloodthirst spirit_companion,"Lampling Tunneler:7695 blast:1138 firepot:879 Grimtunnel, Roused:598",7 11 14 17 20 22 24 26 27 29 30 32 33 34 36 37 38 39 40 41 42 43 44 45 46 47 47 48 49 50 50 50 51 52 53 54 55 56 56 58 59 59 60 61 62,42 58 67 69 70 90 99 104 147 107 118 117 110 130 77 126 136 167 164 127 254 106 234 209 154 140 120 139 124 191 37 145 198 297 230 367 171 249 287 168 197 180 172 185 151,1 1 1 1 1 1 1 1 1 1 1 1 1 1 1 1 1 1 1 1 1 1 1 1 1 1 1 1 1 1 0.82 1 1 1 1 1 0.85 1 1 0.89 0.92 1 0.69 1 1,arrowfall8 living_flame8 circle_of_dawn8 gale_chakram8 aegis_wheel8 pyre_of_faith8 | bloodthirst1 grave_call3 sanctify1 consecration1 spirit_companion1 pyre_burst1 searing4 perennial5 greed1 velocity2 vitality3 thorns2
279,deft,24856,stalker,knife_belt,smoke_bomb,3,lamplings,none,7,1,33.55,1,40.55,lampling_sapper,25,37392,57,64,1.58,0.000,0.450,97017,212.8,0.000,3,2,iron_vow momentum,"Lampling Tunneler:3624 blast:607 firepot:359 Grimtunnel, Roused:119",7 12 15 18 21 24 25 25 28 29 31 32 33 35 36 37 38 38 40 40 41 43 43 44 45 46 47 48 49 50 50 50 51 51 52 53 54 55 56 57,41 57 66 71 73 87 81 103 95 86 111 108 130 139 124 131 90 126 103 141 152 124 129 142 210 178 150 187 157 174 34 35 36 206 259 257 250 252 331 185,1 1 1 1 1 1 0.97 1 1 1 1 0.87 1 1 1 0.98 0.95 1 1 1 0.84 0.91 1 1 0.89 1 1 1 0.99 1 1 1 0.85 0.76 1 1 1 0.49 0.78 0.95,thousand_cuts8 razorgale8 plaguebloom8 verdant_gaze8 ruin_bolt8 everbloom8 | iron_vow1 butchers_mark1 grave_call2 plague_bearer1 momentum1 pack_leader1 expanse1 perennial1 wisdom1 serration1 might1 soul_harvest1 thorns1
280,deft,32775,stalker,hunting_bow,mark_prey,3,lamplings,none,7,1,31.10,0,45.00,,0,47238,63,70,1.56,0.284,0.678,97017,65.9,0.000,1,4,arcane_overflow cinderwake,Lampling Tunneler:3279 blast:2009 firepot:879 Lampling Sapper:431,6 12 15 19 21 24 26 28 29 31 32 33 35 36 37 38 39 40 41 42 43 44 45 45 46 47 48 49 50 51 51 52 52 53 54 55 56 57 58 59 60 61 61 62 63,42 53 57 50 63 95 89 74 94 64 146 94 128 97 113 128 120 131 98 88 128 103 125 104 127 137 149 137 177 129 34 142 180 205 167 223 186 241 239 266 232 262 287 215 333,1 1 1 1 1 1 1 1 1 1 1 0.97 1 1 1 1 1 1 1 1 1 1 1 1 0.97 1 1 1 1 1 0.9 0.85 1 1 1 1 1 1 1 1 1 1 0.79 1 0.94,predators_volley8 sunbreak8 spirit_herd8 thunder_palm8 harrowing8 blighted_earth8 | arcane_overflow1 pack_leader1 plague_bearer1 sanctify1 consecration1 cinderwake1 dread_command1 haste4 precision1 velocity1 might5 chilling3 soul_harvest1 expanse2
281,deft,40694,stalker,knife_belt,mark_prey,3,lamplings,none,7,1,30.98,0,45.00,,0,46252,63,70,1.56,0.528,0.567,97017,59.0,0.000,0,3,bloodthirst cinderwake,Lampling Tunneler:4311 blast:1177 firepot:1013 Lampling Sapper:446,3 11 15 17 19 23 24 27 28 30 31 33 34 35 36 37 39 39 40 42 42 44 44 45 46 47 48 49 49 50 51 51 52 53 54 55 56 57 58 59 59 60 61 62 63,52 55 68 74 75 80 96 85 97 81 107 92 81 106 115 116 112 130 122 145 132 150 109 180 115 158 133 122 156 199 49 245 267 289 239 242 274 287 217 360 380 277 407 417 412,1 1 1 1 1 1 1 1 1 0.99 1 1 1 1 1 1 1 1 1 1 1 1 1 1 1 1 1 1 1 1 1 1 1 1 1 1 1 1 1 1 1 1 1 1 0.94,steel_flurry8 hailwheel8 blighted_earth8 rend_and_mend8 soul_siphon8 cinderfall8 | bloodthirst2 plague_bearer1 blood_scent1 grave_call1 cinderwake1 pyre_burst1 fleetfoot5 fortune4 recovery3 precision4 ferocity3 chilling2 deep_chill1
282,deft,1102,stalker,hunting_bow,mark_prey,3,kerchiefs,none,7,0,,1,4.35,footpad,6,1178,23,26,5.97,0.000,0.000,0,0.0,,3,0,spirit_companion,Kerchief Footpad:1020,6 11 15 20,50 50 62 78,0.98 1 0.81 0.44,volley5 knifestorm4 cinderfall6 rimeshard4 iron_palms5 judgement_disc1 | spirit_companion3 shatter1
283,deft,9021,stalker,knife_belt,mark_prey,3,kerchiefs,none,7,0,,1,17.83,bruiser,12,10352,48,54,3.03,0.000,0.000,0,0.0,,3,1,iron_vow iron_vow,Kerchief Footpad:1503 Kerchief Bruiser:993 Kerchief Enforcer:255 firepot:105,2 9 15 19 24 26 30 31 32 35 37 39 40 42 43 45 47,51 47 71 74 75 94 101 101 129 139 148 153 158 158 169 186 155,1 1 1 1 1 1 0.9 1 0.98 0.91 0.36 1 1 1 1 1 0.76,steel_flurry8 iron_palms8 axe_gyre8 blightfield8 gale_chakram8 umbral_bolt8 | iron_vow2 grave_call2 dread_command1 butchers_mark1 plague_bearer1 fleetfoot2 ferocity1
284,deft,16940,stalker,hunting_bow,smoke_bomb,3,kerchiefs,none,7,1,30.42,0,45.00,,0,39436,79,87,1.93,0.311,0.539,101235,25.1,0.000,1,2,restless_hands glass_cannon,firepot:925 Kerchief Footpad:820 burning ground:633 Kerchief Bruiser:225,6 10 14 17 18 23 24 27 28 31 32 35 36 37 38 39 41 43 45 46 48 49 51 52 54 55 57 57 59 60 61 63 64 65 66 68 69 70 72 73 74 76 77 78 79,50 52 60 76 78 98 100 112 124 136 142 155 160 162 180 195 197 191 222 216 243 255 259 230 168 221 285 208 234 104 217 225 263 320 317 286 363 305 327 412 316 374 382 353 390,0.94 1 1 1 0.78 0.95 0.95 0.92 0.94 0.88 1 1 1 1 1 0.7 1 1 1 1 0.89 1 1 1 1 1 1 0.97 1 1 1 1 1 1 1 1 1 1 1 0.85 1 1 1 1 1,arrowfall8 glacier_spear8 circle_of_dawn8 gyrestorm8 gale_chakram8 pyre_of_faith8 | restless_hands1 fracture1 grave_call1 deep_chill1 consecration1 glass_cannon1 shatter1 expanse5 searing4 ferocity4 velocity3 vitality5 soul_harvest1 haste5 sanctify1
285,deft,24859,stalker,knife_belt,smoke_bomb,3,kerchiefs,none,7,1,33.15,1,38.11,bruiser,23,20006,62,69,1.81,0.000,0.238,101235,189.3,0.000,3,1,spirit_companion spirit_companion,Kerchief Footpad:5050 Kerchief Bruiser:3429 firepot:427 Kerchief Enforcer:392,1 10 14 19 23 26 27 29 31 33 35 36 37 39 39 41 42 43 45 46 47 49 50 51 52 53 54 55 57 57 58 59 59 60 60 61 62 62,52 53 59 78 76 93 104 115 117 129 151 156 167 168 169 186 190 206 213 211 234 243 254 259 274 294 304 297 303 322 93 58 75 351 366 382 386 394,0.92 0.94 1 0.96 0.93 1 1 1 1 1 0.76 1 1 1 1 1 1 1 1 1 0.84 1 1 1 1 1 1 1 0.87 1 1 1 0.94 1 1 1 1 0.74,steel_flurry8 gale_chakram8 lunar_brand8 deathcoil8 great_herd8 everbloom8 | spirit_companion3 blood_scent1 butchers_mark1 grave_call2 dread_command1 duplicity2 perennial4 velocity2 fortune3 fleetfoot3 thorns1
286,deft,32778,stalker,hunting_bow,mark_prey,3,kerchiefs,none,7,1,31.13,1,41.57,pillager,27,38191,75,83,2,0.000,0.426,101235,67.9,0.000,3,2,hunters_mark iron_vow,Kerchief Footpad:4502 Kerchief Bruiser:2045 firepot:776 burning ground:505,7 14 17 25 28 31 32 33 36 38 40 42 43 44 46 48 49 50 51 53 53 55 57 58 59 59 61 62 64 65 65 66 68 69 70 71 72 73 74 75 75,46 54 62 48 49 68 86 79 69 77 149 99 122 112 106 132 178 126 121 152 154 149 184 131 134 201 205 228 184 153 46 344 363 293 373 376 398 405 404 410 412,0.97 1 1 1 1 1 1 1 1 1 1 1 1 1 1 1 0.91 1 1 1 1 1 1 1 1 1 1 0.9 1 0.98 1 1 1 1 0.58 1 0.69 1 1 0.76 0.7,arrowfall8 moonfall8 tether_of_anguish8 thornbloom8 plaguebloom8 aegis_wheel8 | hunters_mark3 plague_bearer1 grave_call3 vitality5 iron_vow1 velocity3 perennial5 wisdom4 fleetfoot5 expanse5 soul_harvest1
287,deft,40697,stalker,knife_belt,mark_prey,3,kerchiefs,none,7,1,30.95,1,38.51,bruiser,24,36419,76,84,2.18,0.000,0.694,101235,56.7,0.000,3,2,arcane_overflow momentum,Kerchief Bruiser:1360 Kerchief Footpad:869 firepot:202 burning ground:103,3 13 18 25 28 30 34 35 38 39 41 43 45 46 48 49 51 52 54 55 57 58 59 61 62 63 64 64 65 65 66 67 69 70 71 72 74 75,53 56 73 63 77 99 104 86 76 82 136 135 132 114 100 124 144 95 100 113 84 141 129 116 158 125 96 137 112 132 83 147 179 217 206 205 299 272,0.94 1 1 1 1 1 1 1 1 0.89 1 0.92 1 1 1 1 1 1 1 1 1 1 1 1 1 1 0.88 1 1 1 1 1 1 1 1 1 1 1,thousand_cuts8 living_flame8 everbloom8 plaguebloom8 mote_cascade8 arrowfall8 | arcane_overflow1 pyre_burst1 plague_bearer1 dark_bargain1 soul_harvest1 dread_command1 duplicity3 perennial5 momentum2 expanse5 velocity3 thorns5 serration4 grave_call1
