run,bot,seed,calling,weapon,ability,tier,people,oath,level,won,win_min,died,minutes,death_cause,killer_level,kills,ember,cards,cards_per_min,low_hp,low_hp_before_win,boss_max_hp,boss_seconds,boss_left,quaffs,heralds,greats,top_hurt,ember_curve,alive_curve,hp_curve,build
0,deft,1031,warden,worn_oathblade,shield_bash,1,pack,none,1,1,30.49,0,45.00,,0,42853,72,80,1.78,0.328,0.328,49318,29.2,0.000,1,2,stormborn hunters_mark,Longtooth Wolf:3421 Thicket Tusker:2383 Blight-Sick Wolf:2313 blast:2202,11 14 18 20 23 25 28 30 32 33 35 36 37 39 41 42 43 44 45 46 47 49 49 51 52 53 54 55 56 57 58 59 60 61 63 64 65 66 67 68 69 70 70 71 72,35 46 55 43 67 79 86 94 73 84 120 111 115 106 99 114 167 168 141 140 162 188 208 164 225 206 162 200 167 195 196 190 234 228 256 247 297 273 304 301 361 345 381 387 370,1 1 1 1 1 1 1 1 1 1 1 1 1 1 0.99 1 1 1 0.96 1 1 1 1 1 1 1 1 1 1 1 0.94 1 1 1 1 1 1 1 1 1 0.76 1 1 0.88 1,oathkeeper8 thousand_cuts8 harrowing8 plaguebloom8 tether_of_anguish8 razorgale8 | stormborn1 butchers_mark1 soul_harvest1 grave_call2 blood_scent1 hunters_mark3 expanse5 perennial5 recovery4 ironhide2 wisdom3 serration4
1,deft,8950,warden,judgement_disc_item,shield_bash,1,pack,none,1,1,30.31,0,45.00,,0,48206,76,84,1.87,0.271,0.540,49318,18.5,0.000,1,3,arcane_overflow momentum,Longtooth Wolf:1919 Thicket Tusker:1680 blast:1223 Greymuzzle:1165,13 17 21 24 26 29 30 33 34 35 37 39 40 41 42 44 45 46 48 49 50 51 52 53 54 55 57 58 59 60 61 62 63 64 65 66 67 68 70 71 72 73 74 75 76,36 40 46 48 59 67 79 67 57 62 108 85 87 118 81 88 104 99 72 73 107 77 95 94 97 126 118 112 139 111 150 142 152 114 163 222 208 196 207 270 296 249 350 370 345,1 1 1 1 0.99 1 1 1 1 1 0.97 1 1 1 1 1 1 1 1 1 1 1 1 0.95 1 1 1 1 1 1 1 0.94 1 1 1 1 1 1 1 0.87 1 1 1 1 1,aegis_wheel8 verdant_gaze8 blighted_earth8 circle_of_dawn8 tempest_coil8 rend_and_mend8 | arcane_overflow1 dark_bargain1 plague_bearer1 static_charge1 sanctify1 consecration1 momentum1 chilling3 vitality5 evasion4 expanse5 perennial5 shatter1 serration4 pack_leader1
2,deft,16869,warden,worn_oathblade,bulwark,1,pack,none,1,1,30.86,0,45.00,,0,41314,70,78,1.73,0.671,0.685,49318,51.4,0.000,0,3,duelists_grace duelists_grace,Longtooth Wolf:2071 blast:1597 Thicket Tusker:1589 Blight-Sick Wolf:782,8 14 17 21 24 25 28 29 31 32 34 36 37 38 39 40 42 42 44 44 46 47 48 49 50 51 53 54 55 56 56 57 58 60 61 62 63 64 65 66 67 68 68 69 70,34 41 49 53 73 73 86 93 60 81 116 119 130 140 156 160 177 147 144 150 177 183 180 224 144 224 208 175 248 262 193 273 274 282 263 256 305 325 323 316 357 329 363 374 301,1 1 1 1 1 1 1 1 1 1 0.96 0.99 1 1 0.96 0.99 1 1 0.96 1 1 1 1 1 1 1 1 1 1 1 1 1 0.93 1 1 1 1 1 0.98 1 1 1 1 1 0.9,oathkeeper8 arrowfall8 sunbreak8 moonfall8 tether_of_anguish8 steel_flurry8 | duelists_grace3 sanctify1 blood_scent1 consecration1 soul_harvest1 might5 fleetfoot5 expanse2 recovery4 ironhide4 pack_leader1 velocity3 grave_call1
3,deft,24788,warden,judgement_disc_item,bulwark,1,pack,none,1,1,30.45,0,45.00,,0,40895,71,79,1.76,0.072,0.362,49318,27.1,0.000,3,3,spirit_companion spirit_companion,Longtooth Wolf:7273 Thicket Tusker:2455 Blight-Sick Wolf:2446 Greymuzzle:2277,11 15 20 23 26 28 29 32 33 35 36 38 39 40 42 43 44 45 46 47 49 50 51 52 53 55 55 57 58 59 60 61 62 63 64 65 66 67 67 68 69 69 70 70 71,33 48 35 48 49 66 68 60 63 78 122 94 106 105 127 153 138 148 172 143 165 143 173 179 169 182 125 196 183 190 204 137 200 307 308 321 321 321 306 336 309 368 357 381 365,1 1 1 1 0.99 1 1 0.92 1 1 1 1 1 0.78 1 0.61 0.97 1 0.87 1 1 1 1 1 1 1 1 1 1 1 1 1 1 0.95 1 1 0.98 0.92 0.99 0.66 0.82 0.97 0.35 0.55 1,aegis_wheel8 circle_of_dawn8 arrowfall8 tempest_coil8 soul_siphon8 gale_chakram8 | spirit_companion3 sanctify1 static_charge1 dark_bargain1 grave_call1 recovery4 vitality5 velocity3 fortune4 warding3 expanse5 consecration1 soul_harvest1
4,deft,32707,warden,worn_oathblade,shield_bash,1,pack,none,1,1,30.53,0,45.00,,0,43869,72,80,1.78,0.097,0.195,49318,31.8,0.000,3,3,glass_cannon hunters_mark,Longtooth Wolf:2045 blast:2022 Thicket Tusker:1726 Greymuzzle:1006,8 15 18 21 25 25 28 30 31 32 35 36 37 39 40 41 43 43 45 46 47 48 49 51 52 53 54 55 56 57 58 59 60 61 62 63 64 65 66 67 68 69 70 71 72,37 48 53 48 59 73 75 79 98 85 124 117 132 137 152 127 141 125 148 105 189 181 209 170 169 172 191 236 152 218 198 224 253 202 218 229 307 338 325 337 339 352 414 365 377,1 1 1 1 1 0.97 0.97 1 1 1 0.95 0.9 1 1 1 0.94 1 1 1 1 0.9 1 1 1 1 1 1 1 1 1 1 1 1 1 0.92 1 0.82 1 1 0.75 1 0.79 1 0.76 1,oathkeeper8 thunder_palm8 harrowing8 steel_flurry8 moonfall8 thornbloom8 | glass_cannon1 grave_call3 dread_command1 soul_harvest1 butchers_mark1 hunters_mark1 ironhide5 haste5 might5 expanse5 greed5 fleetfoot4 dark_bargain1
5,deft,40626,warden,judgement_disc_item,shield_bash,1,pack,none,1,1,30.97,0,45.00,,0,34928,68,75,1.67,0.547,0.589,49318,57.9,0.000,0,2,bloodthirst arcane_overflow,Longtooth Wolf:3720 blast:1842 Thicket Tusker:1722 Blight-Sick Wolf:1562,11 16 19 24 26 27 30 31 33 35 36 38 39 40 41 43 44 46 47 47 48 49 50 52 53 53 55 56 57 58 59 59 60 61 62 63 64 64 65 66 66 66 66 67 68,37 47 55 52 66 74 72 95 82 101 94 113 128 135 97 157 164 147 171 160 195 209 177 216 225 238 158 225 260 180 65 238 286 291 274 266 333 320 325 330 349 348 352 379 382,1 1 1 1 1 1 1 1 1 1 1 1 1 1 1 1 1 0.97 0.96 1 0.78 1 1 1 1 1 1 1 1 1 1 1 0.99 1 1 1 1 0.96 0.95 1 0.92 0.88 1 1 1,aegis_wheel8 starseeker8 gale_chakram8 gyrestorm8 deathcoil8 reaving_arc8 | bloodthirst2 dark_bargain1 grave_call3 soul_harvest1 arcane_overflow1 ironhide5 precision4 thorns5 ferocity4 duplicity2 perennial5
6,deft,1034,warden,worn_oathblade,shield_bash,1,dead,none,1,0,,1,21.40,barrow_knight,10,8440,35,40,1.87,0.000,0.000,0,0.0,,3,1,iron_vow glass_cannon,bolt_bone:523 Barrow Knight:306 frost_orb:183 Risen Shieldman:13,5 9 11 13 15 17 18 20 21 22 24 24 26 27 29 30 31 32 33 33 35,33 42 50 57 59 74 76 112 102 105 116 122 126 136 154 147 170 172 177 190 197,1 1 1 1 1 1 1 1 0.99 1 1 1 1 0.95 1 1 1 1 1 1 1,oathblade8 verdant_lance7 axe_gyre6 arcweb8 spirit_herd8 iron_palms4 | iron_vow1 static_charge1 grave_call3 glass_cannon1
7,deft,8953,warden,judgement_disc_item,shield_bash,1,dead,none,1,1,30.70,1,42.84,barrow_knight,23,24741,51,57,1.33,0.000,0.590,39834,41.7,0.000,0,2,arcane_overflow cinderwake,bolt_bone:2209 frost_orb:360 Barrow Knight:165 Risen:34,5 9 11 14 16 17 18 21 22 24 25 26 26 29 30 31 32 34 35 36 37 37 38 39 39 40 41 42 43 44 44 45 46 47 48 48 49 49 50 50 50 51,38 43 44 56 71 72 91 90 105 97 119 128 125 142 138 153 169 171 173 157 195 198 220 209 228 243 256 251 256 267 280 287 284 275 302 314 308 321 342 341 342 346,1 1 1 1 1 1 1 1 1 0.97 1 1 1 1 1 0.98 1 1 1 1 1 1 1 1 0.92 1 0.93 1 0.96 0.95 1 0.95 1 1 1 1 1 1 1 1 1 1,aegis_wheel8 great_herd8 deepwinter8 volley8 arcweb8 thunder_palm8 | arcane_overflow1 grave_call3 soul_harvest1 cinderwake1 static_charge1 haste2 ferocity1 perennial3 ironhide1 recovery2
8,deft,16872,warden,worn_oathblade,bulwark,1,dead,none,1,1,30.39,0,45.00,,0,34554,62,69,1.53,0.183,0.582,39834,23.2,0.000,3,3,ember_tithe glass_cannon,bolt_bone:2202 Barrow Knight:780 frost_orb:567 Risen Shieldman:478,7 10 12 14 17 18 20 21 23 25 26 27 28 30 31 32 33 34 36 37 39 40 40 42 43 44 45 46 47 48 49 50 51 52 53 54 55 56 57 58 59 59 60 61 62,37 38 51 55 63 70 88 84 99 99 115 117 124 135 150 149 159 177 174 182 191 209 219 215 214 237 241 259 238 250 252 266 287 310 275 321 316 326 352 339 361 358 370 375 379,1 1 1 1 1 1 1 1 1 1 0.98 1 1 1 0.93 1 0.89 1 0.92 1 1 1 1 1 1 1 1 1 1 1 1 1 1 1 1 1 0.89 1 0.88 1 1 1 0.82 1 1,graveedge8 sunbreak8 steel_flurry8 thornbloom8 wild_hunt8 ruin_bolt8 | ember_tithe1 grave_call1 sanctify1 dread_command2 pack_leader1 glass_cannon1 blood_scent1 fleetfoot2 serration4 might5 vitality5 perennial5 precision1
9,deft,24791,warden,judgement_disc_item,bulwark,1,dead,none,1,1,31.30,1,38.58,barrow_knight,19,24166,50,56,1.45,0.000,0.439,39834,77.8,0.000,1,2,hunters_mark spirit_companion,bolt_bone:1125 frost_orb:425 Barrow Knight:425 Risen Shieldman:406,6 9 11 13 16 18 19 21 23 24 26 28 29 30 30 32 34 35 36 36 37 38 38 39 40 41 42 43 44 45 45 46 46 47 48 48 48 49,39 39 47 55 64 76 84 99 107 83 147 127 127 121 152 150 153 168 176 185 193 215 210 206 239 237 243 255 264 267 68 282 277 305 297 306 321 320,1 1 1 1 1 0.99 0.98 0.99 1 1 1 1 1 1 1 1 1 1 1 0.98 1 1 1 1 1 1 0.91 1 1 0.98 1 1 0.93 0.94 1 1 0.96 0.89,reckoning8 steel_flurry8 gale_chakram8 thornbloom8 axe_gyre8 harrowing8 | hunters_mark3 blood_scent1 soul_harvest1 spirit_companion2 expanse1 fleetfoot2 fortune2 precision1
10,deft,32710,warden,worn_oathblade,shield_bash,1,dead,none,1,1,32.48,0,45.00,,0,24254,51,57,1.27,0.191,0.196,39834,148.8,0.000,3,2,stormborn iron_vow,bolt_bone:983 Barrow Knight:434 frost_orb:185 Risen Shieldman:40,6 9 11 12 15 17 19 21 23 24 25 26 28 29 30 32 32 33 34 35 36 37 38 38 39 40 41 42 42 43 43 44 44 45 46 47 47 48 48 49 50 50 51 51 51,37 39 52 53 61 85 84 89 93 93 123 120 124 141 137 155 165 172 173 175 196 186 201 215 226 232 240 258 265 256 99 104 251 292 302 313 310 321 326 351 335 352 352 367 381,1 1 1 0.93 0.99 1 1 1 1 1 1 0.96 1 1 1 1 1 1 0.97 1 1 1 1 1 1 1 1 1 1 1 1 1 0.65 1 1 0.98 1 1 0.79 1 1 1 1 1 1,oathkeeper8 temple_breaker8 reavers_wheel8 arcweb8 thousand_cuts8 seeking_motes8 | stormborn1 storm_caller1 blood_scent1 static_charge1 soul_harvest1 iron_vow1 pack_leader1 ironhide2 evasion1 serration1 velocity1 haste2
11,deft,40629,warden,judgement_disc_item,shield_bash,1,dead,none,1,1,31.69,1,38.18,barrow_knight,19,18855,46,52,1.36,0.000,0.213,39834,101.5,0.000,3,1,duelists_grace bloodthirst,bolt_bone:1409 Risen Shieldman:946 Barrow Knight:749 Risen:610,6 9 12 14 14 16 19 20 21 23 24 26 26 27 29 30 32 33 34 34 35 35 36 37 37 37 39 39 39 40 41 42 43 44 44 45 46 46,37 48 50 57 65 77 78 88 99 112 117 126 125 141 177 160 159 165 172 187 196 197 213 225 228 236 236 254 248 235 85 288 288 298 319 340 332 311,1 1 1 1 1 1 1 0.97 1 1 0.95 1 1 1 0.97 1 1 1 1 1 0.92 1 1 1 1 1 1 1 1 0.98 1 0.92 1 1 1 1 0.89 0.87,judgement_disc8 cinderfall8 knifestorm8 arcweb8 moonbrand8 gale_chakram8 | duelists_grace1 soul_harvest1 grave_call1 pack_leader1 dark_bargain1 bloodthirst1 storm_caller1 fleetfoot1
12,deft,1037,warden,worn_oathblade,shield_bash,1,lamplings,none,1,1,31.48,0,45.00,,0,43416,59,66,1.47,0.340,0.565,43628,88.8,0.000,0,2,duelists_grace glass_cannon,Lampling Tunneler:4841 firepot:1736 blast:1527 burning ground:412,5 10 13 16 17 20 22 24 26 26 28 29 31 32 33 34 35 36 37 38 39 40 41 42 43 44 44 45 46 47 47 48 48 50 51 51 52 53 54 55 56 57 57 58 59,39 41 52 57 65 77 69 85 100 81 119 108 137 96 82 106 114 103 100 107 153 138 146 137 130 146 140 227 211 161 28 128 263 170 153 304 304 259 270 220 346 305 367 366 381,1 1 1 1 1 1 1 1 1 1 1 1 1 1 1 1 1 0.95 1 1 1 0.94 1 1 0.89 1 1 1 1 1 1 1 1 1 1 0.74 1 1 1 1 0.82 1 1 0.99 0.69,oathblade8 knifestorm8 temple_breaker8 tether_of_anguish8 gale_chakram8 moonfall8 | duelists_grace1 butchers_mark1 grave_call2 blood_scent1 pack_leader1 glass_cannon1 dread_command1 evasion2 wisdom1 vitality1 perennial5 thorns3 expanse1
13,deft,8956,warden,judgement_disc_item,shield_bash,1,lamplings,none,1,1,30.38,0,45.00,,0,48513,64,71,1.58,0.524,0.697,43628,22.5,0.000,0,4,ember_tithe stormborn,Lampling Tunneler:1760 blast:1109 firepot:951 burning ground:248,10 14 17 19 22 24 26 27 29 30 32 33 34 35 36 37 38 39 41 41 42 43 44 45 46 47 48 49 50 51 51 52 53 54 55 56 56 57 58 59 60 61 62 63 64,34 39 45 54 57 69 64 77 83 67 75 80 85 110 69 97 99 78 93 142 125 98 123 112 107 108 111 116 125 133 146 124 152 146 146 151 189 191 254 176 261 226 239 378 200,1 1 1 1 1 1 1 1 1 1 1 1 1 1 1 1 1 1 1 1 1 1 1 1 0.94 1 1 1 1 1 1 1 1 1 1 0.98 1 1 1 1 1 0.89 0.82 1 1,aegis_wheel8 skybreak8 ruin_bolt8 sunlance8 iron_palms8 gyrestorm8 | ember_tithe1 grave_call1 storm_caller1 pack_leader1 plague_bearer1 stormborn1 static_charge1 ironhide5 ferocity4 perennial5 searing4 precision4 might3 sanctify1
14,deft,16875,warden,worn_oathblade,bulwark,1,lamplings,none,1,1,31.04,0,45.00,,0,45469,59,66,1.47,0.307,0.818,43628,62.4,0.000,1,3,cinderwake arcane_overflow,Lampling Tunneler:2282 blast:931 firepot:716 Lampling Sapper:82,7 12 14 17 19 21 24 25 27 28 29 31 32 33 34 35 36 37 38 39 40 41 41 42 43 44 45 46 47 48 48 48 49 50 51 52 53 53 54 55 56 56 57 58 59,37 48 58 47 62 65 69 72 96 76 114 78 96 86 85 95 94 105 108 106 120 113 122 114 128 179 130 125 163 125 29 155 163 218 206 313 176 276 321 307 318 353 325 376 293,1 1 1 1 1 1 1 1 1 1 1 1 1 1 1 1 1 1 1 0.95 1 1 0.93 0.98 1 1 1 1 1 1 1 0.99 1 1 1 1 1 1 0.73 1 1 1 0.89 1 1,graveedge8 gyrestorm8 everbloom8 great_herd8 judgement_disc8 thousand_cuts8 | cinderwake1 dread_command1 grave_call1 pack_leader1 blood_scent1 arcane_overflow2 recovery4 perennial4 thorns2 ferocity3 serration4 soul_harvest1 searing4
15,deft,24794,warden,judgement_disc_item,bulwark,1,lamplings,none,1,1,30.72,0,45.00,,0,47447,60,67,1.49,0.710,0.824,43628,43.0,0.000,0,3,momentum momentum,Lampling Tunneler:2790 firepot:1233 blast:949 burning ground:253,8 11 14 16 18 21 23 25 27 28 29 31 32 33 34 35 36 37 38 39 40 41 41 43 43 44 45 46 47 48 48 49 50 50 51 52 53 54 55 56 56 57 58 59 60,33 44 56 55 40 77 83 83 83 105 100 82 81 86 86 80 93 90 82 109 132 100 110 113 136 157 124 134 123 128 169 164 177 168 206 250 182 293 320 325 355 359 244 375 347,1 1 1 1 1 1 1 1 1 1 0.94 1 1 1 1 1 1 1 1 1 1 1 1 1 1 1 1 1 0.94 1 1 1 1 1 1 0.91 1 1 0.99 1 0.9 1 1 0.88 1,aegis_wheel8 starseeker8 skybreak8 hailwheel8 tether_of_anguish8 thunder_palm8 | momentum3 grave_call2 storm_caller1 pack_leader1 static_charge1 recovery4 ironhide4 velocity2 haste1 chilling1 precision1
16,deft,32713,warden,worn_oathblade,shield_bash,1,lamplings,none,1,1,32.26,0,45.00,,0,44711,58,65,1.44,0.653,0.782,43628,135.5,0.000,0,2,duelists_grace duelists_grace,Lampling Tunneler:2339 blast:1796 firepot:1346 burning ground:320,6 10 13 17 19 21 22 24 26 27 28 30 31 32 33 34 35 36 37 38 39 40 41 42 43 44 44 45 46 47 47 47 48 49 49 50 51 52 53 54 55 56 57 58 58,43 44 62 54 45 71 86 79 123 92 114 90 111 98 91 102 107 138 107 112 112 104 165 198 118 114 132 129 205 180 53 32 256 226 268 314 116 310 343 291 284 366 232 277 318,1 1 1 1 1 0.98 1 1 1 1 1 1 1 1 1 1 0.99 0.94 1 1 0.95 0.97 1 1 1 1 1 1 1 1 1 0.97 1 0.99 0.9 1 1 1 1 1 0.93 0.86 1 1 0.79,graveedge8 gyrestorm8 rend_and_mend8 pyre_of_faith8 soul_siphon8 circle_of_dawn8 | duelists_grace3 soul_harvest1 sanctify1 consecration1 grave_call1 recovery2 evasion2 ferocity1 searing2 perennial3 pyre_burst1 serration1
17,deft,40632,warden,judgement_disc_item,shield_bash,1,lamplings,none,1,1,30.65,0,45.00,,0,47895,64,71,1.58,0.348,0.871,43628,38.9,0.000,0,4,restless_hands restless_hands,Lampling Tunneler:4088 firepot:1451 blast:1264 burning ground:324,8 12 15 18 21 23 25 26 28 30 31 32 34 35 36 37 38 39 40 41 42 43 44 45 46 47 48 49 50 51 51 52 53 54 55 56 57 58 58 60 61 62 62 63 64,36 43 41 57 60 53 61 86 63 64 78 97 76 82 94 118 84 84 111 125 134 104 113 130 111 128 119 119 114 141 177 141 172 182 161 134 190 187 213 166 212 215 270 298 318,1 1 1 1 1 1 0.97 1 1 1 1 1 1 1 1 0.88 0.92 1 0.95 1 0.99 1 0.94 1 1 0.94 1 1 0.93 1 0.93 1 0.99 1 1 1 1 1 0.78 1 1 1 1 1 0.7,judgement_disc8 mote_cascade8 iron_palms8 blighted_earth8 gyrestorm8 harrowing8 | restless_hands2 plague_bearer1 dark_bargain2 grave_call2 ferocity2 chilling3 duplicity3 greed5 expanse5 serration4 butchers_mark1
18,deft,1040,warden,worn_oathblade,shield_bash,1,kerchiefs,none,1,1,30.81,1,41.27,enforcer,23,37386,78,86,2.08,0.000,0.626,45524,48.6,0.000,3,3,momentum ember_tithe,Kerchief Enforcer:5051 firepot:1915 burning ground:1299 Kerchief Bruiser:830,5 12 17 19 22 25 28 29 32 34 36 36 37 40 42 43 45 46 48 50 51 53 54 56 57 58 60 61 62 64 64 65 67 68 70 71 73 74 75 77 78,43 46 49 59 65 79 81 95 98 102 122 123 135 115 128 155 164 168 155 131 177 157 181 200 169 219 163 247 272 214 227 235 279 229 255 241 214 292 306 334 355,0.95 1 1 1 1 0.96 0.97 1 1 0.96 1 1 0.8 1 1 1 1 1 0.98 1 1 0.92 1 1 1 1 0.91 1 1 1 1 1 1 1 1 1 1 1 1 0.84 1,oathblade8 umbral_bolt8 circle_of_dawn8 wild_hunt8 sunlance8 thunder_palm8 | momentum1 sanctify1 plague_bearer1 pack_leader1 dark_bargain1 dread_command1 ember_tithe1 greed5 fleetfoot5 vitality5 ferocity4 searing4 soul_harvest1 haste5 storm_caller1
19,deft,8959,warden,judgement_disc_item,shield_bash,1,kerchiefs,none,1,1,30.34,0,45.00,,0,47460,78,86,1.91,0.118,0.508,45524,20.6,0.000,3,4,arcane_overflow restless_hands,firepot:1640 burning ground:794 Kerchief Footpad:698 Kerchief Enforcer:457,9 15 19 23 26 29 31 32 34 36 37 39 40 42 43 45 46 47 48 50 51 52 53 54 56 57 58 59 60 61 62 63 64 66 67 68 69 71 71 73 74 75 76 77 78,39 47 52 57 56 62 86 79 71 95 107 90 103 133 108 161 94 111 95 95 102 123 107 144 108 135 157 158 164 149 147 182 158 155 163 229 210 260 251 174 278 316 261 320 293,1 1 1 1 1 1 1 0.96 1 1 1 1 1 1 1 1 1 1 1 1 1 1 1 1 1 1 1 1 1 1 0.95 1 1 1 1 1 0.78 1 1 1 1 1 0.92 1 0.95,reckoning8 deepwinter8 lunar_brand8 sunbreak8 living_flame8 plaguebloom8 | arcane_overflow1 grave_call1 pyre_burst1 consecration1 fracture1 plague_bearer1 restless_hands1 perennial5 fortune4 haste5 fleetfoot5 shatter1 serration4 might5 sanctify1
20,deft,16878,warden,worn_oathblade,bulwark,1,kerchiefs,none,1,1,30.50,1,39.09,bruiser,20,35559,69,76,1.94,0.000,0.808,45524,29.9,0.000,3,2,stormborn arcane_overflow,Kerchief Bruiser:1228 Kerchief Footpad:1141 burning ground:136 firepot:130,10 15 17 22 24 27 29 31 33 34 36 38 39 40 42 44 45 46 48 49 50 51 51 53 54 55 56 58 59 60 61 62 63 64 65 67 67 68 69,46 40 54 60 68 61 86 96 96 112 99 120 127 114 128 164 167 180 181 122 196 135 145 164 136 179 172 174 244 182 181 227 287 266 298 271 322 327 366,1 1 1 1 1 1 0.94 1 1 1 1 1 1 1 1 1 1 1 1 1 1 1 1 1 1 1 1 1 1 1 0.99 1 1 1 0.94 1 1 1 1,graveedge8 blightfield8 thornbloom8 thousand_cuts8 ruin_bolt8 verdant_lance8 | stormborn2 blood_scent1 plague_bearer1 soul_harvest1 pack_leader1 arcane_overflow1 serration4 warding3 ferocity4 might5 recovery4 fleetfoot5 grave_call1
21,deft,24797,warden,judgement_disc_item,bulwark,1,kerchiefs,none,1,1,30.48,1,41.82,bruiser,22,36712,70,78,1.87,0.000,0.664,45524,28.5,0.000,3,2,restless_hands bloodthirst,Kerchief Bruiser:3152 Kerchief Footpad:1146 Kerchief Enforcer:203 firepot:145,9 13 18 22 24 26 28 30 32 34 34 37 38 40 40 42 44 44 46 47 49 50 51 52 53 54 56 57 58 58 59 60 62 63 63 64 65 66 68 69 69,40 45 54 62 71 78 91 85 91 93 115 131 128 138 139 151 157 163 178 187 210 188 149 165 159 208 176 202 156 193 199 276 278 266 282 307 329 334 348 368 361,1 1 1 1 1 1 1 1 1 1 0.91 1 1 1 1 1 1 1 1 1 1 1 1 1 1 1 1 1 1 1 1 1 1 1 1 1 1 1 1 1 0.82,judgement_disc8 ruin_bolt8 verdant_gaze8 thousand_cuts8 thornbloom8 spirit_herd8 | restless_hands1 plague_bearer1 butchers_mark1 soul_harvest1 pack_leader1 blood_scent1 bloodthirst1 expanse5 might5 warding3 haste5 serration4 duplicity3 grave_call2
22,deft,32716,warden,worn_oathblade,shield_bash,1,kerchiefs,none,1,1,31.23,0,45.00,,0,32974,74,82,1.82,0.108,0.679,45524,73.9,0.000,3,2,ember_tithe stormborn,Kerchief Footpad:4674 Kerchief Bruiser:4125 firepot:1595 burning ground:1020,11 15 19 22 25 27 29 31 33 34 35 37 38 40 41 43 44 46 47 49 51 52 53 55 56 57 59 60 61 63 63 64 65 66 67 67 68 68 69 70 71 71 72 73 74,42 46 50 53 69 75 81 87 101 111 121 120 135 131 143 153 166 119 152 152 200 160 167 167 172 197 163 255 195 198 49 289 288 302 301 293 345 328 347 329 352 338 355 368 374,1 1 1 1 1 1 1 1 1 1 1 1 1 1 1 1 1 0.94 1 0.93 1 0.92 0.94 0.85 0.99 1 1 1 1 0.99 1 1 1 1 1 1 1 1 0.89 0.93 1 0.89 1 0.78 1,oathkeeper8 knifestorm8 arrowfall8 tether_of_anguish8 pyre_of_faith8 moonfall8 | ember_tithe1 butchers_mark1 consecration1 blood_scent1 soul_harvest1 pack_leader1 stormborn1 searing4 evasion4 ironhide5 recovery4 sanctify1 greed5 velocity3 pyre_burst1
23,deft,40635,warden,judgement_disc_item,shield_bash,1,kerchiefs,none,1,1,30.39,1,42.47,bruiser,23,34873,68,75,1.77,0.000,0.701,45524,23.4,0.000,3,2,hunters_mark iron_vow,Kerchief Bruiser:2090 Kerchief Footpad:800 firepot:694 burning ground:401,10 14 20 22 26 28 30 31 34 35 37 38 40 41 42 43 45 46 46 48 50 51 52 54 55 56 57 58 59 60 61 62 62 62 63 64 65 65 66 66 67 67,39 45 56 56 67 69 84 86 67 108 115 119 89 146 156 152 161 169 122 114 79 134 116 104 103 172 85 177 154 198 221 282 233 301 305 303 317 325 332 342 346 351,1 1 1 1 1 1 1 1 1 1 1 0.99 1 1 0.95 1 1 1 1 1 1 1 1 1 1 1 1 1 1 1 1 1 1 0.96 1 1 1 1 0.8 1 0.75 1,reckoning8 hallowed_ring8 ruin_bolt8 rend_and_mend8 thunder_palm8 deepwinter8 | hunters_mark3 sanctify1 grave_call1 deep_chill1 iron_vow1 might5 haste5 fortune3 thorns4 warding3 vitality5 dread_command1
24,deft,1062,warden,worn_oathblade,shield_bash,2,pack,none,4,1,31.06,0,45.00,,0,44923,75,83,1.84,0.491,0.491,83410,63.7,0.000,0,3,iron_vow glass_cannon,blast:1714 Thicket Tusker:1516 Longtooth Wolf:1023 Greymuzzle:724,6 13 18 20 25 25 26 30 31 31 34 36 38 39 40 42 43 45 46 47 48 50 51 52 53 54 56 57 58 59 60 60 62 63 63 65 66 67 68 70 70 72 73 74 75,48 45 57 71 54 86 96 85 109 119 115 115 161 140 112 174 190 160 167 148 187 138 138 161 123 136 175 203 205 121 29 237 245 300 304 303 212 331 347 239 319 395 340 352 297,1 1 1 1 0.98 0.98 0.94 0.89 1 1 1 0.99 1 1 0.95 1 1 1 1 0.88 1 0.97 1 0.94 1 1 1 1 1 1 0.87 1 0.98 1 1 1 1 0.94 1 1 1 1 1 1 1,oathblade8 arrowfall8 circle_of_dawn8 temple_breaker8 hailwheel8 moonfall8 | iron_vow3 sanctify1 consecration1 grave_call1 glass_cannon1 velocity3 expanse5 evasion4 haste5 chilling3 deep_chill1 vitality5 pack_leader1
25,deft,8981,warden,judgement_disc_item,shield_bash,2,pack,none,4,1,30.87,0,45.00,,0,41211,71,79,1.76,0.654,0.728,83410,51.9,0.000,0,2,iron_vow momentum,blast:1048 Longtooth Wolf:685 Thicket Tusker:463 Blight-Sick Wolf:266,8 12 19 23 25 27 30 32 33 36 37 38 39 41 42 44 45 47 48 49 50 51 52 53 54 56 57 58 59 60 60 61 62 62 64 65 66 67 68 69 70 70 71 71 71,43 51 61 69 77 91 90 102 106 108 105 99 118 116 123 116 144 146 101 144 197 99 121 117 148 193 167 193 126 146 142 180 150 196 212 264 322 275 364 378 391 390 383 394 375,1 1 1 1 1 1 1 0.97 0.97 1 1 1 1 0.93 0.96 1 0.96 1 1 1 1 1 1 1 1 1 0.98 1 1 1 1 1 1 1 0.96 0.92 1 0.98 1 0.93 1 1 0.93 1 1,aegis_wheel8 pyre_of_faith8 reaving_arc8 rimeshard8 steel_flurry8 strangleroot8 | iron_vow1 consecration1 blood_scent1 shatter1 deep_chill1 grave_call1 momentum1 searing4 chilling3 ironhide5 perennial5 pack_leader1 fleetfoot5 ferocity4 emberseekers1
26,deft,16900,warden,worn_oathblade,bulwark,2,pack,none,4,1,30.59,0,45.00,,0,45790,75,83,1.84,0.199,0.278,83410,35.1,0.000,3,4,stormborn restless_hands,Longtooth Wolf:3946 blast:2280 Thicket Tusker:2152 Greymuzzle:1807,7 15 20 21 25 27 28 31 32 35 35 38 40 40 42 44 45 46 48 49 50 51 52 54 55 55 57 58 59 60 60 62 63 64 65 66 67 68 69 70 71 72 74 74 75,39 49 59 55 71 92 88 94 91 115 110 139 116 126 102 135 97 153 133 97 111 105 134 111 187 147 149 136 174 248 215 161 199 175 172 284 292 254 316 385 291 353 400 405 458,0.92 0.98 0.98 0.98 0.98 0.97 1 1 1 0.96 0.89 1 1 0.93 0.85 0.93 0.96 1 1 0.99 1 1 1 1 1 1 1 1 1 1 1 1 1 1 0.94 1 1 0.97 0.78 0.77 0.96 1 1 0.89 0.96,graveedge8 thousand_cuts8 everbloom8 razorgale8 fallen_star8 verdant_gaze8 | stormborn1 grave_call2 emberseekers1 blood_scent1 pyre_burst1 kindling1 restless_hands1 evasion4 expanse5 thorns5 serration4 might5 fortune4 dread_command1
27,deft,24819,warden,judgement_disc_item,bulwark,2,pack,none,4,1,30.51,0,45.00,,0,44289,77,85,1.89,0.587,0.637,83410,30.7,0.000,0,2,bloodthirst duelists_grace,Longtooth Wolf:3826 Blight-Sick Wolf:2019 Thicket Tusker:1872 blast:1557,8 13 21 24 26 28 31 33 34 36 39 40 42 43 44 46 47 49 50 51 52 54 55 56 57 58 59 60 61 62 63 64 65 67 67 69 70 71 72 73 74 74 75 76 77,46 44 46 49 55 78 80 77 86 55 106 98 103 90 89 148 118 135 130 112 124 109 109 119 124 145 156 135 198 191 170 222 241 200 243 237 290 370 366 349 386 400 400 416 402,1 1 1 1 0.97 1 1 1 1 1 1 1 1 1 1 1 0.97 1 1 1 0.99 1 1 1 1 1 1 0.96 1 0.95 1 1 1 1 0.96 1 1 1 0.91 1 1 1 1 1 1,reckoning8 hailwheel8 blighted_earth8 rend_and_mend8 starseeker8 skybreak8 | bloodthirst2 plague_bearer1 storm_caller1 static_charge1 dark_bargain1 duelists_grace1 chilling3 fortune4 precision5 deep_chill1 recovery4 fleetfoot5 serration4 butchers_mark1
28,deft,32738,warden,worn_oathblade,shield_bash,2,pack,none,4,1,30.44,0,45.00,,0,44876,75,83,1.84,0.234,0.234,83410,26.4,0.000,2,3,hunters_mark cinderwake,blast:2514 Greymuzzle:2174 Longtooth Wolf:2150 Thicket Tusker:1672,4 11 18 21 23 27 27 30 32 33 34 36 38 39 40 42 43 45 46 47 48 50 51 52 53 55 56 57 58 59 60 60 62 63 64 65 66 68 68 69 71 72 73 74 75,39 55 58 71 59 83 85 97 111 117 128 140 142 152 158 168 164 168 185 94 130 133 130 154 177 122 131 134 195 103 120 123 127 145 113 256 290 162 353 259 355 406 396 426 393,1 1 1 0.98 1 0.97 1 1 1 0.99 0.95 0.98 0.9 0.92 1 1 0.95 1 1 1 1 1 0.96 1 1 1 1 1 1 1 1 1 1 1 1 1 0.97 0.95 1 1 1 0.94 1 1 1,graveedge8 rend_and_mend8 temple_breaker8 moonfall8 predators_volley8 razorgale8 | hunters_mark3 grave_call3 pack_leader1 cinderwake1 precision5 evasion4 vitality5 expanse5 serration4 perennial5 soul_harvest1
29,deft,40657,warden,judgement_disc_item,shield_bash,2,pack,none,4,1,30.61,0,45.00,,0,39320,73,81,1.8,0.267,0.296,83410,36.5,0.000,3,3,duelists_grace duelists_grace,Longtooth Wolf:7087 Blight-Sick Wolf:3271 Greymuzzle:2445 Thicket Tusker:2319,7 16 21 24 27 30 32 33 36 37 39 40 41 43 44 46 47 48 49 51 52 53 54 55 57 58 59 60 61 62 63 64 65 66 67 68 69 69 70 71 71 72 73 73 73,42 48 54 40 67 77 66 61 112 77 125 134 113 131 141 125 145 99 144 98 153 128 176 142 143 109 174 148 155 181 204 210 278 288 348 355 359 359 361 373 394 408 408 389 391,0.99 1 0.99 0.99 1 1 0.9 0.89 0.98 0.96 0.6 0.93 1 0.97 0.99 0.93 1 1 0.93 0.95 1 1 1 1 0.98 1 1 1 1 1 0.9 1 1 0.96 0.96 0.62 0.84 1 1 1 0.66 0.93 0.78 0.88 0.58,reckoning8 starseeker8 circle_of_dawn8 skybreak8 pyre_of_faith8 gale_chakram8 | duelists_grace2 consecration1 static_charge1 sanctify1 dark_bargain1 grave_call2 precision5 velocity3 searing4 evasion4 kindling1 vitality5 greed5
30,deft,1065,warden,worn_oathblade,shield_bash,2,dead,none,4,0,,1,30.68,barrow_knight,17,16585,45,51,1.66,0.000,0.000,67370,40.9,0.246,3,2,cinderwake iron_vow,bolt_bone:3266 Barrow Knight:1520 frost_orb:535 Risen:44,1 3 5 9 12 14 16 19 20 21 24 25 27 28 29 30 33 34 36 37 38 38 39 39 40 42 42 43 44 45,50 45 51 68 72 89 92 97 112 119 125 130 150 158 166 172 175 192 203 204 224 231 225 234 245 257 263 279 318 303,1 1 1 1 1 0.97 1 1 1 1 0.68 0.94 0.97 1 0.92 0.95 1 1 0.98 1 0.72 1 1 1 1 1 1 0.89 0.95 1,oathblade8 iron_palms8 axe_gyre8 circle_of_dawn8 verdant_lance8 tether_of_anguish8 | cinderwake1 grave_call2 consecration1 plague_bearer1 iron_vow1 pack_leader1 recovery1
31,deft,8984,warden,judgement_disc_item,shield_bash,2,dead,none,4,1,30.62,0,45.00,,0,31897,58,65,1.44,0.574,0.886,67370,37.0,0.000,0,2,iron_vow momentum,bolt_bone:542 Barrow Knight:292 Risen Shieldman:241 frost_orb:185,7 11 13 16 18 20 21 22 25 26 27 28 29 31 31 33 34 35 37 38 40 40 41 43 44 45 46 47 48 49 49 50 51 52 53 54 54 55 56 56 56 57 57 57 58,38 49 59 67 72 85 94 98 110 127 123 138 140 138 157 148 176 189 158 191 216 197 208 217 241 245 229 216 286 272 314 298 297 304 332 344 360 348 365 370 378 385 399 409 392,1 1 1 1 1 1 1 1 1 1 1 1 1 1 1 1 1 1 1 1 1 1 1 1 1 1 1 1 1 1 1 1 1 1 1 1 1 1 1 1 1 1 0.85 1 0.63,reckoning8 soul_siphon8 skybreak8 lunar_brand8 knifestorm8 circle_of_dawn8 | iron_vow2 soul_harvest1 pack_leader1 grave_call1 storm_caller1 momentum1 static_charge1 recovery3 ferocity1 thorns3 fortune3 greed2 precision4
32,deft,16903,warden,worn_oathblade,bulwark,2,dead,none,4,1,31.72,0,45.00,,0,28701,62,69,1.53,0.224,0.224,67370,103.3,0.000,3,2,ember_tithe restless_hands,bolt_bone:4649 Barrow Knight:1461 frost_orb:955 Risen Shieldman:773,6 9 12 15 17 20 22 24 26 28 29 30 32 34 35 37 38 39 41 41 43 44 45 46 47 48 49 50 51 52 52 53 53 54 55 56 58 58 59 59 60 61 62 62 62,49 44 59 70 70 87 90 99 112 118 127 141 138 151 164 173 182 194 193 211 220 222 243 239 257 270 245 279 296 302 81 315 314 338 348 362 348 363 399 371 384 406 396 401 389,1 1 1 1 1 1 0.94 0.99 1 0.97 0.7 1 0.96 0.95 1 0.97 1 0.86 1 1 1 0.99 1 1 1 1 0.97 1 0.95 1 0.83 0.93 1 1 0.9 0.44 1 0.63 1 1 0.81 1 1 1 0.91,graveedge8 gyrestorm8 iron_palms8 plaguebloom8 volley8 thousand_cuts8 | ember_tithe3 blood_scent1 plague_bearer1 restless_hands1 soul_harvest1 might2 ferocity3 serration4 recovery1 perennial2 grave_call1 ironhide4
33,deft,24822,warden,judgement_disc_item,bulwark,2,dead,none,4,1,32.05,0,45.00,,0,22874,52,58,1.29,0.436,0.769,67370,123.2,0.000,0,2,bloodthirst arcane_overflow,bolt_bone:2561 frost_orb:542 Risen:231 Barrow Knight:152,7 10 13 15 17 18 20 21 23 25 26 27 28 29 30 32 32 32 34 35 35 37 38 39 40 40 41 42 43 44 45 45 45 46 47 48 48 49 50 50 51 51 52 52 52,41 42 55 63 73 82 95 99 110 117 128 141 145 155 168 178 183 183 198 203 214 228 229 242 249 260 273 280 284 300 56 50 320 329 346 378 346 362 378 376 377 396 388 411 393,1 1 1 1 1 1 1 0.97 1 1 1 0.99 1 1 1 1 1 1 1 1 1 1 1 1 1 1 1 1 1 1 1 1 1 1 1 1 1 1 1 0.97 1 0.91 0.84 0.9 0.88,aegis_wheel8 steel_flurry8 gale_chakram8 glacier_spear8 iron_palms8 ruin_bolt8 | bloodthirst1 blood_scent1 soul_harvest1 deep_chill1 pack_leader1 arcane_overflow1 grave_call1 might2 velocity1 thorns2 fleetfoot1 ironhide3 perennial1
34,deft,32741,warden,worn_oathblade,shield_bash,2,dead,none,4,0,,1,30.55,barrow_knight,17,16554,46,52,1.7,0.000,0.000,67370,33.2,0.688,3,2,cinderwake glass_cannon,bolt_bone:1704 Barrow Knight:794 frost_orb:318 Risen Shieldman:96,1 1 2 6 11 14 18 19 20 21 24 26 28 29 30 32 33 34 36 37 38 39 40 41 41 42 44 44 45 46,50 46 54 68 74 86 96 93 110 114 133 143 146 150 160 180 180 189 192 210 218 216 231 248 258 278 265 289 289 280,0.98 1 1 1 1 1 0.98 1 0.9 0.93 1 1 1 1 0.97 0.94 0.94 1 0.76 1 1 0.94 0.93 1 0.92 1 1 1 0.99 1,oathblade8 axe_gyre8 aegis_wheel8 strangleroot8 umbral_bolt8 volley8 | cinderwake2 grave_call3 pack_leader1 glass_cannon1 perennial1 chilling2 vitality1
35,deft,40660,warden,judgement_disc_item,shield_bash,2,dead,none,4,1,31.23,0,45.00,,0,34821,60,67,1.49,0.698,0.829,67370,73.8,0.000,0,3,arcane_overflow restless_hands,bolt_bone:2138 frost_orb:538 Barrow Knight:240 Risen:10,8 11 13 15 16 17 17 18 19 22 23 25 27 28 29 31 32 33 34 35 36 37 38 39 40 41 42 43 44 45 46 46 46 48 49 50 51 52 54 55 56 57 58 59 60,39 46 56 70 75 85 89 111 110 114 126 136 148 147 169 169 178 179 191 173 209 217 228 243 251 250 258 265 297 231 52 310 249 297 242 285 367 368 369 247 271 402 399 359 337,1 1 1 1 1 0.84 0.92 0.99 1 1 1 0.98 1 1 1 1 1 1 1 1 1 1 1 1 1 1 1 1 0.94 1 1 1 0.95 1 1 1 1 1 1 1 1 1 1 1 1,aegis_wheel8 sanctified_earth8 tether_of_anguish8 deepwinter8 great_herd8 gale_chakram8 | arcane_overflow1 soul_harvest1 sanctify1 shatter1 grave_call1 restless_hands1 consecration1 haste2 ironhide1 perennial2 recovery3 vitality3 fleetfoot2 deep_chill1
36,deft,1068,warden,worn_oathblade,shield_bash,2,lamplings,none,4,1,31.72,0,45.00,,0,45212,63,70,1.56,0.129,0.533,73786,103.4,0.000,3,2,glass_cannon iron_vow,blast:2045 Lampling Tunneler:2016 firepot:1830 burning ground:597,4 12 15 18 22 24 26 27 30 31 32 33 35 36 37 38 39 40 41 42 43 44 45 46 47 48 49 49 51 51 52 52 53 54 55 55 56 57 58 59 60 61 61 62 63,43 42 53 69 53 78 71 92 62 83 74 87 75 89 112 141 118 115 103 97 134 153 112 121 112 150 108 109 122 128 33 138 176 147 166 260 178 300 311 211 411 367 400 408 391,1 1 1 1 0.93 1 1 1 1 0.92 1 1 0.9 1 1 1 1 1 0.9 1 1 1 1 0.88 0.99 1 1 0.86 1 1 1 0.66 1 1 1 0.95 1 0.99 1 0.88 1 0.49 1 1 1,oathblade8 thunder_palm8 strangleroot8 gyrestorm8 pyre_of_faith8 knifestorm8 | glass_cannon1 dark_bargain1 grave_call3 pack_leader1 iron_vow1 butchers_mark1 ferocity4 chilling3 haste4 perennial5 searing3 velocity1
37,deft,8987,warden,judgement_disc_item,shield_bash,2,lamplings,none,4,1,31.06,0,45.00,,0,47524,62,69,1.53,0.019,0.679,73786,63.5,0.000,3,4,glass_cannon glass_cannon,Lampling Tunneler:2943 blast:1864 firepot:1284 burning ground:270,8 11 16 18 21 24 25 27 28 30 31 32 33 34 35 37 38 39 40 41 42 43 43 45 45 46 47 48 48 50 50 51 51 52 53 54 55 56 57 58 58 59 60 61 62,46 53 48 74 76 86 83 86 85 61 94 101 90 95 95 103 91 83 120 112 130 119 114 102 111 160 158 160 126 151 34 159 164 248 150 155 200 230 235 150 203 209 293 297 152,1 1 1 1 1 1 1 1 1 1 1 1 1 1 1 1 0.81 1 0.83 1 1 1 1 0.92 1 1 0.8 1 1 1 1 1 1 1 1 1 0.55 1 0.78 1 1 1 1 1 1,aegis_wheel8 rend_and_mend8 pyre_of_faith8 thornbloom8 starseeker8 soul_siphon8 | glass_cannon2 grave_call3 sanctify1 soul_harvest1 recovery4 searing4 haste2 ironhide2 precision3 pyre_burst1 expanse3
38,deft,16906,warden,worn_oathblade,bulwark,2,lamplings,none,4,1,32.96,0,45.00,,0,43406,66,73,1.62,0.454,0.725,73786,177.7,0.000,0,2,restless_hands restless_hands,Lampling Tunneler:6836 firepot:1243 blast:1192 burning ground:265,4 9 12 15 19 21 25 27 29 31 32 33 35 36 38 39 40 41 42 43 44 45 46 48 49 50 51 52 53 54 54 54 55 55 56 58 58 60 61 62 63 63 64 65 66,46 54 55 65 71 76 56 96 75 76 79 87 96 115 78 111 102 128 100 115 116 113 127 149 121 149 137 141 129 163 33 39 79 245 183 329 226 320 209 305 391 383 413 394 394,1 1 1 1 1 0.96 1 1 1 0.95 0.93 0.97 1 1 1 1 1 1 1 1 1 1 1 1 0.97 1 0.94 1 0.96 1 1 1 0.99 1 1 1 1 0.89 1 1 1 1 0.92 1 0.92,graveedge8 umbral_bolt8 plaguebloom8 reavers_wheel8 seeking_motes8 circle_of_dawn8 | restless_hands2 plague_bearer1 dark_bargain3 grave_call1 perennial5 vitality5 velocity3 serration4 warding3 soul_harvest1 fleetfoot2
39,deft,24825,warden,judgement_disc_item,bulwark,2,lamplings,none,4,1,30.76,0,45.00,,0,47821,62,69,1.53,0.247,0.795,73786,45.4,0.000,2,3,duelists_grace glass_cannon,Lampling Tunneler:2461 blast:1335 firepot:751 burning ground:193,7 13 16 19 21 24 25 27 29 30 32 33 34 35 36 37 38 39 40 41 42 43 44 45 45 46 47 48 49 50 50 51 52 53 54 54 55 56 57 58 59 59 60 61 62,44 45 54 58 55 81 73 64 85 63 71 82 120 71 85 107 92 88 92 89 101 107 148 81 164 120 113 143 144 117 174 122 147 142 166 178 181 166 312 319 350 229 336 288 280,1 1 1 1 1 1 1 1 1 1 1 1 1 1 1 1 1 1 1 1 1 1 1 1 0.89 1 1 1 1 1 1 1 1 1 1 1 0.84 0.82 1 1 0.99 1 1 1 0.63,reckoning8 axe_gyre8 circle_of_dawn8 temple_breaker8 harrowing8 moonfall8 | duelists_grace1 sanctify1 consecration1 soul_harvest1 pack_leader1 glass_cannon1 grave_call2 expanse3 recovery4 precision5 might1 evasion2 fleetfoot3
40,deft,32744,warden,worn_oathblade,shield_bash,2,lamplings,none,4,1,32.77,0,45.00,,0,43596,63,70,1.56,0.410,0.755,73786,166.1,0.000,0,3,iron_vow bloodthirst,Lampling Tunneler:3231 firepot:915 blast:893 burning ground:282,5 9 13 16 20 23 25 27 29 30 32 33 34 35 36 38 39 40 41 42 43 44 45 46 47 48 48 49 50 51 51 52 52 53 54 55 56 56 57 58 59 60 61 62 63,42 49 53 70 53 79 74 87 76 85 87 100 110 82 115 119 108 104 133 153 115 188 133 176 160 141 143 162 206 186 37 35 229 178 182 269 267 255 234 384 403 228 349 375 406,1 1 1 1 1 1 0.95 1 1 1 1 1 1 1 1 1 1 1 1 1 1 1 1 1 1 1 1 1 1 1 1 1 1 1 1 0.91 1 0.77 1 0.89 0.84 1 0.83 1 0.88,graveedge8 great_herd8 temple_breaker8 razorgale8 verdant_gaze8 tempest_coil8 | iron_vow3 dark_bargain1 plague_bearer1 bloodthirst1 pack_leader1 serration4 expanse1 perennial5 blood_scent1 duplicity2 evasion2 fleetfoot2
41,deft,40663,warden,judgement_disc_item,shield_bash,2,lamplings,none,4,1,30.49,0,45.00,,0,48082,63,70,1.56,0.638,0.638,73786,29.3,0.000,0,4,duelists_grace duelists_grace,blast:1349 Lampling Tunneler:1107 firepot:781 burning ground:236,6 11 15 17 19 22 24 27 28 30 31 33 34 35 36 37 38 39 40 41 42 43 44 45 45 46 47 48 49 50 50 51 52 53 54 54 56 56 57 58 59 60 61 62 63,40 49 62 61 76 87 76 82 85 59 88 72 86 117 84 86 134 118 100 100 124 113 147 135 171 119 147 124 117 120 158 143 130 133 168 164 156 168 292 190 181 190 236 189 177,1 1 1 1 1 1 0.99 0.98 1 1 1 1 1 1 1 1 1 1 1 0.95 1 1 1 1 0.94 0.94 1 1 1 0.94 1 1 1 1 1 1 1 1 1 1 1 1 1 0.99 1,aegis_wheel8 thousand_cuts8 razorgale8 thunder_palm8 starseeker8 sanctified_earth8 | duelists_grace3 blood_scent1 sanctify1 consecration1 butchers_mark1 expanse2 serration2 ironhide4 fleetfoot3 haste4 precision4 static_charge1
42,deft,1071,warden,worn_oathblade,shield_bash,2,kerchiefs,none,4,1,34.02,1,42.76,enforcer,24,18218,59,66,1.54,0.000,0.309,76994,241.4,0.000,3,2,cinderwake spirit_companion,Kerchief Footpad:3385 Kerchief Bruiser:3308 firepot:1222 burning ground:627,6 11 14 16 22 24 25 27 28 29 30 33 34 35 37 37 39 40 40 41 42 43 43 44 45 46 47 48 48 49 50 50 51 51 51 53 54 55 57 57 58 58,41 49 52 63 75 80 92 99 108 112 139 136 142 154 158 181 171 179 189 196 224 227 222 242 240 260 258 278 287 291 146 75 113 77 345 337 356 357 362 385 381 405,1 1 0.95 1 0.91 0.98 1 1 1 1 0.79 0.96 1 0.87 1 1 1 1 1 1 0.73 0.99 0.57 0.96 0.83 1 0.83 0.87 0.84 1 1 1 1 0.72 0.9 0.95 1 1 0.59 1 1 0.87,oathkeeper8 temple_breaker8 steel_flurry8 moonfall8 ruin_bolt8 glacier_spear8 | cinderwake2 grave_call2 pack_leader1 blood_scent1 fracture1 spirit_companion1 fleetfoot3 might1 evasion1 expanse2 ironhide3 velocity2
43,deft,8990,warden,judgement_disc_item,shield_bash,2,kerchiefs,none,4,1,30.69,1,37.36,bruiser,21,35259,67,74,1.98,0.000,0.489,76994,41.4,0.000,3,2,momentum glass_cannon,Kerchief Bruiser:1230 Kerchief Footpad:1176 firepot:1166 burning ground:503,7 17 22 24 28 29 33 34 36 38 38 41 42 44 45 47 48 49 51 52 54 54 56 57 58 59 61 62 62 63 64 65 66 66 66 66 67,37 43 50 63 65 79 77 73 89 97 131 116 142 147 100 128 109 96 109 112 128 94 142 120 174 181 157 200 165 212 185 217 310 256 278 329 310,0.92 1 1 1 1 1 1 0.99 1 0.87 1 1 0.98 1 1 1 1 1 1 1 1 1 1 1 0.9 1 1 1 0.94 1 0.94 0.95 1 0.89 0.69 1 0.63,reckoning8 pyre_of_faith8 great_herd8 rend_and_mend8 strangleroot8 sunlance8 | momentum2 sanctify1 consecration1 pack_leader1 grave_call1 fortune4 glass_cannon1 perennial5 searing1 vitality5 chilling3 deep_chill1 ferocity4
44,deft,16909,warden,worn_oathblade,bulwark,2,kerchiefs,none,4,1,30.25,0,45.00,,0,47896,79,87,1.93,0.270,0.437,76994,15.1,0.000,1,4,glass_cannon hunters_mark,firepot:582 burning ground:258 Kerchief Bruiser:114 Kerchief Footpad:114,11 16 20 25 28 30 33 35 36 38 40 42 43 44 46 47 49 50 51 52 54 54 56 57 58 59 60 61 62 63 64 64 66 67 68 69 71 72 73 74 75 76 76 78 79,48 48 61 63 62 84 83 72 88 96 91 148 136 135 135 142 128 137 82 137 159 156 135 126 193 179 190 205 229 258 292 200 252 221 272 241 193 261 297 328 346 238 395 309 278,1 1 1 1 1 1 1 1 1 1 1 1 1 1 1 1 0.93 1 1 1 1 0.97 1 1 1 1 1 1 1 1 1 1 1 1 1 1 1 1 1 1 1 0.77 1 1 1,graveedge8 hailwheel8 reavers_wheel8 steel_flurry8 aegis_wheel8 strangleroot8 | glass_cannon3 blood_scent1 butchers_mark1 soul_harvest1 fleetfoot5 hunters_mark1 vitality5 recovery4 chilling3 deep_chill1 serration4 precision5 shatter1
45,deft,24828,warden,judgement_disc_item,bulwark,2,kerchiefs,none,4,1,30.29,1,43.65,bruiser,28,44700,75,83,1.9,0.000,0.674,76994,17.4,0.000,3,4,glass_cannon stormborn,firepot:2553 burning ground:1408 Kerchief Footpad:1230 Kerchief Bruiser:1108,7 13 19 24 27 29 30 33 35 37 38 41 42 44 44 46 48 49 50 52 52 54 55 56 57 57 58 60 61 62 63 64 65 66 68 69 70 71 71 72 73 74 75,41 54 59 71 66 88 80 107 97 103 130 126 145 149 150 162 140 148 188 150 150 149 146 182 128 153 165 188 184 169 308 248 228 249 278 322 260 325 336 359 382 377 409,1 1 1 1 1 1 1 1 1 1 1 0.99 1 1 1 1 0.93 1 1 1 1 1 1 1 1 1 1 1 1 1 1 1 1 1 1 1 1 1 1 1 1 1 1,aegis_wheel8 deathcoil8 reavers_wheel8 circle_of_dawn8 arcweb8 glacier_spear8 | glass_cannon2 grave_call1 consecration1 static_charge1 sanctify1 fracture1 stormborn1 vitality5 velocity3 haste5 duplicity3 deep_chill1 serration4 perennial5
46,deft,32747,warden,worn_oathblade,shield_bash,2,kerchiefs,none,4,1,31.00,1,36.68,bruiser,21,32792,69,76,2.07,0.000,0.659,76994,59.8,0.000,3,2,arcane_overflow restless_hands,Kerchief Footpad:1957 Kerchief Bruiser:1223 firepot:663 Kerchief Enforcer:584,3 13 16 22 24 28 30 33 34 36 38 40 41 43 45 46 47 49 51 52 53 54 55 56 57 59 60 61 62 64 64 65 66 67 68 69,47 50 62 59 66 89 93 91 84 115 100 127 89 155 91 173 83 114 145 149 130 145 145 150 135 145 176 203 165 168 37 203 258 223 320 361,0.99 1 1 1 1 1 1 1 1 0.95 1 1 1 1 1 1 1 1 1 0.97 0.88 0.96 1 1 1 1 1 1 0.93 0.99 0.68 1 1 1 1 1,oathblade8 rend_and_mend8 skybreak8 gale_chakram8 sunlance8 thornbloom8 | arcane_overflow1 static_charge1 plague_bearer1 grave_call1 pack_leader1 storm_caller1 searing4 vitality5 precision5 restless_hands1 ferocity4 might5 warding3 sanctify1
47,deft,40666,warden,judgement_disc_item,shield_bash,2,kerchiefs,none,4,1,30.85,1,42.22,bruiser,26,42319,77,85,2.01,0.000,0.347,76994,50.8,0.000,3,3,cinderwake cinderwake,firepot:3121 Kerchief Footpad:2444 burning ground:1341 Kerchief Bruiser:1255,10 16 20 25 26 28 30 33 34 37 38 40 41 42 42 44 46 47 49 50 52 53 55 56 57 58 60 61 62 63 64 65 66 67 69 70 71 72 74 75 76 77,43 56 62 63 75 83 85 89 83 90 99 130 122 144 122 154 173 144 123 165 193 144 159 159 142 216 179 187 252 154 144 201 229 223 306 271 233 303 304 368 266 315,0.97 1 1 1 0.97 1 1 0.99 1 1 1 1 0.94 0.93 1 1 1 1 1 1 1 1 0.99 1 1 1 1 1 1 0.99 0.73 1 1 1 1 1 1 1 1 1 1 0.82,reckoning8 pyre_of_faith8 deepwinter8 plaguebloom8 axe_gyre8 seeking_motes8 | cinderwake3 sanctify1 plague_bearer1 deep_chill1 fracture1 fortune4 recovery4 perennial5 haste5 searing4 greed5 pyre_burst1 kindling1
48,deft,1093,warden,worn_oathblade,shield_bash,3,pack,none,7,1,32.74,0,45.00,,0,30565,68,75,1.67,0.310,0.319,130139,164.4,0.000,2,2,momentum stormborn,Longtooth Wolf:3889 Thicket Tusker:3529 blast:2434 Blight-Sick Wolf:2004,6 12 17 23 24 28 31 32 34 35 38 39 40 41 43 44 46 46 48 49 50 50 52 53 55 56 57 58 59 60 61 61 61 62 63 64 65 65 66 66 66 66 67 67 68,42 53 66 71 75 95 85 107 123 131 151 145 138 160 178 160 203 217 180 186 227 254 218 229 209 255 304 266 203 331 91 93 280 369 380 373 373 392 407 387 395 395 382 395 387,0.98 0.98 1 1 0.94 1 0.95 0.97 1 1 0.62 1 0.96 0.98 1 1 0.84 1 0.82 1 0.58 1 0.96 1 1 1 1 1 0.99 1 1 1 1 0.94 1 1 1 1 0.98 1 1 1 1 0.81 1,oathblade8 thornbloom8 axe_gyre8 temple_breaker8 soul_siphon8 rend_and_mend8 | momentum3 soul_harvest1 pack_leader1 grave_call1 stormborn1 searing4 perennial5 evasion4 duplicity3 warding3 recovery4 consecration1
49,deft,9012,warden,judgement_disc_item,shield_bash,3,pack,none,7,0,,1,30.46,wolf_alpha,20,25842,65,72,2.36,0.000,0.000,130139,27.6,0.271,3,2,momentum arcane_overflow,Longtooth Wolf:1517 blast:1222 Greymuzzle:1106 Thicket Tusker:723,5 15 21 26 26 30 33 35 37 38 40 42 43 44 46 48 49 50 52 53 54 56 57 58 59 60 61 63 64 65,50 55 64 64 73 94 98 90 93 135 119 128 103 159 122 144 128 160 95 82 133 109 127 123 113 148 149 146 102 197,0.95 1 1 1 0.96 1 0.91 1 0.93 0.82 0.61 0.91 1 0.93 1 0.85 0.93 1 1 1 1 1 1 1 1 1 0.96 1 1 1,reckoning8 moonfall8 thunder_palm8 pyre_of_faith8 starseeker8 wild_hunt8 | momentum2 dark_bargain1 sanctify1 consecration1 pack_leader1 arcane_overflow1 fleetfoot1 precision3 haste4 soul_harvest1 greed1 velocity3 searing2
50,deft,16931,warden,worn_oathblade,bulwark,3,pack,none,7,1,31.97,0,45.00,,0,36735,73,81,1.8,0.308,0.308,130139,118.0,0.000,1,2,spirit_companion momentum,Longtooth Wolf:4534 blast:2842 Thicket Tusker:2810 Blight-Sick Wolf:1555,4 11 15 17 19 23 24 27 30 31 34 36 36 38 40 41 43 44 46 48 49 51 52 53 54 56 57 58 59 61 61 61 62 63 64 66 67 67 69 70 70 71 72 73 73,53 54 60 67 82 97 98 111 121 133 139 146 158 172 153 192 161 187 147 166 172 180 195 195 179 172 185 251 207 209 63 87 302 370 293 398 356 403 294 349 417 418 390 392 385,0.88 0.99 1 0.97 0.99 0.92 0.84 0.81 0.83 0.97 0.37 1 1 1 1 1 0.95 0.74 1 0.99 0.99 1 1 1 0.92 1 1 1 1 1 1 0.96 1 1 1 0.8 1 1 0.89 0.97 1 1 0.99 1 0.88,oathblade8 gale_chakram8 rimeshard8 temple_breaker8 moonfall8 soul_siphon8 | spirit_companion2 grave_call3 soul_harvest1 momentum1 expanse5 evasion4 vitality5 greed5 recovery4 precision5 shatter1 fracture1
51,deft,24850,warden,judgement_disc_item,bulwark,3,pack,none,7,0,,1,30.50,wolf_alpha,20,26259,63,70,2.3,0.000,0.000,130139,29.7,0.158,3,2,duelists_grace bloodthirst,Greymuzzle:2133 blast:1778 Longtooth Wolf:1511 Thicket Tusker:663,6 16 21 23 28 29 30 33 35 37 39 41 42 44 45 46 47 48 50 51 53 54 55 56 57 58 60 61 62 63,38 51 67 56 70 99 88 98 125 81 108 125 115 120 111 166 146 109 160 116 95 141 112 105 138 168 142 134 192 130,0.84 1 0.95 1 1 1 0.99 1 0.92 0.9 0.84 0.93 0.97 0.98 0.88 1 1 1 1 1 1 1 1 1 0.93 1 1 1 1 1,reckoning8 fallen_star8 reavers_wheel8 circle_of_dawn8 skybreak8 iron_palms8 | duelists_grace1 consecration1 static_charge1 grave_call1 sanctify1 pyre_burst1 serration4 bloodthirst1 precision2 expanse2 vitality3 blood_scent1 greed2 perennial2
52,deft,32769,warden,worn_oathblade,shield_bash,3,pack,none,7,1,31.21,1,43.96,wolf,30,36681,72,80,1.82,0.000,0.246,130139,72.4,0.000,3,2,hunters_mark iron_vow,Longtooth Wolf:5861 Thicket Tusker:3346 Greymuzzle:2989 Blight-Sick Wolf:2367,4 10 15 21 24 26 29 31 33 35 36 37 39 40 42 42 44 45 46 46 48 50 51 53 54 55 56 58 59 60 61 61 63 64 65 66 67 68 69 70 71 71 71,54 51 62 74 77 95 107 110 118 120 132 148 146 168 146 183 201 196 217 190 246 187 223 195 154 189 180 169 200 139 33 201 289 357 386 399 394 367 393 417 410 396 407,0.89 0.96 1 0.91 0.94 0.98 1 0.94 0.95 1 1 0.7 0.83 0.87 1 0.86 0.96 0.93 0.99 0.75 1 1 1 1 0.95 0.9 1 1 0.9 0.9 0.71 0.95 1 1 1 1 0.78 0.95 0.89 0.96 1 1 1,graveedge8 wild_hunt8 circle_of_dawn8 temple_breaker8 thousand_cuts8 reavers_wheel8 | hunters_mark2 sanctify1 butchers_mark1 grave_call2 iron_vow1 serration4 fleetfoot5 recovery4 perennial5 evasion4 dread_command1 velocity3 consecration1
53,deft,40688,warden,judgement_disc_item,shield_bash,3,pack,none,7,1,30.82,0,45.00,,0,41111,80,88,1.96,0.304,0.688,130139,48.9,0.000,1,3,duelists_grace spirit_companion,Longtooth Wolf:6113 Thicket Tusker:3595 Blight-Sick Wolf:2696 blast:2182,7 12 14 18 24 26 28 31 34 36 38 40 41 43 44 45 47 48 50 51 52 54 55 56 58 59 60 62 62 64 65 66 67 69 70 71 73 74 74 75 77 78 78 79 80,44 50 59 77 77 97 89 105 122 97 106 140 161 153 107 143 132 135 117 116 181 128 148 180 181 179 169 149 150 202 197 232 233 342 218 365 382 400 401 392 412 392 401 382 386,1 0.99 0.99 0.95 1 1 1 1 1 1 1 1 1 1 1 1 1 1 1 1 1 1 1 1 1 1 0.95 1 1 0.9 1 1 1 1 0.98 1 1 0.84 1 0.82 0.63 0.42 1 1 1,reckoning8 living_flame8 tether_of_anguish8 hallowed_ring8 lunar_brand8 circle_of_dawn8 | duelists_grace1 kindling1 soul_harvest1 sanctify1 pyre_burst1 grave_call1 perennial5 spirit_companion2 serration4 warding3 wisdom4 recovery4 fortune4 pack_leader1
54,deft,1096,warden,worn_oathblade,shield_bash,3,dead,none,7,0,,1,30.93,barrow_knight,20,18179,51,57,1.84,0.000,0.000,105112,55.7,0.114,3,2,duelists_grace duelists_grace,bolt_bone:2974 Barrow Knight:2218 frost_orb:781 Risen Shieldman:256,1 1 6 8 12 17 18 21 23 24 27 28 30 32 33 34 35 36 37 39 39 40 41 43 44 45 47 48 49 50,52 52 61 77 78 90 100 115 117 123 151 148 159 163 171 173 193 194 218 188 239 244 264 259 264 292 296 286 321 327,0.94 1 1 1 1 1 1 1 1 1 1 1 1 1 1 1 1 1 1 1 0.95 1 1 1 1 1 1 1 0.95 1,graveedge8 plaguebloom8 arcweb8 circle_of_dawn8 umbral_bolt8 grave_tether8 | duelists_grace2 plague_bearer1 static_charge1 consecration1 grave_call1 dark_bargain1 thorns3 perennial2 vitality1 serration1 recovery1
55,deft,9015,warden,judgement_disc_item,shield_bash,3,dead,none,7,1,31.77,0,45.00,,0,35202,62,69,1.53,0.695,0.785,105112,106.0,0.000,0,2,iron_vow iron_vow,bolt_bone:904 Risen Shieldman:477 frost_orb:355 Barrow Knight:336,6 11 13 16 19 20 23 25 26 27 29 31 32 33 35 36 36 38 39 40 41 42 43 44 45 46 47 48 49 50 51 51 52 53 54 55 56 57 58 59 59 60 61 61 62,49 53 63 74 84 93 95 115 121 129 138 153 151 176 181 160 204 203 218 233 236 238 264 264 256 289 298 314 319 284 69 301 354 267 325 387 331 406 413 371 297 389 389 391 384,1 1 1 1 1 1 1 1 1 1 1 1 1 1 1 1 0.83 1 0.98 1 1 1 1 1 1 1 1 1 1 1 1 1 1 1 1 1 1 1 1 1 1 1 1 0.95 1,aegis_wheel8 verdant_gaze8 soul_siphon8 deepwinter8 rend_and_mend8 plaguebloom8 | iron_vow2 grave_call2 soul_harvest1 shatter1 deep_chill1 plague_bearer1 recovery3 vitality5 perennial3 haste3 evasion2 fortune2
56,deft,16934,warden,worn_oathblade,bulwark,3,dead,none,7,1,31.40,1,38.26,barrow_knight,25,26352,56,63,1.65,0.000,0.380,105112,83.9,0.000,3,2,glass_cannon glass_cannon,bolt_bone:2172 frost_orb:640 Barrow Knight:286 Risen Shieldman:276,3 5 10 12 16 19 20 23 25 26 28 30 32 33 34 36 37 38 38 40 41 42 43 44 45 46 46 47 49 49 50 51 51 53 53 55 55 56,51 46 59 68 81 89 100 117 123 132 141 150 159 175 190 192 204 214 229 227 240 255 232 265 253 283 300 273 322 315 57 341 360 339 373 381 397 410,0.95 1 1 1 0.95 1 1 1 1 1 1 1 1 0.95 1 1 0.82 0.75 0.92 1 1 1 1 1 1 1 1 1 1 1 1 0.83 1 0.65 1 1 1 0.74,oathblade8 knifestorm8 gyrestorm8 gale_chakram8 verdant_gaze8 reckoning8 | glass_cannon2 grave_call1 pack_leader1 blood_scent1 dread_command1 soul_harvest1 expanse1 perennial4 precision1 haste1 ferocity1 searing2 butchers_mark1
57,deft,24853,warden,judgement_disc_item,bulwark,3,dead,none,7,1,30.82,1,37.47,barrow_knight,24,22132,53,59,1.57,0.000,0.208,105112,48.9,0.000,3,2,hunters_mark spirit_companion,bolt_bone:2337 Barrow Knight:1829 Risen Shieldman:701 frost_orb:371,7 12 14 17 19 21 24 25 27 28 29 31 32 33 34 35 36 38 38 39 40 41 42 43 44 44 45 46 47 47 48 49 50 51 52 52 53,42 49 68 75 81 98 105 108 120 137 136 149 164 166 182 185 201 212 211 220 238 240 259 266 281 287 309 309 311 333 258 338 346 366 362 379 394,1 1 1 1 1 1 1 0.96 1 0.98 0.96 1 1 0.98 1 0.96 0.95 1 1 1 1 1 1 1 1 1 1 1 0.88 1 0.95 1 1 1 0.69 0.65 1,aegis_wheel8 thousand_cuts8 iron_palms8 razorgale8 great_herd8 gyrestorm8 | hunters_mark3 pack_leader1 grave_call1 spirit_companion1 dread_command1 ironhide4 ferocity2 precision1 perennial1 serration1
58,deft,32772,warden,worn_oathblade,shield_bash,3,dead,none,7,0,,1,31.07,risen_archer,19,16141,47,53,1.71,0.000,0.000,105112,64.3,0.512,3,2,stormborn hunters_mark,bolt_bone:2912 Barrow Knight:1524 frost_orb:565 Risen:98,4 8 12 13 17 20 21 22 24 26 27 29 29 31 33 35 35 37 37 39 39 40 41 42 43 43 45 45 45 46 47,53 48 63 68 84 93 101 110 118 156 135 146 156 167 176 190 197 200 215 227 236 240 256 260 281 299 292 300 303 328 60,1 1 1 1 1 1 1 1 1 0.96 0.64 0.85 0.58 0.86 0.94 1 0.93 1 0.92 0.92 1 1 0.95 1 0.93 1 1 1 1 0.91 0.42,oathkeeper8 reaving_arc8 iron_palms8 aegis_wheel8 axe_gyre8 everbloom8 | stormborn3 grave_call1 pack_leader1 hunters_mark2 ironhide2 thorns1
59,deft,40691,warden,judgement_disc_item,shield_bash,3,dead,none,7,0,,1,30.54,barrow_knight,20,23102,53,59,1.93,0.000,0.000,105112,32.6,0.002,3,2,arcane_overflow momentum,Barrow Knight:1450 bolt_bone:1368 frost_orb:140 Risen:50,7 10 14 16 20 21 24 26 26 28 30 31 33 34 36 37 38 39 41 42 43 44 45 46 47 48 49 50 51 52,46 50 65 68 80 98 106 115 122 128 147 137 153 169 155 186 171 191 224 216 248 252 268 255 255 233 306 274 208 256,1 1 1 1 1 1 1 1 0.93 1 1 1 1 1 1 1 1 1 0.92 0.95 1 1 1 0.9 1 1 0.99 1 1 1,reckoning8 plaguebloom8 moonfall8 reaving_arc8 skybreak8 starseeker8 | arcane_overflow3 plague_bearer1 static_charge1 momentum2 haste3 precision1 perennial1 greed1 expanse1
60,deft,1099,warden,worn_oathblade,shield_bash,3,lamplings,none,7,1,31.83,0,45.00,,0,44200,62,69,1.53,0.299,0.705,115123,109.7,0.000,1,3,restless_hands restless_hands,Lampling Tunneler:2696 blast:1517 firepot:560 Lampling Sapper:188,3 9 12 15 17 21 25 27 28 29 31 33 34 35 37 38 39 40 41 42 43 44 45 46 47 48 49 50 50 51 52 52 53 54 55 55 56 57 58 59 60 60 61 62 62,52 54 61 75 80 89 49 109 102 121 141 125 101 119 115 129 130 136 108 140 167 159 148 196 124 114 167 147 121 137 35 147 192 240 192 213 244 323 185 320 376 399 345 405 412,1 1 1 1 1 1 0.97 1 1 1 1 1 1 0.94 1 1 0.87 1 1 1 0.94 0.93 1 1 1 0.93 1 1 1 0.94 1 1 1 1 1 1 1 1 1 1 1 1 0.84 1 1,graveedge8 great_herd8 pyre_of_faith8 hailwheel8 iron_palms8 reckoning8 | restless_hands3 soul_harvest1 sanctify1 consecration1 grave_call2 might2 perennial4 chilling3 searing1 precision2 serration3
61,deft,9018,warden,judgement_disc_item,shield_bash,3,lamplings,none,7,1,30.77,0,45.00,,0,47264,68,75,1.67,0.820,0.823,115123,46.2,0.000,0,4,restless_hands momentum,Lampling Tunneler:3136 firepot:1808 blast:1614 burning ground:412,6 11 14 16 19 23 26 28 30 32 34 35 37 38 39 41 42 43 43 45 46 47 48 49 50 51 52 53 54 55 55 56 57 58 59 60 61 62 63 64 65 66 67 67 68,47 62 65 71 75 88 98 101 87 113 115 105 86 98 114 150 114 92 110 101 138 116 111 124 128 114 171 141 158 143 149 133 152 170 173 147 157 161 199 154 182 175 276 214 272,1 1 1 1 1 1 1 1 1 1 1 1 1 1 1 0.99 1 1 1 0.97 1 1 1 1 1 1 1 1 1 1 1 1 1 1 1 1 1 1 1 1 1 1 1 0.92 1,aegis_wheel8 sunbreak8 fallen_star8 tether_of_anguish8 moonfall8 sanctified_earth8 | restless_hands1 pyre_burst1 consecration1 dark_bargain2 momentum1 grave_call2 expanse5 might5 ironhide5 velocity3 recovery4 thorns2
62,deft,16937,warden,worn_oathblade,bulwark,3,lamplings,none,7,1,33.48,0,45.00,,0,39236,58,65,1.44,0.674,0.822,115123,208.5,0.000,0,2,bloodthirst stormborn,Lampling Tunneler:11053 firepot:2119 blast:1071 burning ground:915,2 11 15 17 21 22 23 26 27 29 31 32 34 35 36 37 38 39 40 42 42 43 45 45 46 47 48 49 50 50 51 51 51 51 52 53 54 54 55 56 56 57 58 58 58,52 56 65 73 71 87 92 80 108 108 92 115 108 98 109 139 120 214 217 147 226 139 126 219 259 230 183 232 317 319 40 34 39 264 247 375 397 326 395 404 403 412 357 403 405,1 1 1 1 1 1 1 1 1 0.98 1 1 1 1 1 1 1 1 1 1 1 1 1 1 1 1 1 1 1 1 1 1 1 1 1 1 1 1 1 1 1 1 0.92 0.89 1,oathblade8 tether_of_anguish8 verdant_lance8 mote_cascade8 aegis_wheel8 gyrestorm8 | bloodthirst2 plague_bearer1 soul_harvest1 grave_call3 stormborn1 fleetfoot2 recovery1 perennial4 ferocity1 duplicity1 vitality1
63,deft,24856,warden,judgement_disc_item,bulwark,3,lamplings,none,7,1,30.65,0,45.00,,0,46488,64,71,1.58,0.525,0.645,115123,38.8,0.000,0,3,iron_vow restless_hands,"Lampling Tunneler:5611 firepot:1492 blast:816 Grimtunnel, Roused:484",6 10 16 19 22 25 27 29 30 32 33 35 35 37 38 39 40 41 42 43 44 45 46 46 47 48 49 50 51 52 52 53 54 55 56 56 57 58 59 60 61 62 62 63 64,44 56 60 60 67 99 75 65 78 83 104 96 93 122 85 101 119 111 88 125 123 105 136 110 120 121 139 158 142 115 188 162 215 243 132 283 176 313 319 146 219 359 378 272 396,1 1 1 1 1 1 1 1 1 1 0.97 1 1 1 1 1 1 1 1 1 1 1 1 1 1 1 0.99 1 1 1 1 1 1 1 1 0.99 1 1 0.97 1 1 1 0.93 0.97 0.97,aegis_wheel8 lunar_brand8 living_flame8 circle_of_dawn8 axe_gyre8 arrowfall8 | iron_vow1 kindling1 consecration1 pyre_burst1 sanctify1 restless_hands1 grave_call1 vitality5 fortune3 velocity3 perennial5 greed5 thorns4 soul_harvest1
64,deft,32775,warden,worn_oathblade,shield_bash,3,lamplings,none,7,1,31.03,0,45.00,,0,45952,68,75,1.67,0.678,0.678,115123,61.7,0.000,0,4,arcane_overflow bloodthirst,Lampling Tunneler:2999 firepot:1677 blast:1529 burning ground:415,3 9 13 18 21 23 26 29 30 32 34 35 36 37 39 40 41 42 43 44 45 46 48 49 49 50 50 52 53 54 54 55 56 57 58 59 60 61 62 63 64 65 66 67 68,49 55 66 76 78 95 97 103 118 108 124 109 139 146 103 192 150 154 189 117 166 173 170 212 127 147 146 168 164 150 34 165 277 145 194 201 207 210 169 224 288 225 325 219 249,0.97 1 1 1 1 0.9 1 1 1 1 0.97 1 0.94 1 0.96 1 1 1 1 1 1 1 1 1 0.95 1 1 1 1 1 1 1 1 1 1 1 1 1 1 1 1 1 1 0.87 0.82,graveedge8 soul_siphon8 starseeker8 thunder_palm8 arrowfall8 circle_of_dawn8 | arcane_overflow2 dark_bargain2 sanctify1 bloodthirst1 grave_call1 recovery4 serration4 velocity3 precision5 haste5 consecration1 expanse5
65,deft,40694,warden,judgement_disc_item,shield_bash,3,lamplings,none,7,1,32.11,0,45.00,,0,39859,61,68,1.51,0.659,0.839,115123,126.6,0.000,0,2,bloodthirst stormborn,Lampling Tunneler:6112 firepot:2220 blast:1382 burning ground:603,6 10 13 17 20 22 24 25 28 30 32 33 33 36 36 38 39 40 41 42 43 44 45 46 46 47 48 49 50 51 51 52 52 53 54 55 56 57 58 58 59 60 60 61 61,46 52 60 71 69 84 106 112 69 72 87 91 69 88 110 187 150 164 138 148 176 222 177 104 236 215 256 238 176 158 39 34 189 207 293 312 352 393 387 367 405 387 394 382 382,1 1 1 1 1 1 1 1 1 0.99 1 1 1 1 1 1 1 1 0.94 1 1 1 1 1 1 1 1 1 0.98 1 1 1 0.97 1 1 1 1 1 1 0.94 1 1 1 1 0.87,aegis_wheel8 circle_of_dawn8 tether_of_anguish8 steel_flurry8 axe_gyre8 ruin_bolt8 | bloodthirst2 soul_harvest1 consecration1 grave_call2 stormborn1 vitality4 wisdom4 might1 thorns2 fleetfoot4 blood_scent1 velocity2
66,deft,1102,warden,worn_oathblade,shield_bash,3,kerchiefs,none,7,0,,1,7.79,footpad,10,2648,32,36,4.62,0.000,0.000,0,0.0,,3,0,spirit_companion,Kerchief Footpad:2590 firepot:63 burning ground:37,1 9 14 17 24 27 31,53 50 61 74 77 97 107,0.97 0.98 1 1 0.93 1 0.39,oathblade5 spirit_herd5 volley6 dawnpulse5 knifestorm8 gale_chakram4 | spirit_companion3 dread_command1 sanctify1
67,deft,9021,warden,judgement_disc_item,shield_bash,3,kerchiefs,none,7,1,31.14,0,45.00,,0,39995,81,89,1.98,0.258,0.275,120128,68.6,0.000,3,1,iron_vow duelists_grace,Kerchief Bruiser:3843 Kerchief Footpad:3427 Kerchief Enforcer:1017 firepot:285,5 11 18 24 27 29 33 34 38 39 39 42 44 46 47 49 50 52 54 54 57 58 59 60 61 63 64 66 67 68 68 69 69 70 71 73 74 75 76 77 78 79 80 80 81,39 52 61 69 86 100 103 109 100 130 146 154 146 169 146 172 157 185 142 147 194 180 132 195 160 201 263 253 176 198 35 277 219 253 316 379 357 409 394 411 405 392 418 399 406,1 1 1 1 0.97 1 1 1 0.83 1 0.87 1 1 0.77 0.92 1 1 1 1 1 1 1 1 1 1 1 1 1 1 1 1 1 0.93 1 0.98 1 1 0.98 1 1 1 1 0.69 1 1,aegis_wheel8 wild_hunt8 steel_flurry8 razorgale8 hallowed_ring8 umbral_bolt8 | iron_vow1 blood_scent1 grave_call2 dark_bargain1 consecration1 pack_leader1 fleetfoot5 duelists_grace1 serration4 haste5 vitality5 butchers_mark1 evasion4 perennial5
68,deft,16940,warden,worn_oathblade,bulwark,3,kerchiefs,none,7,0,,1,31.72,enforcer,20,22574,67,74,2.33,0.000,0.000,120128,103.2,0.063,3,2,restless_hands stormborn,Kerchief Enforcer:2192 Kerchief Footpad:1899 firepot:1209 Kerchief Bruiser:1127,1 5 11 13 19 25 28 30 34 35 37 38 41 43 45 47 48 50 51 53 54 55 55 57 59 60 62 63 64 66 67,55 52 65 68 90 95 105 107 120 125 140 155 148 173 150 189 152 208 197 192 200 189 186 192 174 215 279 230 218 229 52,0.97 0.96 1 0.98 1 1 0.94 1 0.96 1 1 0.87 1 0.89 0.94 0.97 1 1 1 1 1 0.6 0.99 1 0.97 1 1 0.91 0.97 0.99 0.99,graveedge8 reavers_wheel8 great_herd8 temple_breaker8 verdant_gaze8 rend_and_mend8 | restless_hands1 grave_call1 pack_leader1 plague_bearer1 dark_bargain2 dread_command1 stormborn1 evasion2 might2 serration2 recovery3 perennial5 searing3
69,deft,24859,warden,judgement_disc_item,bulwark,3,kerchiefs,none,7,1,31.14,0,45.00,,0,44456,85,93,2.07,0.344,0.562,120128,68.2,0.000,0,2,spirit_companion cinderwake,Kerchief Footpad:3958 Kerchief Bruiser:2186 firepot:1556 burning ground:593,6 12 20 22 25 29 31 34 37 38 40 42 43 45 47 48 50 52 53 55 56 57 58 60 61 62 64 65 66 67 67 68 70 71 72 74 75 77 78 79 80 81 83 84 85,55 52 65 80 86 89 81 94 78 110 132 139 133 164 123 184 125 160 133 155 147 141 166 129 172 176 150 163 159 148 33 222 216 246 247 273 287 327 319 413 395 397 375 387 458,1 0.97 0.97 0.9 1 0.97 1 0.98 0.98 1 0.96 0.74 0.95 0.9 0.83 1 0.94 1 1 1 1 1 0.95 1 1 1 1 1 1 1 1 1 0.92 0.93 1 1 1 1 1 1 0.9 0.96 1 0.99 1,reckoning8 skybreak8 blighted_earth8 living_flame8 hailwheel8 thousand_cuts8 | spirit_companion2 pack_leader1 pyre_burst1 kindling1 plague_bearer1 chilling3 cinderwake1 precision5 ironhide5 greed5 perennial5 blood_scent1 serration4 dark_bargain1
70,deft,32778,warden,worn_oathblade,shield_bash,3,kerchiefs,none,7,1,31.99,0,45.00,,0,23424,68,75,1.67,0.345,0.498,120128,119.3,0.000,0,3,hunters_mark bloodthirst,Kerchief Footpad:3569 Kerchief Bruiser:2421 firepot:1720 burning ground:857,1 5 9 13 15 22 24 25 29 31 33 34 34 35 37 38 40 41 41 43 44 45 46 46 46 47 48 49 50 51 52 53 54 55 55 57 59 60 61 62 65 66 66 67 68,56 50 61 70 79 87 105 107 126 130 145 147 158 172 160 187 201 206 217 221 228 234 248 285 263 277 289 284 307 367 48 66 359 361 372 383 380 414 408 325 411 413 400 399 349,0.97 1 1 0.9 1 1 1 1 0.95 0.94 0.94 1 1 0.93 1 1 1 0.93 1 1 1 0.96 1 1 1 1 1 1 1 1 1 0.86 1 1 1 1 1 1 1 1 0.98 1 1 0.74 1,graveedge8 rend_and_mend8 thunder_palm8 living_flame8 deepwinter8 predators_volley8 | hunters_mark2 soul_harvest1 kindling1 pack_leader1 deep_chill1 bloodthirst1 recovery4 serration4 haste3 perennial5 static_charge1 precision5 velocity3
71,deft,40697,warden,judgement_disc_item,shield_bash,3,kerchiefs,none,7,0,,1,30.41,enforcer,20,25004,66,73,2.4,0.000,0.000,120128,24.3,0.459,3,2,arcane_overflow iron_vow,Kerchief Footpad:2469 Kerchief Enforcer:1993 Kerchief Bruiser:1092 firepot:819,6 12 19 21 25 29 31 32 33 37 39 41 43 44 45 47 49 51 52 53 55 56 57 59 60 61 62 64 65 66,42 53 64 73 82 81 102 116 104 133 136 128 158 174 151 180 139 129 169 157 167 190 186 121 189 155 163 196 175 178,1 0.96 0.92 0.98 0.76 0.96 0.83 0.89 1 0.71 0.63 0.86 1 0.83 0.87 0.83 1 1 1 1 0.94 1 1 1 1 1 1 1 1 1,aegis_wheel8 verdant_gaze8 great_herd8 thornbloom8 fallen_star8 gyrestorm8 | arcane_overflow1 grave_call3 pyre_burst1 plague_bearer1 emberseekers1 iron_vow1 ferocity3 vitality3 expanse3 perennial5 recovery3 precision4
72,deft,1031,reaver,butchers_cleaver,leap,1,pack,none,1,1,30.78,1,44.81,boar,25,34198,68,75,1.67,0.000,0.173,49318,46.6,0.000,3,2,stormborn stormborn,Longtooth Wolf:2606 Thicket Tusker:1846 blast:1833 Greymuzzle:1112,11 15 19 22 25 27 28 30 31 33 35 36 37 39 39 41 42 43 45 45 46 48 49 50 50 52 53 55 56 57 58 59 60 61 62 64 65 65 66 66 66 67 67 68,40 48 49 46 67 71 82 98 109 95 114 134 123 101 103 152 167 164 189 143 200 200 215 206 152 200 203 152 242 193 181 215 283 294 303 318 311 338 333 333 332 350 360 362,0.99 1 1 1 1 1 1 1 1 0.95 1 0.98 1 1 1 0.85 0.9 0.96 1 1 1 1 0.95 0.91 1 1 1 1 1 1 1 0.81 0.57 1 0.81 1 0.67 1 1 1 1 1 1 1,cleaver8 reavers_wheel8 sunlance8 judgement_disc8 dawnpulse8 umbral_bolt8 | stormborn2 blood_scent1 consecration1 grave_call1 sanctify1 dread_command1 wisdom4 serration4 searing4 perennial5 chilling3 warding3 dark_bargain1
73,deft,8950,reaver,gyre_axes,leap,1,pack,none,1,1,30.80,0,45.00,,0,35218,65,72,1.6,0.645,0.772,49318,47.9,0.000,0,2,arcane_overflow iron_vow,blast:439 Longtooth Wolf:416 Thicket Tusker:394 Blight-Sick Wolf:185,11 15 17 19 24 26 28 29 31 33 34 35 36 38 39 40 42 43 44 45 46 47 49 50 51 51 53 54 55 56 57 58 59 59 60 61 62 62 63 63 64 64 64 65 65,32 46 55 60 67 72 66 78 86 79 122 108 140 135 100 144 126 165 145 182 192 181 120 166 119 168 156 209 166 191 201 233 287 287 291 317 312 324 319 342 349 349 356 369 428,1 1 1 1 1 1 1 1 0.98 1 0.98 0.97 0.98 0.98 1 1 1 1 1 1 1 1 1 1 1 1 1 1 1 1 1 1 1 1 1 1 1 1 1 1 0.96 1 1 1 1,gyrestorm8 glacier_spear8 aegis_wheel8 hailwheel8 soul_siphon8 rend_and_mend8 | arcane_overflow3 deep_chill1 soul_harvest1 iron_vow2 velocity3 ironhide5 evasion2 ferocity3 chilling3 recovery4 grave_call1
74,deft,16869,reaver,butchers_cleaver,warcry,1,pack,none,1,1,30.48,0,45.00,,0,43333,76,84,1.87,0.347,0.349,49318,29.1,0.000,0,3,duelists_grace ember_tithe,blast:3408 Longtooth Wolf:3161 Greymuzzle:1594 Thicket Tusker:1444,7 15 19 22 24 27 28 30 32 33 35 37 38 39 40 42 44 45 47 48 50 51 52 54 55 56 58 59 60 61 62 63 64 66 67 68 69 70 71 72 73 74 75 75 76,35 48 52 58 65 80 70 86 78 90 100 102 111 105 114 119 147 142 138 176 173 178 210 161 141 154 136 182 175 183 187 212 214 208 195 323 318 228 346 344 353 360 364 373 381,1 1 1 1 1 1 1 1 1 1 1 1 1 1 1 1 1 0.93 1 1 1 1 1 1 1 1 1 1 0.96 0.97 1 1 1 1 0.95 0.95 1 1 1 1 1 0.91 1 1 0.84,whirlwind8 plaguebloom8 thunder_palm8 reavers_wheel8 circle_of_dawn8 seeking_motes8 | duelists_grace1 blood_scent1 sanctify1 grave_call3 plague_bearer1 dark_bargain1 ember_tithe1 serration4 ferocity4 vitality5 velocity3 perennial5 haste5
75,deft,24788,reaver,gyre_axes,warcry,1,pack,none,1,1,30.63,0,45.00,,0,41314,73,81,1.8,0.294,0.458,49318,37.9,0.000,2,2,spirit_companion ember_tithe,Longtooth Wolf:6416 blast:2456 Blight-Sick Wolf:2180 Thicket Tusker:1791,10 16 19 21 25 27 28 31 32 34 35 36 38 39 40 42 44 45 46 48 49 50 51 53 54 55 56 57 59 60 60 62 62 64 65 66 67 68 69 70 70 71 72 72 73,42 45 48 51 65 64 86 83 78 92 85 88 116 95 113 90 105 157 138 89 165 169 163 154 176 194 185 156 171 152 234 165 220 230 256 315 323 252 344 336 346 362 371 361 363,0.98 1 1 1 1 1 1 1 1 1 1 1 1 0.93 0.97 1 1 0.94 1 1 0.78 1 1 0.96 1 1 1 1 0.92 1 0.98 1 1 1 1 0.96 1 0.5 1 1 1 0.9 0.9 1 1,reavers_wheel8 rend_and_mend8 circle_of_dawn8 plaguebloom8 razorgale8 starseeker8 | spirit_companion2 sanctify1 plague_bearer1 grave_call1 consecration1 ember_tithe2 vitality4 fleetfoot5 serration4 butchers_mark1 precision3 perennial5 searing4
76,deft,32707,reaver,butchers_cleaver,leap,1,pack,none,1,1,30.45,0,45.00,,0,37801,70,78,1.73,0.170,0.357,49318,26.8,0.000,3,3,glass_cannon glass_cannon,blast:3812 Longtooth Wolf:1466 Thicket Tusker:1380 Greymuzzle:711,8 15 17 21 23 26 28 29 30 32 33 34 36 37 38 39 41 42 44 45 46 48 49 50 51 53 54 55 56 57 58 59 60 61 62 63 64 65 66 66 67 68 69 69 70,40 44 44 49 66 79 77 89 97 94 121 125 128 137 143 166 136 121 116 178 174 140 167 162 161 229 137 186 143 201 271 224 215 303 298 314 325 339 347 336 342 355 264 371 400,1 1 1 1 1 1 0.91 1 1 0.92 1 0.83 1 1 1 0.81 0.9 0.85 0.91 1 1 1 0.91 0.92 1 1 1 0.99 1 1 0.97 0.91 1 0.9 1 1 1 0.9 1 1 1 0.64 0.78 1 1,bonesplitter8 gyrestorm8 sunbreak8 arcweb8 steel_flurry8 rend_and_mend8 | glass_cannon2 blood_scent1 grave_call2 dread_command1 pack_leader1 dark_bargain1 might5 vitality5 searing4 fleetfoot5 ferocity4 sanctify1 velocity3
77,deft,40626,reaver,gyre_axes,leap,1,pack,none,1,1,30.45,0,45.00,,0,36175,68,75,1.67,0.766,0.826,49318,26.8,0.000,0,2,bloodthirst restless_hands,blast:1609 Longtooth Wolf:1202 Thicket Tusker:722 Blight-Sick Wolf:566,10 15 20 23 26 28 30 31 33 35 36 38 39 40 42 43 44 46 47 48 49 50 52 53 54 55 56 57 58 59 60 61 62 63 63 64 65 65 66 66 67 67 67 67 68,38 44 49 61 61 59 82 87 81 76 105 107 109 125 102 118 122 161 177 125 182 182 131 151 173 165 190 209 179 199 208 239 297 297 300 310 358 315 332 334 339 346 364 354 372,1 1 1 1 1 1 1 1 1 1 0.98 1 1 1 1 1 1 1 1 1 1 1 1 1 0.99 1 1 1 1 1 1 1 1 1 1 1 1 1 1 1 1 1 1 1 1,axe_gyre8 pyre_of_faith8 aegis_wheel8 dawnpulse8 hailwheel8 steel_flurry8 | bloodthirst3 blood_scent1 dark_bargain1 sanctify1 restless_hands1 searing4 ironhide5 perennial5 fleetfoot5 chilling3 greed5 deep_chill1
78,deft,1034,reaver,butchers_cleaver,leap,1,dead,none,1,0,,1,33.90,risen_archer,15,15995,44,50,1.48,0.000,0.000,39834,233.8,0.206,3,2,iron_vow cinderwake,bolt_bone:382 Barrow Knight:375 frost_orb:167 Risen:62,1 2 5 7 10 13 14 16 19 20 22 24 25 27 28 30 30 31 33 34 35 36 37 37 38 39 40 41 42 42 43 43 44,45 42 46 58 63 74 78 90 95 108 110 116 125 128 137 149 156 157 180 207 187 194 212 225 224 225 239 238 257 280 72 83 89,1 1 1 1 1 1 1 1 1 1 1 1 1 1 1 1 1 1 1 1 1 0.79 1 1 1 0.91 1 1 1 0.95 1 1 0.34,cleaver8 axe_gyre8 knifestorm8 gale_chakram8 volley6 blightfield8 | iron_vow1 blood_scent1 grave_call3 soul_harvest1 cinderwake1
79,deft,8953,reaver,gyre_axes,leap,1,dead,none,1,1,30.42,0,45.00,,0,34819,58,65,1.44,0.619,0.822,39834,25.5,0.000,0,4,arcane_overflow momentum,bolt_bone:3410 frost_orb:866 Risen Shieldman:162 Barrow Knight:115,4 9 11 13 15 17 18 20 22 23 25 27 28 29 30 31 32 33 35 36 37 38 39 40 41 41 42 43 44 45 46 47 48 49 50 51 51 52 53 54 55 56 57 58 58,32 40 46 60 70 71 77 96 104 105 114 127 127 135 149 152 169 183 175 196 195 193 202 210 203 241 246 246 199 270 182 235 301 304 304 322 254 343 309 349 334 325 361 366 374,1 1 1 1 0.98 1 1 1 0.98 1 1 0.98 1 1 1 1 1 0.98 1 1 1 1 1 1 1 1 1 1 1 1 1 0.94 1 1 1 1 1 1 1 1 1 1 1 1 1,gyrestorm8 skybreak8 circle_of_dawn8 lunar_brand8 tether_of_anguish8 glacier_spear8 | arcane_overflow1 static_charge1 shatter1 sanctify1 deep_chill1 momentum1 fortune2 grave_call1 vitality5 velocity3 precision1 ferocity2 recovery4 fracture1
80,deft,16872,reaver,butchers_cleaver,warcry,1,dead,none,1,0,,1,20.34,barrow_knight,10,9405,39,44,2.16,0.000,0.000,0,0.0,,3,1,ember_tithe momentum,Barrow Knight:562 bolt_bone:454 frost_orb:44 Risen Shieldman:37,2 5 9 12 14 17 19 21 23 24 26 28 29 31 32 34 35 36 37 39,51 39 51 56 70 69 80 90 95 110 114 118 125 138 144 150 159 138 185 182,0.98 1 1 0.98 1 1 1 1 1 1 1 1 1 0.96 1 1 0.96 1 1 1,cleaver4 volley7 axe_gyre8 blightfield8 spirit_herd7 thornbloom7 | ember_tithe2 blood_scent1 plague_bearer1 soul_harvest1 momentum1
81,deft,24791,reaver,gyre_axes,warcry,1,dead,none,1,1,31.55,1,37.15,barrow_knight,19,23703,49,55,1.48,0.000,0.247,39834,92.9,0.000,3,2,hunters_mark duelists_grace,bolt_bone:3771 frost_orb:1515 Barrow Knight:449 Risen Shieldman:395,3 7 10 12 14 15 17 19 22 22 25 25 26 27 29 30 31 33 33 34 35 36 37 38 39 40 41 42 43 44 45 45 46 46 48 48 49,45 39 53 60 72 78 81 90 100 103 123 121 129 140 139 152 166 177 183 180 182 194 204 229 222 240 244 246 249 268 66 270 299 298 308 311 310,1 1 1 1 1 0.97 0.96 0.97 1 0.88 1 0.97 0.94 0.96 0.96 1 0.96 0.97 0.79 1 1 1 1 0.94 1 1 0.94 1 1 0.94 0.94 1 0.93 1 0.89 1 0.73,gyrestorm8 spirit_herd8 sunbreak8 seeking_motes8 ruin_bolt8 blightfield8 | hunters_mark2 consecration1 pack_leader1 plague_bearer1 dread_command1 duelists_grace1 might2 thorns1 ferocity1 duplicity1
82,deft,32710,reaver,butchers_cleaver,leap,1,dead,none,1,1,32.14,1,44.25,risen_warrior,25,16387,45,51,1.15,0.000,0.397,39834,128.4,0.000,3,2,stormborn arcane_overflow,bolt_bone:1634 Barrow Knight:760 Risen Shieldman:640 frost_orb:470,6 9 11 13 15 17 18 19 21 23 24 24 25 27 27 29 30 31 32 33 33 34 35 35 36 37 38 38 39 39 40 40 40 41 41 42 42 43 43 43 43 44 44 45,33 44 45 54 65 78 87 84 96 96 116 129 133 148 143 155 164 174 172 178 187 198 203 216 222 228 246 273 252 258 80 135 284 309 292 315 317 324 317 365 360 345 356 356,1 1 1 0.98 0.99 1 1 0.99 1 0.95 0.99 0.99 1 0.96 1 0.98 1 1 1 1 0.98 0.95 1 1 1 1 1 1 0.89 1 1 0.81 0.93 0.97 1 1 1 1 1 0.96 1 1 0.74 0.8,cleaver8 reaving_arc8 moonfall8 arrowfall8 cinderfall8 temple_breaker8 | stormborn3 grave_call1 arcane_overflow1 soul_harvest1 emberseekers1 evasion2 velocity1 greed1
83,deft,40629,reaver,gyre_axes,leap,1,dead,none,1,1,33.50,1,41.66,barrow_knight,21,13645,42,48,1.15,0.000,0.318,39834,209.7,0.000,3,2,duelists_grace iron_vow,bolt_bone:1310 Barrow Knight:718 frost_orb:289 Risen:115,2 6 9 11 12 14 15 17 18 19 21 22 23 24 26 27 29 29 30 31 32 33 33 34 34 35 36 37 37 38 38 38 39 40 40 40 41 41 41 41 42,41 43 49 59 63 80 78 96 100 109 107 125 129 140 150 155 159 158 172 187 185 190 202 213 232 225 242 242 248 256 107 135 66 288 294 301 308 315 327 329 337,1 1 1 0.97 1 1 0.99 1 0.97 1 1 1 1 0.96 1 1 1 1 1 1 1 1 1 1 1 1 1 0.47 1 1 1 1 0.59 0.95 1 1 1 1 1 1 1,axe_gyre8 verdant_lance8 iron_palms8 reaving_arc8 rimeshard8 hallowed_ring8 | duelists_grace2 consecration1 plague_bearer1 iron_vow1 sanctify1 shatter1 serration1
84,deft,1037,reaver,butchers_cleaver,leap,1,lamplings,none,1,1,30.46,0,45.00,,0,48099,65,72,1.6,0.752,0.786,43628,27.7,0.000,0,4,duelists_grace ember_tithe,Lampling Tunneler:1442 blast:1217 firepot:887 burning ground:172,5 11 14 15 19 21 24 25 26 28 30 31 33 34 35 36 37 39 40 41 42 43 44 45 46 47 48 49 50 51 52 52 53 54 55 56 57 58 59 60 61 62 63 64 65,37 46 52 52 51 77 80 74 87 70 81 122 104 87 107 97 115 126 75 141 112 97 124 101 110 180 133 130 145 95 127 148 133 158 124 177 224 176 188 207 225 171 238 179 243,1 1 1 1 1 1 1 0.97 1 1 1 1 1 1 1 0.95 1 1 1 1 1 1 1 1 1 0.93 1 0.95 0.95 1 1 1 0.9 1 1 1 1 0.96 0.93 1 1 1 1 1 1,cleaver8 harrowing8 sanctified_earth8 plaguebloom8 tempest_coil8 aegis_wheel8 | duelists_grace1 dark_bargain1 static_charge1 plague_bearer1 sanctify1 ember_tithe1 consecration1 expanse5 vitality3 ironhide4 perennial5 recovery4 blood_scent1 velocity2
85,deft,8956,reaver,gyre_axes,leap,1,lamplings,none,1,1,31.66,0,45.00,,0,43862,61,68,1.51,0.210,0.730,43628,99.3,0.000,2,2,ember_tithe cinderwake,Lampling Tunneler:5058 blast:1709 firepot:1092 burning ground:238,9 13 16 19 21 23 25 27 28 29 31 32 33 34 36 37 38 39 40 41 42 43 43 44 45 46 47 48 49 50 50 50 51 52 53 54 55 56 57 57 58 59 59 60 61,40 53 57 57 50 75 90 81 82 77 117 110 83 115 107 137 134 129 109 183 151 145 147 114 185 149 142 170 178 156 36 174 141 219 226 317 336 321 171 177 263 360 363 369 386,1 1 1 1 1 1 1 1 1 1 1 1 1 1 1 1 1 1 0.9 1 1 1 1 1 1 0.98 1 1 1 1 0.73 0.99 1 1 0.97 0.84 1 0.73 1 0.91 0.88 1 1 0.97 0.85,gyrestorm8 soul_siphon8 pyre_of_faith8 sunlance8 great_herd8 rend_and_mend8 | ember_tithe1 plague_bearer1 pack_leader1 soul_harvest1 sanctify1 cinderwake1 consecration1 perennial2 ferocity2 recovery3 thorns1 haste2 grave_call1 searing3
86,deft,16875,reaver,butchers_cleaver,warcry,1,lamplings,none,1,1,30.74,0,45.00,,0,47332,60,67,1.49,0.380,0.521,43628,44.1,0.000,0,4,cinderwake cinderwake,Lampling Tunneler:2442 blast:2036 firepot:1527 burning ground:281,6 9 13 16 18 20 22 24 25 27 28 30 31 32 33 34 35 36 37 38 39 40 41 42 43 43 44 45 46 47 47 48 49 50 51 52 53 53 54 55 56 57 58 59 60,37 47 52 51 53 75 83 79 76 124 86 85 105 115 94 136 122 127 159 121 163 125 177 183 197 162 139 157 193 120 140 174 135 171 123 172 190 173 134 228 192 159 252 362 205,0.98 1 1 1 0.97 1 1 1 1 1 1 1 1 1 1 0.89 1 0.86 1 1 0.85 1 1 1 1 1 1 0.94 1 1 1 0.91 1 0.98 1 0.73 1 1 0.99 1 1 0.64 1 0.76 1,bonesplitter8 gale_chakram8 sunbreak8 knifestorm8 predators_volley8 moonfall8 | cinderwake3 sanctify1 grave_call2 blood_scent1 consecration1 expanse5 might3 precision3 velocity3 haste5 warding2
87,deft,24794,reaver,gyre_axes,warcry,1,lamplings,none,1,1,31.38,0,45.00,,0,46965,64,71,1.58,0.424,0.705,43628,82.7,0.000,0,3,momentum ember_tithe,blast:2622 Lampling Tunneler:1920 firepot:823 Lampling Sapper:275,9 12 15 17 20 21 23 25 27 28 29 30 32 33 34 35 36 38 39 40 41 42 43 44 45 46 47 48 49 50 50 51 52 53 54 55 56 57 58 59 60 61 62 63 64,34 43 47 48 59 59 72 62 64 51 75 70 73 68 75 122 102 114 94 81 121 104 125 133 108 151 108 145 145 146 26 148 177 144 145 211 175 186 267 236 204 194 268 312 391,1 1 1 1 1 1 1 1 1 1 1 1 1 1 0.97 1 1 0.94 1 1 1 1 1 0.94 0.95 1 1 0.9 1 1 1 1 1 0.89 1 1 1 0.78 1 0.86 1 1 1 1 1,gyrestorm8 mote_cascade8 thunder_palm8 knifestorm8 plaguebloom8 great_herd8 | momentum1 soul_harvest1 grave_call2 plague_bearer1 blood_scent1 ember_tithe1 dark_bargain1 perennial5 velocity3 expanse2 haste5 duplicity3 ferocity4
88,deft,32713,reaver,butchers_cleaver,leap,1,lamplings,none,1,1,31.80,0,45.00,,0,43621,58,65,1.44,0.690,0.690,43628,108.2,0.000,0,3,duelists_grace arcane_overflow,Lampling Tunneler:2197 firepot:1178 blast:902 burning ground:302,4 9 12 15 17 19 22 24 26 26 28 30 31 31 33 34 35 36 37 38 39 40 41 41 42 43 44 45 46 46 47 47 48 49 49 50 51 52 53 54 55 56 56 58 58,38 50 57 60 59 75 76 72 74 87 105 114 108 134 92 122 91 164 178 167 115 143 211 121 177 177 201 238 200 186 41 166 281 182 171 182 248 236 249 331 358 363 236 360 381,1 1 1 1 1 1 0.96 1 1 1 1 1 1 1 0.97 1 0.99 1 1 1 1 1 1 1 1 1 1 1 1 1 1 1 1 0.98 1 1 1 1 1 1 1 0.99 1 1 0.99,bonesplitter8 knifestorm8 iron_palms8 tether_of_anguish8 fallen_star8 verdant_gaze8 | duelists_grace1 blood_scent1 plague_bearer1 pyre_burst1 grave_call2 arcane_overflow2 ironhide1 expanse4 precision4 might1 wisdom1 vitality1
89,deft,40632,reaver,gyre_axes,leap,1,lamplings,none,1,1,31.12,0,45.00,,0,46976,59,66,1.47,0.214,0.214,43628,67.3,0.000,2,3,restless_hands cinderwake,Lampling Tunneler:4387 blast:1516 firepot:1213 Lampling Sapper:251,7 11 14 16 17 21 22 23 25 27 28 29 31 32 33 33 35 36 37 38 39 39 41 41 42 43 44 45 46 47 47 48 49 50 50 51 52 53 54 55 56 56 57 58 59,39 50 55 53 59 71 86 71 84 88 98 83 105 103 105 118 96 105 114 102 117 133 145 131 143 145 117 139 148 150 26 156 153 163 188 249 171 254 245 193 243 371 246 392 226,1 1 1 1 0.98 1 1 0.98 1 1 1 1 1 1 1 0.95 1 1 1 1 1 1 1 1 1 1 1 1 1 1 0.93 1 0.93 1 0.9 1 1 1 1 1 1 1 0.99 1 1,reavers_wheel8 living_flame8 sunbreak8 ruin_bolt8 rend_and_mend8 plaguebloom8 | restless_hands1 kindling1 plague_bearer1 consecration1 sanctify1 cinderwake1 emberseekers1 haste3 serration1 perennial4 might3 vitality2 duplicity2 soul_harvest1
90,deft,1040,reaver,butchers_cleaver,leap,1,kerchiefs,none,1,1,30.32,0,45.00,,0,38357,73,81,1.8,0.043,0.114,45524,19.4,0.000,3,3,momentum stormborn,Kerchief Bruiser:2630 Kerchief Footpad:1562 Kerchief Enforcer:1278 firepot:739,4 10 14 19 20 25 28 30 32 33 35 37 38 40 41 42 43 45 46 47 49 50 51 53 53 55 56 58 58 60 61 62 63 64 65 66 67 68 69 70 70 71 72 72 73,41 45 53 60 74 86 83 91 92 103 109 120 136 135 135 161 167 172 177 146 194 165 217 160 172 201 220 228 189 205 225 256 276 290 290 318 336 315 336 357 346 344 395 366 370,0.99 1 1 1 1 0.97 1 1 1 0.99 1 1 1 1 1 1 0.99 1 0.8 1 1 1 1 0.97 1 1 1 1 1 1 1 1 0.91 1 1 1 0.78 1 1 0.85 1 1 1 1 1,bonesplitter8 lunar_brand8 great_herd8 knifestorm8 gale_chakram8 aegis_wheel8 | momentum2 grave_call2 pack_leader1 blood_scent1 stormborn1 might5 perennial5 ironhide5 fortune4 haste5 emberseekers1 greed5 dread_command1
91,deft,8959,reaver,gyre_axes,leap,1,kerchiefs,none,1,1,30.96,1,44.67,footpad,25,43481,75,83,1.86,0.000,0.318,45524,57.8,0.000,3,3,arcane_overflow spirit_companion,Kerchief Footpad:4438 Kerchief Bruiser:2306 Kerchief Enforcer:1048 firepot:886,7 13 16 21 23 26 29 31 33 35 36 38 40 40 42 44 45 46 47 49 50 51 52 53 55 56 57 58 60 60 61 62 63 64 66 67 67 68 70 71 72 73 73 75,37 42 51 65 74 70 78 78 83 105 123 124 123 126 126 154 136 174 151 153 138 153 122 194 172 192 150 144 226 170 55 181 211 173 194 305 262 271 345 345 360 352 370 378,1 1 1 1 1 0.96 0.96 1 1 0.94 1 1 1 1 1 0.95 0.9 1 1 1 1 1 1 0.97 1 1 1 1 1 1 1 1 1 1 1 1 1 0.77 1 1 1 0.88 1 0.88,reavers_wheel8 steel_flurry8 fallen_star8 thornbloom8 plaguebloom8 rend_and_mend8 | arcane_overflow1 pyre_burst1 grave_call2 plague_bearer1 blood_scent1 pack_leader1 spirit_companion1 fleetfoot5 vitality5 serration4 expanse5 precision5 perennial5 butchers_mark1
92,deft,16878,reaver,butchers_cleaver,warcry,1,kerchiefs,none,1,1,31.00,1,44.95,bruiser,26,43734,76,84,1.87,0.000,0.680,45524,60.2,0.000,3,2,stormborn iron_vow,Kerchief Bruiser:2270 Kerchief Footpad:1938 firepot:739 Kerchief Enforcer:610,6 13 16 20 23 25 27 30 32 33 35 37 39 41 42 43 44 46 47 48 50 51 52 53 53 53 55 57 58 59 59 60 62 63 64 65 67 68 69 70 71 72 74 75,37 47 53 54 65 78 86 91 83 87 87 127 118 90 113 166 158 123 115 99 149 118 131 161 109 160 193 172 234 238 31 201 197 227 244 308 300 293 351 337 344 356 374 377,1 1 1 1 1 1 1 1 1 1 0.86 0.84 0.92 0.87 1 1 1 1 1 1 1 1 0.91 1 1 0.96 1 1 1 1 1 1 1 1 0.97 1 0.98 1 0.72 0.88 0.7 1 1 1,whirlwind8 gyrestorm8 great_herd8 moonfall8 plaguebloom8 glacier_spear8 | stormborn1 grave_call2 storm_caller1 deep_chill1 blood_scent1 iron_vow1 velocity3 vitality5 perennial5 expanse5 wisdom4 ferocity4 soul_harvest1 plague_bearer1
93,deft,24797,reaver,gyre_axes,warcry,1,kerchiefs,none,1,1,30.69,0,45.00,,0,35512,72,80,1.78,0.238,0.238,45524,41.2,0.000,1,2,restless_hands hunters_mark,Kerchief Footpad:9213 Kerchief Bruiser:6159 firepot:1101 Kerchief Enforcer:619,6 10 17 21 24 25 26 28 32 34 35 36 38 40 41 42 43 43 43 44 46 47 48 51 52 54 55 56 58 59 60 61 63 64 65 66 67 68 69 69 70 71 71 72 72,40 48 45 60 66 79 81 90 106 101 114 125 112 145 127 165 152 175 190 188 199 200 228 185 164 169 195 142 208 187 213 272 247 304 269 308 326 338 320 339 333 340 355 363 378,1 1 1 1 1 1 1 1 1 1 1 1 0.9 0.99 1 1 1 1 1 1 1 1 0.99 1 1 1 1 1 1 1 1 1 1 1 0.74 1 1 1 0.84 1 1 1 1 1 0.56,axe_gyre8 verdant_gaze8 moonfall8 tether_of_anguish8 great_herd8 soul_siphon8 | restless_hands1 plague_bearer1 grave_call2 soul_harvest1 dark_bargain1 pack_leader1 hunters_mark2 recovery4 expanse5 perennial5 greed5 vitality5 haste5
94,deft,32716,reaver,butchers_cleaver,leap,1,kerchiefs,none,1,1,30.65,0,45.00,,0,44990,83,91,2.02,0.439,0.703,45524,39.2,0.000,0,4,ember_tithe duelists_grace,firepot:3035 burning ground:1282 Kerchief Footpad:437 Kerchief Enforcer:397,10 15 19 21 24 27 30 32 34 35 37 39 40 42 43 44 45 47 48 50 51 53 54 55 57 58 59 61 62 63 64 65 66 68 69 70 72 73 74 76 77 79 80 81 83,37 42 50 61 72 83 84 85 91 96 115 102 138 138 152 154 172 161 172 138 180 131 148 194 158 187 148 162 235 136 224 191 210 213 152 259 225 186 288 208 238 266 308 282 240,1 1 1 1 1 1 0.97 1 1 1 1 1 1 0.85 1 0.95 1 0.9 1 1 1 1 1 0.99 1 1 1 1 1 1 1 1 0.88 1 1 1 0.84 1 0.67 0.82 0.97 0.79 0.98 1 0.99,bonesplitter8 hallowed_ring8 deepwinter8 great_herd8 harrowing8 gyrestorm8 | ember_tithe1 consecration1 fracture1 shatter1 dread_command2 deep_chill1 duelists_grace1 expanse5 haste5 perennial5 might5 greed5 ferocity4 sanctify1
95,deft,40635,reaver,gyre_axes,leap,1,kerchiefs,none,1,1,30.50,1,36.78,enforcer,18,33623,70,78,2.12,0.000,0.399,45524,29.8,0.000,3,2,hunters_mark glass_cannon,Kerchief Enforcer:750 firepot:661 Kerchief Footpad:623 Kerchief Bruiser:562,10 14 19 21 22 27 28 30 32 34 35 37 39 41 42 44 45 47 48 50 51 51 53 55 56 57 58 60 61 62 63 64 65 67 68 69,40 44 48 62 68 87 77 90 91 106 110 124 130 117 148 167 141 136 127 110 175 179 169 140 137 186 191 198 181 162 182 211 226 211 211 316,1 1 1 1 1 1 1 1 1 0.96 1 1 1 0.97 0.83 0.97 1 1 0.98 1 1 1 0.98 1 1 1 1 1 0.86 1 1 0.48 1 1 1 0.75,reavers_wheel8 steel_flurry8 thunder_palm8 arrowfall8 plaguebloom8 arcweb8 | hunters_mark2 grave_call2 pack_leader1 blood_scent1 dark_bargain1 glass_cannon1 fleetfoot4 perennial5 velocity2 haste4 fortune4 serration4 butchers_mark1
96,deft,1062,reaver,butchers_cleaver,leap,2,pack,none,4,1,33.56,1,44.25,boar,27,21353,58,65,1.47,0.000,0.580,83410,213.3,0.000,3,2,iron_vow spirit_companion,Longtooth Wolf:3814 Thicket Tusker:2379 Blight-Sick Wolf:1583 blast:1231,5 10 15 19 23 26 27 30 30 32 34 34 37 38 38 40 41 42 43 44 45 45 46 47 48 49 50 51 51 52 53 53 54 54 55 55 55 56 56 57 57 58 58 58,44 46 55 71 75 88 92 100 80 121 126 151 143 152 153 166 185 178 194 210 226 219 229 224 256 257 265 276 292 281 97 101 107 324 328 348 343 408 372 366 373 394 391 414,1 1 1 1 1 0.97 1 1 1 0.97 0.99 1 1 0.86 1 1 0.97 1 1 1 1 0.92 0.86 1 0.98 0.97 1 1 1 1 0.75 1 1 1 1 0.87 1 0.74 1 1 0.89 0.8 0.74 0.39,bonesplitter8 rend_and_mend8 living_flame8 iron_palms8 thousand_cuts8 verdant_lance8 | iron_vow1 grave_call1 pack_leader1 plague_bearer1 soul_harvest1 spirit_companion3 fortune2 serration1 perennial4 recovery1 velocity3 might1
97,deft,8981,reaver,gyre_axes,leap,2,pack,none,4,1,31.14,0,45.00,,0,35241,68,75,1.67,0.242,0.364,83410,68.4,0.000,2,2,iron_vow cinderwake,Longtooth Wolf:4124 Blight-Sick Wolf:2627 Thicket Tusker:2625 blast:2212,7 15 19 23 26 28 30 32 33 33 36 38 39 41 42 43 45 46 47 48 48 49 51 52 53 54 56 56 58 58 59 59 60 61 62 63 64 64 65 66 66 66 66 67 68,43 52 58 71 78 80 98 83 89 94 130 110 119 94 140 168 185 131 162 161 217 158 201 249 160 257 182 233 226 297 70 330 306 321 333 351 349 355 365 365 373 400 387 397 397,1 1 1 1 1 1 1 1 1 0.98 1 0.97 0.97 1 1 1 1 1 1 1 1 0.93 1 1 0.97 1 1 1 1 1 0.48 1 0.91 0.91 1 1 1 1 1 1 1 1 1 1 0.75,gyrestorm8 great_herd8 pyre_of_faith8 tether_of_anguish8 thornbloom8 predators_volley8 | iron_vow1 sanctify1 consecration1 pack_leader1 grave_call2 soul_harvest1 cinderwake1 ferocity4 perennial5 recovery4 fleetfoot5 precision5 searing4
98,deft,16900,reaver,butchers_cleaver,warcry,2,pack,none,4,1,30.76,0,45.00,,0,44889,76,84,1.87,0.252,0.271,83410,45.7,0.000,2,3,stormborn spirit_companion,blast:3541 Longtooth Wolf:3524 Greymuzzle:2974 Thicket Tusker:2213,7 15 19 24 25 28 30 32 32 35 35 38 40 41 43 44 45 46 48 49 50 52 53 54 56 57 58 59 60 61 62 63 64 65 66 68 69 70 71 72 73 73 74 75 76,40 51 57 64 77 76 84 71 102 109 98 129 99 119 134 178 139 190 174 129 159 137 111 140 139 140 133 123 147 148 140 136 229 148 182 166 242 241 270 363 392 376 415 410 401,0.99 1 1 1 0.96 0.99 0.99 1 1 0.93 1 1 0.93 0.98 0.95 0.96 0.94 1 1 1 0.99 1 1 1 1 1 1 1 1 1 0.99 1 1 0.95 0.96 0.73 1 0.91 0.96 1 1 1 0.92 0.95 1,whirlwind8 temple_breaker8 wild_hunt8 starseeker8 harrowing8 skybreak8 | stormborn2 blood_scent1 storm_caller1 static_charge1 dread_command1 dark_bargain1 spirit_companion2 precision5 velocity3 fleetfoot5 evasion4 expanse5 ironhide5
99,deft,24819,reaver,gyre_axes,warcry,2,pack,none,4,1,31.47,0,45.00,,0,38340,71,79,1.76,0.292,0.292,83410,88.4,0.000,2,2,bloodthirst iron_vow,Longtooth Wolf:6664 Thicket Tusker:4217 Blight-Sick Wolf:3368 blast:2819,6 14 17 19 23 24 27 28 29 32 33 35 36 38 39 41 43 44 45 46 47 49 50 51 52 53 55 56 57 58 59 59 60 61 62 64 65 65 66 67 68 69 69 70 71,38 55 52 63 72 88 94 87 108 98 127 119 140 162 149 115 169 140 127 211 217 138 162 225 241 194 193 173 195 253 57 251 249 310 246 354 359 361 374 367 397 392 386 400 388,1 1 0.98 1 1 1 1 1 1 1 0.98 1 1 1 1 1 1 1 1 1 0.96 1 0.98 1 1 1 1 1 1 1 1 0.88 1 1 1 1 1 0.89 1 1 0.76 1 0.94 1 0.83,axe_gyre8 tether_of_anguish8 verdant_gaze8 wild_hunt8 thornbloom8 pyre_of_faith8 | bloodthirst1 grave_call2 soul_harvest1 consecration1 sanctify1 iron_vow1 dread_command2 expanse5 searing4 velocity3 fleetfoot4 recovery4 perennial5
100,deft,32738,reaver,butchers_cleaver,leap,2,pack,none,4,1,30.59,0,45.00,,0,42015,73,81,1.8,0.344,0.394,83410,35.4,0.000,0,2,hunters_mark cinderwake,Longtooth Wolf:5471 Thicket Tusker:2866 blast:2722 Blight-Sick Wolf:1715,6 14 20 21 26 28 29 31 33 34 36 37 39 40 41 43 44 45 46 48 49 49 51 53 54 55 56 57 58 59 60 61 62 63 64 65 66 67 68 69 70 70 72 72 73,44 46 61 66 62 84 98 99 98 114 134 128 145 146 136 133 115 156 166 177 161 148 175 222 158 156 188 197 239 198 230 220 232 243 227 323 250 340 389 269 385 417 386 383 415,1 0.99 1 0.98 1 1 1 0.94 0.87 1 0.96 0.95 0.93 1 0.97 1 0.97 0.96 0.96 0.84 0.96 0.95 0.96 1 1 1 1 1 1 0.97 0.91 1 1 1 1 1 0.84 1 0.85 1 1 1 0.83 0.91 1,whirlwind8 great_herd8 everbloom8 seeking_motes8 living_flame8 thousand_cuts8 | hunters_mark2 blood_scent1 soul_harvest1 pack_leader1 pyre_burst1 kindling1 cinderwake1 perennial5 serration4 thorns5 grave_call1 fleetfoot4 vitality5 fortune4
101,deft,40657,reaver,gyre_axes,leap,2,pack,none,4,1,30.48,0,45.00,,0,44761,80,88,1.96,0.248,0.623,83410,29.0,0.000,1,3,duelists_grace ember_tithe,Longtooth Wolf:6269 blast:3031 Thicket Tusker:2421 Blight-Sick Wolf:2159,9 15 20 23 26 28 30 32 33 36 37 38 40 41 43 44 46 47 49 50 52 53 54 56 57 58 60 61 62 63 64 65 67 68 69 70 72 73 74 75 76 77 78 79 80,44 49 64 53 74 87 94 90 94 82 130 107 120 80 115 122 110 143 128 124 150 165 141 138 146 148 135 151 137 154 145 179 172 208 274 297 275 383 294 392 380 408 377 416 412,0.99 0.99 1 1 0.98 1 0.91 1 0.95 0.97 0.86 0.99 1 1 0.98 1 0.99 1 0.98 1 1 0.96 0.95 0.97 1 1 1 1 0.97 1 0.98 1 0.87 1 1 1 0.93 1 1 1 1 1 0.91 0.41 0.74,reavers_wheel8 razorgale8 circle_of_dawn8 arrowfall8 living_flame8 thousand_cuts8 | duelists_grace2 sanctify1 emberseekers1 pyre_burst1 kindling1 ember_tithe1 vitality5 velocity3 evasion4 serration4 dark_bargain1 duplicity3 perennial5 grave_call1
102,deft,1065,reaver,butchers_cleaver,leap,2,dead,none,4,1,30.85,0,45.00,,0,30879,58,65,1.44,0.622,0.770,67370,51.2,0.000,0,3,cinderwake spirit_companion,bolt_bone:3353 frost_orb:628 Barrow Knight:242 Risen:134,1 2 7 10 12 15 17 18 21 23 24 26 27 29 29 31 32 33 34 34 36 37 38 39 40 41 42 43 43 45 45 47 48 49 50 51 52 53 54 55 55 55 57 57 58,51 44 53 64 69 97 90 101 107 108 126 130 139 154 154 171 176 184 197 236 206 226 227 234 245 270 286 272 278 316 198 304 321 276 374 357 341 345 302 402 395 399 407 390 412,0.98 1 1 0.98 1 1 1 1 0.89 1 1 1 1 1 1 0.97 1 1 1 1 1 1 1 1 0.95 1 0.96 1 1 1 1 1 1 1 0.97 1 1 1 0.99 1 0.97 1 1 1 0.95,whirlwind8 gale_chakram8 circle_of_dawn8 rend_and_mend8 deepwinter8 knifestorm8 | cinderwake1 sanctify1 deep_chill1 shatter1 butchers_mark1 spirit_companion1 consecration1 vitality5 haste3 ferocity3 searing3 fortune2 might4 blood_scent1
103,deft,8984,reaver,gyre_axes,leap,2,dead,none,4,0,,0,45.00,,0,12351,42,48,1.07,0.143,0.143,67370,900.0,0.322,2,2,iron_vow arcane_overflow,Barrow Knight:745 bolt_bone:612 Risen:170 Risen Shieldman:91,3 6 10 12 14 16 17 19 20 21 22 23 24 26 27 28 29 30 30 31 33 33 34 35 35 36 36 37 38 39 40 40 40 41 41 41 41 41 41 42 42 42 42 42 42,47 46 56 61 68 80 86 98 110 118 141 140 141 148 153 174 178 183 200 199 212 221 231 234 243 252 264 272 296 290 145 158 158 157 165 165 162 162 163 168 163 163 165 161 163,1 1 1 1 1 1 1 1 1 1 1 1 1 1 1 1 1 1 1 1 1 1 1 1 1 1 1 1 1 1 1 1 1 1 1 0.96 1 1 1 1 1 1 1 1 1,axe_gyre8 reaving_arc8 verdant_lance8 knifestorm8 iron_palms8 grave_tether8 | iron_vow1 blood_scent1 grave_call1 plague_bearer1 arcane_overflow2 pack_leader1 perennial1
104,deft,16903,reaver,butchers_cleaver,warcry,2,dead,none,4,0,,1,30.47,barrow_knight,17,12693,46,52,1.71,0.000,0.000,67370,28.0,0.202,3,2,ember_tithe duelists_grace,bolt_bone:1933 Barrow Knight:1533 frost_orb:507 Risen Shieldman:197,1 1 2 2 3 5 9 13 16 18 20 23 24 27 28 30 31 33 34 36 37 38 39 40 41 42 43 44 45 46,49 49 52 69 88 80 86 103 114 114 127 137 135 147 157 175 182 197 204 206 210 222 228 238 244 267 265 286 277 295,0.98 1 1 0.97 1 1 1 1 1 1 0.98 1 1 1 1 1 1 0.95 1 1 1 1 1 0.99 0.94 0.86 1 0.94 1 1,cleaver8 deathcoil8 axe_gyre8 sunlance8 temple_breaker8 spirit_herd8 | ember_tithe1 soul_harvest1 butchers_mark1 plague_bearer1 blood_scent1 duelists_grace1 pack_leader1 searing2 duplicity2 evasion2
105,deft,24822,reaver,gyre_axes,warcry,2,dead,none,4,0,,1,35.33,risen_warrior,20,11777,41,47,1.33,0.000,0.000,67370,319.5,0.464,3,2,bloodthirst duelists_grace,Barrow Knight:2515 bolt_bone:2451 Risen Shieldman:1004 Risen:548,6 9 12 13 16 18 19 20 22 24 24 26 27 27 29 30 30 31 31 32 33 34 34 35 35 36 36 37 38 39 39 39 40 40 41,45 44 54 61 72 79 88 100 106 115 131 139 145 152 158 170 178 188 194 208 208 218 224 234 247 246 257 267 301 299 107 144 156 159 113,1 1 1 1 1 1 1 1 1 1 1 1 1 1 1 1 1 1 0.94 1 1 0.98 1 0.96 1 1 1 1 0.96 0.93 0.99 1 0.85 1 0.9,axe_gyre8 cinderfall8 volley8 iron_palms6 verdant_lance8 reaving_arc8 | bloodthirst2 grave_call2 pyre_burst1 dread_command1 duelists_grace1
106,deft,32741,reaver,butchers_cleaver,leap,2,dead,none,4,1,36.45,1,44.90,risen_warrior,28,18179,50,56,1.25,0.000,0.554,67370,386.7,0.000,3,2,cinderwake cinderwake,bolt_bone:3345 frost_orb:1468 Barrow Knight:918 Risen Shieldman:663,4 8 10 12 15 16 18 19 21 23 24 25 26 27 28 30 30 31 32 33 34 34 35 36 37 38 38 39 39 40 41 41 41 42 42 42 44 44 45 46 46 47 48 49,38 49 54 67 75 79 90 102 101 119 122 130 147 154 164 176 182 181 217 200 208 214 233 256 246 257 271 275 296 285 115 113 158 155 166 133 287 355 375 381 393 389 392 396,1 1 1 0.98 1 1 0.98 0.98 1 1 1 1 1 0.91 0.98 1 0.94 1 0.94 1 1 1 1 1 1 1 1 1 0.95 1 1 0.94 1 1 1 1 1 1 1 1 1 1 1 1,whirlwind8 rend_and_mend8 circle_of_dawn8 glacier_spear8 reckoning8 reavers_wheel8 | cinderwake2 consecration1 fracture1 deep_chill1 blood_scent1 soul_harvest1 recovery1 serration1 velocity2 fleetfoot1 precision1
107,deft,40660,reaver,gyre_axes,leap,2,dead,none,4,0,,1,30.65,barrow_knight,17,18255,48,54,1.76,0.000,0.000,67370,38.8,0.134,3,2,arcane_overflow glass_cannon,bolt_bone:1405 Barrow Knight:784 frost_orb:343 Risen:34,3 7 10 13 15 17 20 22 23 25 27 28 30 30 32 33 34 35 36 37 38 39 40 41 43 44 45 46 47 48,40 43 56 66 76 84 92 99 107 119 105 136 140 157 145 168 160 192 187 192 207 221 226 235 246 244 256 279 302 281,1 1 0.97 0.97 1 1 0.97 0.97 1 0.97 0.98 1 1 1 1 0.78 1 1 1 1 1 0.84 1 0.97 0.89 1 1 0.89 1 1,axe_gyre8 circle_of_dawn8 arcweb8 mote_cascade8 thunder_palm8 volley8 | arcane_overflow3 consecration1 sanctify1 glass_cannon1 dark_bargain1 vitality1 haste2 fortune1 evasion1 duplicity1
108,deft,1068,reaver,butchers_cleaver,leap,2,lamplings,none,4,1,30.80,0,45.00,,0,46764,62,69,1.53,0.378,0.425,73786,47.7,0.000,0,3,glass_cannon bloodthirst,blast:2784 firepot:1069 Lampling Tunneler:1014 Lampling Sapper:257,5 12 15 17 20 22 25 27 27 29 31 32 33 34 36 37 38 39 39 41 42 42 43 44 45 46 47 48 49 49 50 51 51 52 53 54 55 56 57 57 58 59 60 61 62,40 49 55 61 44 69 82 90 83 74 121 99 110 108 93 158 123 102 111 102 123 127 138 138 123 156 148 161 171 135 164 146 210 198 229 172 178 293 253 239 394 342 292 378 398,1 1 1 1 1 0.9 1 1 1 1 1 0.93 1 1 0.9 1 1 1 1 1 1 1 0.96 1 1 1 0.81 1 1 1 1 1 1 1 1 1 1 1 1 1 1 1 1 1 1,whirlwind8 living_flame8 hailwheel8 steel_flurry8 arrowfall8 tempest_coil8 | glass_cannon1 blood_scent1 storm_caller1 pyre_burst1 grave_call2 bloodthirst1 perennial5 fleetfoot2 expanse3 chilling2 serration4 soul_harvest1 velocity3
109,deft,8987,reaver,gyre_axes,leap,2,lamplings,none,4,1,30.37,1,42.74,lampling,27,44719,60,67,1.57,0.000,0.536,73786,22.3,0.000,3,3,glass_cannon glass_cannon,blast:1642 Lampling Tunneler:1120 firepot:772 burning ground:172,5 12 15 17 21 24 25 27 29 30 31 33 34 35 35 37 38 39 40 41 42 43 44 45 45 46 47 48 49 50 50 51 52 53 54 55 55 56 57 58 59 60,43 48 62 58 50 74 72 92 81 70 109 105 114 101 100 102 94 98 110 94 110 103 100 94 100 138 110 127 104 134 121 174 147 167 167 137 204 171 188 179 215 229,1 1 1 1 1 0.99 1 1 0.92 1 1 1 1 1 1 1 0.86 1 0.82 1 0.77 1 1 1 1 1 1 1 0.77 1 1 1 1 1 1 1 1 1 1 1 1 1,reavers_wheel8 tether_of_anguish8 living_flame8 arrowfall8 seeking_motes8 soul_siphon8 | glass_cannon3 grave_call1 pyre_burst1 pack_leader1 kindling1 serration2 perennial3 warding2 velocity2 recovery3 dread_command1 expanse2
110,deft,16906,reaver,butchers_cleaver,warcry,2,lamplings,none,4,1,30.51,0,45.00,,0,48660,64,71,1.58,0.181,0.640,73786,30.4,0.000,3,4,restless_hands glass_cannon,blast:2764 Lampling Tunneler:1549 firepot:875 burning ground:232,5 8 12 16 19 21 24 26 28 29 31 32 33 34 35 36 37 39 40 40 42 43 43 44 45 46 47 48 49 50 50 51 52 53 54 55 56 57 58 59 60 61 62 63 64,40 56 58 58 61 67 65 101 89 72 100 94 135 150 82 91 118 99 123 93 102 120 102 130 120 128 131 120 130 111 132 180 178 126 162 144 208 172 252 205 190 235 252 264 207,1 1 1 1 1 1 1 1 1 1 1 1 1 1 1 0.95 1 1 1 1 1 1 1 1 1 1 1 1 0.91 1 1 1 1 1 1 1 1 1 0.99 1 0.92 1 1 1 1,whirlwind8 thousand_cuts8 aegis_wheel8 plaguebloom8 reavers_wheel8 tether_of_anguish8 | restless_hands1 butchers_mark1 blood_scent1 plague_bearer1 soul_harvest1 glass_cannon2 vitality4 serration2 wisdom2 ferocity3 perennial5 expanse3 pack_leader1
111,deft,24825,reaver,gyre_axes,warcry,2,lamplings,none,4,1,31.53,0,45.00,,0,46700,63,70,1.56,0.578,0.684,73786,91.8,0.000,0,3,duelists_grace arcane_overflow,Lampling Tunneler:5158 blast:2021 firepot:1753 burning ground:390,5 12 14 19 22 24 26 28 29 31 32 34 35 36 37 38 39 40 41 42 43 44 45 46 47 48 49 50 50 51 52 52 53 54 55 56 57 57 58 59 60 61 62 63 63,41 54 53 57 59 77 66 77 84 67 107 94 85 92 95 105 126 90 125 130 159 109 133 124 167 131 123 156 151 123 35 121 195 128 178 190 169 202 169 178 208 275 238 210 394,1 1 1 1 1 1 1 1 1 1 1 1 1 0.96 1 1 1 1 1 1 1 1 1 1 1 1 1 1 1 1 0.83 1 0.99 0.92 0.91 1 1 1 1 1 1 1 0.8 0.86 1,reavers_wheel8 thunder_palm8 harrowing8 blightfield8 razorgale8 grave_tether8 | duelists_grace1 dark_bargain1 plague_bearer1 grave_call2 arcane_overflow1 pack_leader1 haste2 ironhide5 velocity3 precision4 expanse5 serration4 dread_command1
112,deft,32744,reaver,butchers_cleaver,leap,2,lamplings,none,4,1,30.78,0,45.00,,0,47514,62,69,1.53,0.804,0.861,73786,46.7,0.000,0,4,iron_vow iron_vow,blast:561 Lampling Tunneler:482 firepot:317 burning ground:76,6 11 15 18 19 23 25 26 28 29 31 32 33 34 35 37 38 39 39 41 41 42 43 44 45 46 47 48 49 49 50 51 51 52 53 54 55 56 57 58 59 59 60 61 62,43 50 56 67 71 87 79 74 68 62 104 85 90 86 103 146 118 101 88 111 112 128 176 151 187 140 122 111 124 227 160 139 185 136 146 146 164 195 165 186 228 202 254 259 299,1 1 1 1 1 1 1 1 1 1 1 1 1 1 0.97 1 1 1 1 1 1 1 1 1 1 1 1 1 1 1 1 1 1 0.92 0.94 1 1 1 1 1 1 1 1 1 1,whirlwind8 arcweb8 deepwinter8 blighted_earth8 seeking_motes8 lunar_brand8 | iron_vow2 static_charge1 storm_caller1 grave_call1 plague_bearer1 shatter1 fortune4 chilling3 ferocity4 evasion4 haste4 serration4 blood_scent1
113,deft,40663,reaver,gyre_axes,leap,2,lamplings,none,4,1,31.62,0,45.00,,0,42478,59,66,1.47,0.359,0.766,73786,96.9,0.000,0,2,duelists_grace momentum,Lampling Tunneler:4888 blast:2229 firepot:1265 burning ground:280,4 9 13 16 18 20 23 25 26 27 30 31 32 33 34 36 37 38 38 40 41 42 42 43 44 45 46 47 48 49 49 49 50 51 52 53 53 54 55 56 57 57 58 59 59,45 45 56 68 63 75 89 101 82 60 91 132 113 134 86 105 130 107 117 130 184 109 208 208 129 144 139 126 124 180 35 214 232 319 271 308 280 366 356 385 243 367 382 389 424,1 1 1 1 0.97 1 1 1 1 1 1 1 1 0.97 1 1 1 0.93 1 1 1 1 0.85 0.93 1 0.92 0.95 1 0.98 1 0.92 0.95 1 1 1 1 1 1 1 1 0.85 1 0.89 0.9 1,reavers_wheel8 razorgale8 thousand_cuts8 reaving_arc8 temple_breaker8 arrowfall8 | duelists_grace3 soul_harvest1 pack_leader1 momentum1 dread_command1 serration3 velocity2 might1 thorns2 evasion3 fleetfoot2 blood_scent1
114,deft,1071,reaver,butchers_cleaver,leap,2,kerchiefs,none,4,1,30.97,0,45.00,,0,28337,66,73,1.62,0.247,0.641,76994,58.1,0.000,1,2,cinderwake restless_hands,Kerchief Footpad:4253 Kerchief Bruiser:3843 firepot:2012 burning ground:609,4 11 17 20 22 26 27 30 32 33 34 35 36 37 38 40 41 42 43 45 45 46 47 48 49 50 51 51 53 54 55 57 57 58 58 59 61 62 63 63 64 65 65 66 66,47 43 63 66 70 87 98 105 99 104 138 139 148 151 153 174 178 180 188 207 209 221 196 253 252 256 255 286 289 306 81 211 305 326 340 347 318 366 363 378 389 383 392 385 385,0.97 0.96 1 1 1 0.92 0.88 0.9 1 0.97 1 1 0.88 1 1 0.93 0.94 1 1 0.99 0.98 1 0.93 0.95 0.96 1 1 1 1 1 0.8 1 1 0.92 1 0.88 0.92 0.91 0.99 1 0.9 1 1 1 0.64,cleaver8 axe_gyre8 tempest_coil8 deepwinter8 rend_and_mend8 arrowfall8 | cinderwake2 fracture1 deep_chill1 static_charge1 butchers_mark1 restless_hands1 vitality5 haste2 ironhide4 velocity3 perennial4 expanse5 storm_caller1
115,deft,8990,reaver,gyre_axes,leap,2,kerchiefs,none,4,1,30.44,0,45.00,,0,43124,79,87,1.93,0.259,0.259,76994,26.1,0.000,3,2,momentum bloodthirst,Kerchief Footpad:5277 Kerchief Bruiser:4857 Kerchief Enforcer:1915 firepot:890,8 14 18 24 26 29 32 34 35 37 39 41 42 43 45 47 48 49 51 52 53 54 56 57 58 59 60 61 63 64 64 66 67 68 69 70 71 72 73 74 75 76 77 78 79,41 53 64 62 65 87 82 81 89 112 130 122 105 141 131 175 135 153 189 143 201 162 133 163 168 175 233 165 139 198 183 234 210 212 247 349 353 354 381 378 410 397 410 386 401,1 1 1 1 1 1 1 1 1 1 0.62 1 1 0.98 1 1 1 1 1 1 1 1 1 1 1 1 1 1 1 1 1 1 1 1 1 1 1 1 1 1 0.67 1 0.87 0.88 0.88,reavers_wheel8 aegis_wheel8 thousand_cuts8 razorgale8 blightfield8 wild_hunt8 | momentum1 grave_call2 butchers_mark1 plague_bearer1 dread_command1 soul_harvest1 greed5 bloodthirst1 might5 serration4 vitality5 ferocity4 fleetfoot5 blood_scent1
116,deft,16909,reaver,butchers_cleaver,warcry,2,kerchiefs,none,4,1,30.50,1,36.74,pillager,21,34123,68,75,2.04,0.000,0.026,76994,29.8,0.000,3,3,glass_cannon glass_cannon,firepot:1214 burning ground:718 Kerchief Footpad:608 Kerchief Bruiser:481,6 12 16 22 24 26 29 32 34 35 36 38 40 42 43 44 46 47 48 50 51 52 54 55 57 57 58 60 61 62 62 63 64 65 66 68,42 44 54 73 72 77 102 84 99 121 129 126 127 142 112 143 149 179 158 130 135 161 146 163 137 181 184 141 164 138 163 161 182 196 233 318,0.94 0.94 1 1 1 0.96 0.97 0.84 0.85 1 0.88 1 1 1 1 1 1 0.75 0.92 1 1 1 1 1 1 1 1 1 1 1 1 1 1 0.6 1 1,whirlwind8 thunder_palm8 plaguebloom8 arrowfall8 axe_gyre8 steel_flurry8 | glass_cannon2 grave_call2 pack_leader1 plague_bearer1 butchers_mark1 haste5 perennial5 duplicity3 velocity3 evasion4 fleetfoot5 blood_scent1
117,deft,24828,reaver,gyre_axes,warcry,2,kerchiefs,none,4,0,,1,20.38,enforcer,13,14250,52,58,2.85,0.000,0.000,0,0.0,,3,1,glass_cannon glass_cannon,firepot:799 burning ground:601 Kerchief Enforcer:529 Kerchief Footpad:157,7 11 15 19 24 26 29 32 34 36 38 40 42 42 45 46 48 49 51 51,42 46 55 68 78 89 103 103 93 97 123 132 134 142 105 146 118 124 112 130,0.95 1 1 1 1 1 0.87 1 0.75 0.91 1 1 0.9 1 0.96 0.96 1 1 1 1,gyrestorm8 hallowed_ring8 gale_chakram8 iron_palms8 arrowfall8 tempest_coil8 | glass_cannon2 consecration1 sanctify1 static_charge1 grave_call1 storm_caller1 vitality1 velocity1 perennial1 expanse1 ferocity1
118,deft,32747,reaver,butchers_cleaver,leap,2,kerchiefs,none,4,1,31.46,0,45.00,,0,33993,76,84,1.87,0.249,0.724,76994,87.9,0.000,1,2,arcane_overflow arcane_overflow,firepot:840 Kerchief Bruiser:573 Kerchief Footpad:493 burning ground:365,2 8 13 16 21 24 26 28 31 32 34 35 37 38 39 40 42 43 45 46 47 48 50 51 53 54 56 57 59 60 61 62 63 65 66 68 69 70 72 73 73 75 75 76 76,49 46 51 60 71 89 91 100 107 111 131 135 140 155 156 187 188 180 165 208 210 222 226 211 179 263 270 173 145 153 46 184 219 202 246 291 353 301 327 339 378 409 407 390 398,0.97 0.95 1 1 0.96 1 1 1 1 1 0.95 1 1 0.94 0.97 1 1 1 1 1 1 1 1 1 1 1 1 1 1 1 1 1 1 1 0.88 1 1 1 1 1 1 1 0.83 1 1,whirlwind8 axe_gyre8 circle_of_dawn8 hallowed_ring8 verdant_gaze8 moonfall8 | arcane_overflow2 soul_harvest1 sanctify1 grave_call1 dark_bargain1 plague_bearer1 fleetfoot5 perennial5 duplicity3 expanse5 chilling3 recovery4 deep_chill1 pack_leader1
119,deft,40666,reaver,gyre_axes,leap,2,kerchiefs,none,4,0,,1,30.32,enforcer,17,24945,62,69,2.28,0.000,0.000,76994,19.0,0.607,3,2,cinderwake cinderwake,Kerchief Footpad:2390 Kerchief Bruiser:1410 Kerchief Enforcer:1224 firepot:696,7 16 20 22 26 29 30 33 35 36 38 40 41 42 44 45 47 48 49 51 52 53 55 56 57 59 59 59 60 61,41 50 52 69 79 68 77 96 101 115 133 131 103 150 112 172 177 184 142 202 143 221 164 157 191 178 137 163 192 209,0.97 1 1 0.94 0.9 1 0.95 1 1 1 1 1 1 0.87 1 0.94 1 1 1 1 1 0.79 1 1 1 1 1 1 0.89 1,reavers_wheel8 razorgale8 predators_volley8 everbloom8 plaguebloom8 great_herd8 | cinderwake3 plague_bearer1 grave_call3 pack_leader1 precision1 thorns1 haste3 perennial2 serration2 might2
120,deft,1093,reaver,butchers_cleaver,leap,3,pack,none,7,1,30.89,0,45.00,,0,40762,74,82,1.82,0.371,0.371,130139,53.6,0.000,0,1,momentum momentum,blast:3763 Longtooth Wolf:2666 Thicket Tusker:2441 Greymuzzle:1317,3 12 20 24 27 29 30 33 35 35 38 40 41 43 44 45 47 48 49 50 51 53 54 55 56 57 59 60 61 62 62 63 64 66 67 67 68 70 70 71 72 72 73 74 74,51 52 63 71 74 87 98 112 119 88 118 100 151 116 161 148 186 200 169 167 203 146 228 201 139 156 190 195 254 217 170 220 335 290 380 392 324 328 390 416 389 388 393 392 395,0.97 1 1 1 1 1 1 1 1 0.9 1 1 0.98 1 0.96 0.96 1 1 0.96 0.89 1 0.96 1 1 0.98 0.99 0.94 1 0.95 0.94 0.92 1 1 0.98 1 0.84 1 1 1 0.92 1 1 1 1 1,whirlwind8 reavers_wheel8 plaguebloom8 reaving_arc8 arcweb8 thunder_palm8 | momentum2 plague_bearer1 static_charge1 soul_harvest1 blood_scent1 grave_call2 serration4 haste5 perennial5 greed5 butchers_mark1 fleetfoot5 fortune4
121,deft,9012,reaver,gyre_axes,leap,3,pack,none,7,1,31.09,0,45.00,,0,37572,75,83,1.84,0.360,0.360,130139,65.3,0.000,0,2,momentum momentum,blast:2869 Longtooth Wolf:2756 Thicket Tusker:2320 Greymuzzle:1640,8 18 22 25 27 29 31 34 36 38 39 41 42 44 45 47 48 49 51 52 53 55 56 57 58 59 61 62 63 64 64 65 66 67 68 69 70 71 71 72 73 73 74 75 75,47 49 62 57 84 80 104 109 100 114 145 142 135 177 126 167 174 218 177 190 212 168 236 206 163 199 234 307 257 262 62 272 349 361 386 375 392 405 402 392 370 390 399 408 440,1 1 1 1 1 1 0.97 0.97 1 1 0.88 1 0.87 0.92 0.88 0.92 1 1 1 0.99 1 1 1 1 0.94 0.96 1 1 1 0.94 1 1 1 1 1 1 1 1 1 0.88 0.95 0.9 1 1 0.68,gyrestorm8 iron_palms8 steel_flurry8 arcweb8 gale_chakram8 ruin_bolt8 | momentum3 dark_bargain1 static_charge1 soul_harvest1 blood_scent1 fleetfoot5 ironhide5 might5 recovery4 greed5 grave_call1 ferocity4 dread_command1
122,deft,16931,reaver,butchers_cleaver,warcry,3,pack,none,7,1,30.67,1,44.26,wolf_alpha,29,34491,76,84,1.9,0.000,0.440,130139,40.0,0.000,3,2,spirit_companion iron_vow,Longtooth Wolf:8505 Thicket Tusker:3859 Greymuzzle:3365 Blight-Sick Wolf:2636,4 9 12 18 21 24 28 31 33 35 36 37 37 40 41 43 44 46 48 49 50 52 53 55 56 57 59 61 62 63 64 65 67 67 68 70 71 72 72 73 74 74 75 76,47 50 65 73 84 89 103 107 121 95 139 155 154 164 172 184 206 186 156 180 243 243 166 210 161 247 187 232 221 319 295 325 245 369 320 392 380 398 442 376 391 399 388 400,0.95 0.94 0.98 0.97 0.92 0.97 0.97 0.84 1 0.97 1 0.83 1 1 0.71 1 1 0.91 0.91 1 0.89 1 1 1 1 0.95 1 1 0.95 1 1 1 1 1 0.95 1 0.88 1 1 1 0.98 0.77 0.92 1,cleaver8 reavers_wheel8 hallowed_ring8 moonbrand8 living_flame8 aegis_wheel8 | spirit_companion3 kindling1 dark_bargain1 consecration1 iron_vow1 vitality5 serration4 recovery4 perennial5 precision5 wisdom4 sanctify1 pack_leader1
123,deft,24850,reaver,gyre_axes,warcry,3,pack,none,7,1,30.82,0,45.00,,0,45080,77,85,1.89,0.497,0.524,130139,48.9,0.000,0,4,duelists_grace cinderwake,Longtooth Wolf:4227 blast:3703 Thicket Tusker:2130 Blight-Sick Wolf:1338,6 14 16 19 23 25 29 30 33 34 36 38 39 41 41 44 45 47 48 49 50 51 53 54 56 57 58 59 60 61 62 63 64 65 66 67 68 70 71 72 72 74 75 76 77,44 58 63 70 85 95 96 109 88 129 144 146 142 134 132 133 205 119 201 226 248 245 165 187 130 148 187 123 124 86 152 105 150 149 184 157 261 313 216 290 248 192 338 236 342,0.9 0.97 0.91 0.98 0.98 0.94 0.97 1 1 0.96 0.89 1 0.98 0.96 1 1 1 0.95 0.92 0.9 1 0.88 1 1 0.97 0.97 1 1 1 1 1 1 1 1 0.93 1 0.86 1 0.92 1 1 0.9 1 1 1,reavers_wheel8 dawnpulse8 mote_cascade8 arrowfall8 razorgale8 glacier_spear8 | duelists_grace1 sanctify1 deep_chill1 grave_call1 consecration1 dread_command1 cinderwake1 evasion4 duplicity3 velocity3 expanse5 serration4 shatter1 searing4 pack_leader1
124,deft,32769,reaver,butchers_cleaver,leap,3,pack,none,7,1,31.22,0,45.00,,0,27944,66,73,1.62,0.576,0.576,130139,73.0,0.000,0,2,hunters_mark stormborn,Longtooth Wolf:5072 Greymuzzle:2188 Thicket Tusker:2057 blast:1838,4 12 15 18 22 25 26 29 32 34 35 37 39 40 41 43 44 46 47 48 49 50 51 52 53 55 56 57 58 59 59 60 60 61 62 63 63 63 64 64 64 65 65 65 66,53 51 61 70 83 92 98 109 123 132 146 150 146 152 179 195 201 178 209 232 240 241 208 250 279 276 259 289 309 331 40 318 317 348 376 370 378 403 388 410 384 383 381 392 440,1 1 0.96 1 0.96 1 1 1 0.97 1 0.7 1 1 1 1 1 1 0.98 0.96 1 0.96 1 1 1 0.95 0.95 1 1 1 1 1 1 0.96 1 1 1 1 1 1 1 1 1 1 1 0.84,whirlwind8 temple_breaker8 gyrestorm8 volley8 tether_of_anguish8 gale_chakram8 | hunters_mark3 grave_call1 blood_scent1 dread_command1 stormborn2 recovery4 fortune4 fleetfoot5 ferocity3 evasion4 ironhide5
125,deft,40688,reaver,gyre_axes,leap,3,pack,none,7,1,30.71,0,45.00,,0,40349,77,85,1.89,0.024,0.226,130139,42.8,0.000,3,3,duelists_grace duelists_grace,Longtooth Wolf:8353 blast:3961 Blight-Sick Wolf:3252 Greymuzzle:2981,7 13 20 24 28 30 33 34 37 37 39 40 41 43 44 45 45 48 48 50 51 52 53 55 56 57 58 60 61 62 63 64 65 67 68 69 71 72 72 74 75 75 76 76 77,51 52 62 57 75 70 79 73 72 92 99 140 130 120 149 180 203 160 217 206 233 229 266 245 128 145 173 200 117 142 185 197 201 150 223 391 377 396 398 374 411 390 383 399 422,0.95 1 1 1 1 0.87 1 1 1 1 1 0.97 0.96 0.96 0.96 0.91 0.96 1 0.82 0.86 1 1 0.97 0.96 1 0.97 0.95 1 1 1 1 1 0.94 0.85 0.93 1 1 1 0.97 0.74 1 1 1 0.94 0.15,gyrestorm8 soul_siphon8 gale_chakram8 pyre_of_faith8 fallen_star8 lunar_brand8 | duelists_grace3 grave_call3 emberseekers1 sanctify1 searing4 fortune4 ferocity4 recovery4 expanse5 wisdom4 consecration1
126,deft,1096,reaver,butchers_cleaver,leap,3,dead,none,7,0,,0,45.00,,0,7307,39,44,0.98,0.301,0.301,105112,900.0,0.689,1,1,duelists_grace iron_vow,bolt_bone:729 Barrow Knight:625 Risen:486 Risen Shieldman:355,1 1 1 1 1 2 3 4 6 7 9 11 12 13 15 17 18 20 21 22 24 25 27 27 29 31 31 33 34 35 35 36 36 37 37 37 38 38 38 38 38 39 39 39 39,54 53 58 72 101 121 115 104 110 128 135 142 162 184 170 190 186 199 217 218 245 245 244 287 264 283 288 308 301 319 145 165 167 165 140 166 163 162 164 168 164 160 175 172 172,0.97 1 1 1 1 0.96 1 1 1 1 1 0.89 0.75 0.97 0.92 1 1 0.97 1 1 1 1 1 1 1 1 0.92 0.79 1 1 1 1 1 1 0.93 1 1 1 1 1 1 1 1 0.9 1,cleaver8 knifestorm8 axe_gyre8 rimeshard8 moonbrand4 cinderfall8 | duelists_grace1 soul_harvest1 kindling1 iron_vow1 blood_scent1 shatter1
127,deft,9015,reaver,gyre_axes,leap,3,dead,none,7,0,,1,30.48,barrow_knight,20,19474,53,59,1.94,0.000,0.000,105112,29.0,0.646,3,2,iron_vow glass_cannon,Barrow Knight:1196 bolt_bone:484 Risen:83 frost_orb:75,2 8 10 14 16 18 21 22 25 27 28 30 31 32 33 35 36 38 39 40 42 43 44 45 47 48 49 51 52 53,51 49 63 73 85 96 100 113 120 130 145 150 161 167 169 201 195 203 220 217 231 241 251 262 273 264 302 235 265 226,1 1 1 1 1 1 1 1 1 1 1 1 1 0.73 1 1 1 1 1 1 1 1 1 0.93 1 1 1 1 1 1,reavers_wheel8 great_herd8 harrowing8 plaguebloom8 tempest_coil8 razorgale8 | iron_vow1 grave_call1 dark_bargain2 pack_leader1 glass_cannon1 plague_bearer1 serration2 perennial1 expanse2 vitality1 evasion1
128,deft,16934,reaver,butchers_cleaver,warcry,3,dead,none,7,1,30.85,1,36.73,barrow_knight,24,26963,56,63,1.72,0.000,0.277,105112,51.1,0.000,3,2,glass_cannon bloodthirst,bolt_bone:2985 Barrow Knight:871 frost_orb:665 Risen:159,1 7 11 13 17 18 20 21 24 27 28 30 32 33 35 36 37 38 40 40 41 42 43 44 46 47 48 48 50 51 51 52 53 54 55 56,53 49 58 66 79 98 99 113 120 131 155 146 154 171 167 194 205 223 213 217 248 221 253 258 276 298 308 292 301 289 221 304 298 365 388 379,1 1 1 0.94 0.99 1 1 0.79 0.96 1 1 1 1 1 0.99 1 1 0.93 1 1 1 1 0.98 1 1 0.87 1 0.93 1 1 1 1 1 0.91 1 1,whirlwind8 plaguebloom8 rend_and_mend8 living_flame8 steel_flurry8 sunbreak8 | glass_cannon1 blood_scent1 plague_bearer1 consecration1 sanctify1 bloodthirst1 grave_call2 fleetfoot2 might1 perennial1 vitality3 wisdom1 recovery3
129,deft,24853,reaver,gyre_axes,warcry,3,dead,none,7,1,31.17,0,45.00,,0,19787,52,58,1.29,0.483,0.483,105112,70.2,0.000,0,2,hunters_mark hunters_mark,bolt_bone:3435 frost_orb:607 Barrow Knight:299 Risen:275,1 3 6 10 14 16 18 21 23 24 26 28 30 30 32 33 33 35 35 37 37 38 39 39 40 40 41 42 42 43 44 44 45 46 47 47 48 49 49 50 51 51 51 52 52,54 50 59 68 78 98 103 104 123 130 143 153 160 163 182 186 205 215 229 221 232 245 245 264 275 284 307 310 313 312 66 335 347 349 358 376 377 398 400 385 391 396 410 394 381,0.97 1 1 0.97 1 1 0.98 1 1 1 1 0.58 1 1 1 1 0.95 1 1 1 1 1 1 1 1 1 1 1 1 1 1 1 1 1 0.93 1 1 0.94 1 1 1 1 1 0.94 0.98,axe_gyre8 aegis_wheel8 glacier_spear8 tether_of_anguish8 circle_of_dawn8 knifestorm8 | hunters_mark2 grave_call1 sanctify1 blood_scent1 butchers_mark1 vitality4 soul_harvest1 velocity2 recovery2 haste2 searing1 might1
130,deft,32772,reaver,butchers_cleaver,leap,3,dead,none,7,0,,1,30.64,barrow_knight,20,17593,48,54,1.76,0.000,0.000,105112,38.4,0.792,3,2,stormborn glass_cannon,Barrow Knight:1169 bolt_bone:1146 Risen Shieldman:798 Risen:624,4 8 12 15 17 18 21 23 24 26 27 28 30 31 31 33 35 35 36 37 39 40 41 42 42 44 45 46 46 48,42 52 63 66 78 93 107 115 113 132 138 154 169 170 186 191 202 211 216 233 239 252 255 268 278 295 293 305 324 335,1 1 1 1 0.97 1 1 1 0.99 1 0.59 1 1 1 1 0.96 1 0.93 1 1 1 1 1 1 1 1 1 1 1 1,cleaver8 grave_tether8 thornbloom8 gale_chakram8 tempest_coil8 verdant_gaze8 | stormborn2 blood_scent1 butchers_mark1 static_charge1 grave_call1 glass_cannon1 expanse1 vitality1
131,deft,40691,reaver,gyre_axes,leap,3,dead,none,7,1,32.74,0,45.00,,0,30970,64,71,1.58,0.314,0.399,105112,164.3,0.000,1,2,arcane_overflow ember_tithe,bolt_bone:5328 frost_orb:1273 Barrow Knight:775 Risen Shieldman:300,2 4 8 9 13 15 17 18 20 22 24 25 27 28 29 32 34 36 37 38 40 41 42 43 44 45 47 48 49 51 51 52 52 53 54 56 56 57 59 59 60 61 62 63 64,56 51 57 64 78 109 96 107 126 136 135 145 155 175 183 192 200 211 219 227 236 210 260 262 217 292 292 252 276 332 65 71 285 319 289 345 401 392 393 391 414 402 379 397 404,1 1 1 0.98 1 1 0.93 1 1 0.94 1 0.43 0.96 1 0.88 1 0.97 0.92 1 1 1 1 0.93 1 1 0.56 1 1 1 1 0.96 0.88 1 1 1 1 0.91 1 1 1 0.89 1 0.88 0.88 1,gyrestorm8 glacier_spear8 wild_hunt8 hallowed_ring8 ruin_bolt8 starseeker8 | arcane_overflow2 pack_leader1 grave_call2 consecration1 ember_tithe1 dread_command1 fleetfoot3 might2 velocity3 expanse5 ferocity3 precision3
132,deft,1099,reaver,butchers_cleaver,leap,3,lamplings,none,7,1,32.42,0,45.00,,0,42258,62,69,1.53,0.266,0.266,115123,145.4,0.000,1,2,restless_hands hunters_mark,"Lampling Tunneler:4721 blast:1392 firepot:1086 Grimtunnel, Roused:299",2 8 13 16 20 22 25 27 28 30 31 33 34 35 36 38 39 40 41 42 43 44 45 46 46 47 48 49 50 51 51 51 52 53 54 54 56 56 57 58 59 59 60 61 62,51 53 63 73 77 102 97 113 115 83 113 118 130 101 119 122 131 108 155 113 124 194 169 167 201 203 138 209 168 124 38 29 252 301 185 370 202 226 269 263 407 413 367 388 431,0.97 1 1 1 1 1 1 1 1 1 1 1 1 0.99 0.93 1 1 1 1 1 1 1 0.92 1 1 1 0.96 1 1 1 1 0.86 0.96 1 1 1 1 1 1 1 1 1 0.8 1 0.91,whirlwind8 harrowing8 razorgale8 volley8 reavers_wheel8 everbloom8 | restless_hands1 blood_scent1 grave_call3 pack_leader1 butchers_mark1 hunters_mark1 fleetfoot5 thorns5 expanse4 serration4 vitality3 recovery4
133,deft,9018,reaver,gyre_axes,leap,3,lamplings,none,7,1,33.25,0,45.00,,0,42764,64,71,1.58,0.168,0.168,115123,194.8,0.000,2,2,restless_hands cinderwake,Lampling Tunneler:5740 blast:1375 firepot:1000 burning ground:388,5 10 14 18 20 23 25 26 28 30 32 33 34 36 37 38 39 40 41 42 43 44 45 46 47 48 49 50 51 52 52 53 53 54 54 55 56 57 59 59 60 61 62 63 64,46 55 66 69 65 95 77 72 97 107 89 154 136 98 94 150 147 112 181 123 217 131 133 174 188 193 158 242 132 251 36 35 40 163 239 283 357 378 405 326 372 407 349 286 394,1 0.97 1 0.92 1 1 0.98 1 0.94 1 0.9 1 1 1 1 1 1 0.99 1 1 1 0.98 0.95 1 1 0.95 1 0.92 1 1 1 0.88 1 1 0.97 1 1 1 1 1 1 1 0.85 1 1,reavers_wheel8 arrowfall8 thousand_cuts8 temple_breaker8 judgement_disc8 everbloom8 | restless_hands1 blood_scent1 butchers_mark1 grave_call1 pack_leader1 cinderwake2 dark_bargain1 expanse5 thorns4 velocity3 evasion2 serration2 recovery3
134,deft,16937,reaver,butchers_cleaver,warcry,3,lamplings,none,7,1,30.42,0,45.00,,0,46071,64,71,1.58,0.806,0.806,115123,25.0,0.000,0,3,bloodthirst momentum,blast:2597 firepot:1153 Lampling Tunneler:533 burning ground:383,4 8 11 13 17 21 24 26 27 29 31 33 34 35 36 38 38 40 41 41 43 43 45 45 46 47 48 49 50 51 52 52 53 54 55 56 57 58 58 59 60 61 62 63 64,53 51 59 70 46 98 78 82 89 89 80 123 131 146 109 110 102 91 149 101 184 93 179 163 139 130 160 144 161 117 122 205 257 140 225 353 284 190 240 305 353 257 376 374 390,1 1 1 1 0.97 1 1 1 1 0.96 1 1 1 1 1 1 1 1 1 1 1 0.95 1 1 1 1 1 1 1 1 1 1 1 1 1 1 1 1 1 1 1 1 1 1 1,whirlwind8 steel_flurry8 rend_and_mend8 skybreak8 thunder_palm8 sanctified_earth8 | bloodthirst1 blood_scent1 static_charge1 sanctify1 consecration1 momentum2 haste4 fleetfoot5 ironhide2 vitality5 precision3 searing4 grave_call1
135,deft,24856,reaver,gyre_axes,warcry,3,lamplings,none,7,1,31.84,0,45.00,,0,46094,64,71,1.58,0.525,0.671,115123,110.3,0.000,0,4,iron_vow cinderwake,blast:1259 firepot:999 Lampling Tunneler:805 burning ground:364,4 11 15 18 22 24 26 28 29 30 32 33 35 36 37 38 39 40 41 42 43 44 45 46 47 48 49 50 50 51 52 52 53 54 55 56 56 57 58 59 60 61 62 63 64,46 57 67 71 66 85 87 91 88 79 110 103 123 116 94 129 130 125 123 106 125 141 157 149 106 147 142 190 116 112 28 139 119 127 173 160 163 165 174 197 224 164 227 228 312,1 1 1 1 0.99 1 1 0.98 1 1 1 1 0.82 1 1 1 1 1 1 1 1 1 1 1 1 1 1 1 1 1 1 1 1 1 1 1 1 1 1 1 1 1 1 1 1,gyrestorm8 deepwinter8 great_herd8 hailwheel8 seeking_motes8 strangleroot8 | iron_vow2 deep_chill1 shatter1 grave_call2 cinderwake1 haste3 ferocity4 chilling3 searing4 perennial5 sanctify1 warding3
136,deft,32775,reaver,butchers_cleaver,leap,3,lamplings,none,7,1,33.55,0,45.00,,0,40430,61,68,1.51,0.760,0.760,115123,213.2,0.000,0,2,arcane_overflow iron_vow,Lampling Tunneler:3735 blast:1207 firepot:1186 burning ground:453,4 8 12 14 18 20 24 26 28 29 31 32 34 35 36 37 38 39 40 41 42 43 44 45 46 47 48 49 50 51 51 51 51 52 52 53 54 55 56 57 58 59 60 60 61,53 52 64 70 81 94 97 86 116 86 146 122 108 81 112 105 146 203 191 136 101 195 156 138 209 177 187 252 137 136 45 34 44 251 300 221 369 400 323 220 330 190 310 342 386,1 1 1 1 1 1 1 1 1 1 1 1 1 1 1 1 1 1 1 1 1 1 1 1 1 0.95 1 0.99 1 1 1 0.92 1 1 1 1 1 1 1 1 1 1 0.81 1 1,whirlwind8 gyrestorm8 tether_of_anguish8 rend_and_mend8 verdant_lance8 razorgale8 | arcane_overflow1 butchers_mark1 grave_call1 pack_leader1 blood_scent1 iron_vow1 dread_command1 vitality5 ferocity4 serration2 plague_bearer1 recovery2 fortune1 thorns1
137,deft,40694,reaver,gyre_axes,leap,3,lamplings,none,7,1,33.53,0,45.00,,0,43581,65,72,1.6,0.398,0.762,115123,211.6,0.000,0,2,bloodthirst ember_tithe,Lampling Tunneler:5217 blast:2518 firepot:1286 burning ground:373,2 9 12 17 21 24 25 27 28 30 32 33 34 36 36 38 39 41 42 43 44 45 46 47 48 49 50 51 52 53 53 54 54 54 55 56 58 58 60 61 61 62 63 64 65,53 61 58 64 59 90 92 83 81 89 105 123 107 91 124 108 146 143 139 129 139 159 174 152 123 217 175 201 126 117 33 33 23 226 241 297 264 419 234 192 306 327 390 234 247,1 1 1 1 1 1 1 1 1 1 1 1 1 1 1 1 1 1 1 1 1 1 1 1 0.97 1 1 1 1 1 1 0.97 1 1 1 1 1 1 1 1 1 1 1 1 1,gyrestorm8 sunbreak8 reaving_arc8 plaguebloom8 sunlance8 thunder_palm8 | bloodthirst1 soul_harvest1 plague_bearer1 grave_call3 ember_tithe1 perennial5 haste1 searing4 ferocity2 might4 consecration1 evasion4
138,deft,1102,reaver,butchers_cleaver,leap,3,kerchiefs,none,7,1,30.76,0,45.00,,0,39643,79,87,1.93,0.334,0.334,120128,45.8,0.000,0,4,spirit_companion hunters_mark,firepot:4068 Kerchief Footpad:3890 Kerchief Bruiser:1390 Kerchief Enforcer:1373,1 1 5 14 19 21 24 28 30 32 34 35 37 39 40 42 44 45 46 48 49 51 52 54 55 57 58 60 61 62 63 64 66 67 67 68 70 72 73 74 75 76 77 78 79,54 57 61 69 88 96 99 113 116 133 141 145 151 162 152 197 193 203 208 213 230 218 147 123 137 191 194 169 187 203 170 196 199 272 191 284 230 270 357 326 348 404 393 310 299,0.97 1 1 1 1 1 1 0.79 0.83 1 1 0.96 0.86 1 1 0.92 1 1 1 0.91 1 0.95 0.96 1 0.93 1 1 1 1 1 1 0.93 1 0.98 1 1 1 1 1 0.84 0.78 1 1 1 1,cleaver8 volley8 deepwinter8 great_herd8 thunder_palm8 rend_and_mend8 | spirit_companion3 shatter1 deep_chill1 emberseekers1 hunters_mark2 perennial5 vitality5 fortune4 haste5 expanse5 thorns5 fracture1
139,deft,9021,reaver,gyre_axes,leap,3,kerchiefs,none,7,1,30.93,1,44.24,footpad,30,38059,84,92,2.08,0.000,0.574,120128,55.9,0.000,3,2,iron_vow spirit_companion,Kerchief Footpad:2638 Kerchief Bruiser:2094 firepot:853 burning ground:370,5 14 19 22 27 29 33 35 36 39 40 41 43 45 45 46 48 49 49 51 52 54 55 58 60 61 63 63 65 67 68 68 69 71 73 74 76 77 78 79 80 81 82 83,44 48 65 72 70 91 103 101 119 120 137 163 144 155 188 199 199 213 175 227 228 189 241 146 129 246 267 210 225 251 101 231 245 265 286 299 412 392 407 405 387 404 381 325,1 1 1 1 1 1 1 1 1 1 1 1 1 0.87 1 0.99 1 0.79 1 0.83 1 1 1 1 1 1 1 1 1 1 1 1 1 1 1 1 1 1 1 1 1 0.61 1 1,reavers_wheel8 arrowfall8 great_herd8 glacier_spear8 pyre_of_faith8 judgement_disc8 | iron_vow2 dark_bargain1 deep_chill1 consecration1 grave_call1 spirit_companion1 duplicity3 wisdom4 perennial5 searing4 velocity3 shatter1 serration4 soul_harvest1
140,deft,16940,reaver,butchers_cleaver,warcry,3,kerchiefs,none,7,1,30.86,0,45.00,,0,42795,79,87,1.93,0.572,0.610,120128,51.4,0.000,0,4,restless_hands arcane_overflow,firepot:2511 Kerchief Footpad:1342 burning ground:1053 Kerchief Enforcer:199,3 8 13 16 19 22 26 28 32 34 36 38 40 43 43 46 48 48 49 49 50 51 53 55 57 58 60 62 62 62 63 64 65 67 69 69 71 73 74 75 76 78 78 78 79,50 51 62 73 85 97 99 106 103 123 132 146 140 156 190 173 193 218 188 175 224 169 176 189 170 181 225 130 195 140 170 177 174 193 191 266 343 293 341 255 371 332 369 395 371,1 1 0.99 1 0.88 0.96 0.66 0.95 1 1 1 1 1 1 1 1 1 0.93 1 1 1 1 0.9 1 1 1 1 1 1 1 1 1 1 1 1 1 1 1 0.99 1 1 1 1 1 1,whirlwind8 glacier_spear8 gyrestorm8 hailwheel8 arrowfall8 thunder_palm8 | restless_hands1 deep_chill1 dark_bargain1 blood_scent1 shatter1 emberseekers1 arcane_overflow1 ferocity4 chilling3 serration4 grave_call1 velocity3 haste5 duplicity3 fracture1
141,deft,24859,reaver,gyre_axes,warcry,3,kerchiefs,none,7,0,,1,31.74,enforcer,20,24539,67,74,2.33,0.000,0.000,120128,104.2,0.330,3,2,spirit_companion iron_vow,Kerchief Footpad:5118 Kerchief Enforcer:2566 Kerchief Bruiser:2457 firepot:1399,1 7 13 21 23 28 30 33 34 35 38 39 41 43 44 46 46 49 50 51 53 55 55 55 58 60 61 63 65 66 67,57 49 61 73 80 80 102 114 129 127 144 129 161 171 157 194 200 192 159 198 189 203 176 175 191 209 211 241 245 273 52,0.95 0.93 0.87 1 0.9 0.95 0.97 0.89 1 0.89 0.95 1 1 1 0.94 1 1 1 0.77 0.98 1 0.98 0.48 0.83 1 1 1 0.92 1 1 1,reavers_wheel8 everbloom8 razorgale8 circle_of_dawn8 moonfall8 verdant_gaze8 | spirit_companion3 grave_call1 sanctify1 consecration1 iron_vow1 thorns4 serration1 recovery4 wisdom4 dark_bargain1 greed2 evasion1
142,deft,32778,reaver,butchers_cleaver,leap,3,kerchiefs,none,7,1,30.91,1,38.97,bruiser,26,30342,71,79,2.03,0.000,0.001,120128,54.7,0.000,3,2,hunters_mark duelists_grace,Kerchief Bruiser:3718 Kerchief Footpad:3289 firepot:1626 Kerchief Enforcer:1457,1 1 10 14 18 21 24 26 27 28 32 35 36 38 39 42 43 44 45 47 48 50 51 53 54 56 56 58 58 58 59 61 62 64 65 67 68 69,55 59 60 78 82 88 104 109 119 133 136 153 152 168 156 185 174 211 229 215 215 243 257 240 172 286 240 159 194 247 112 296 250 260 340 374 380 395,0.96 1 0.93 1 0.96 0.83 1 1 0.94 1 0.52 1 0.67 0.94 0.85 1 0.62 1 0.89 1 0.91 1 0.93 1 1 0.94 0.89 0.92 0.62 0.81 1 0.98 1 0.98 0.72 1 0.92 1,bonesplitter8 razorgale8 ruin_bolt8 hallowed_ring8 great_herd8 temple_breaker8 | hunters_mark3 butchers_mark1 blood_scent1 sanctify1 duelists_grace1 grave_call1 thorns4 evasion4 perennial5 might5 duplicity3 serration4 consecration1
143,deft,40697,reaver,gyre_axes,leap,3,kerchiefs,none,7,1,30.51,0,45.00,,0,41825,81,89,1.98,0.232,0.232,120128,30.6,0.000,1,3,arcane_overflow stormborn,firepot:3301 Kerchief Enforcer:3258 Kerchief Footpad:1903 burning ground:1489,4 8 16 21 23 28 32 34 35 38 39 42 44 45 46 48 49 51 52 53 55 56 58 59 60 61 63 64 65 66 67 68 69 70 72 73 74 75 76 77 78 79 79 80 81,51 50 58 72 80 81 108 89 119 91 145 113 125 151 178 166 125 148 194 147 187 226 206 154 157 184 223 306 195 198 209 198 313 300 254 331 275 382 402 404 386 413 394 400 384,0.97 0.97 0.97 1 1 0.94 1 1 1 1 0.97 0.94 0.89 1 1 1 1 1 1 0.93 1 1 0.99 1 1 0.99 1 1 1 1 0.99 0.9 1 1 1 1 1 1 1 1 1 1 1 1 1,reavers_wheel8 pyre_of_faith8 reaving_arc8 sunbreak8 skybreak8 thousand_cuts8 | arcane_overflow2 sanctify1 consecration1 static_charge1 butchers_mark1 greed5 searing4 serration4 stormborn1 perennial5 precision5 might5 blood_scent1 kindling1
144,deft,1031,arcanist,apprentice_wand,blink,1,pack,none,1,1,30.80,1,41.22,wolf,22,39795,69,76,1.84,0.000,0.578,49318,47.9,0.000,3,2,stormborn spirit_companion,Longtooth Wolf:2635 blast:1588 Thicket Tusker:1482 Blight-Sick Wolf:982,12 15 20 23 26 28 29 32 33 34 35 38 39 40 41 43 44 45 47 48 48 50 51 52 53 55 56 57 58 59 59 60 61 62 63 64 64 66 67 68 69,35 46 56 58 56 57 71 83 75 78 93 114 102 118 142 123 110 148 133 134 180 156 131 180 152 184 141 202 157 165 201 178 216 237 279 326 324 330 325 357 345,0.97 1 1 1 1 1 1 0.89 1 0.97 1 0.99 1 0.88 0.94 0.88 1 0.73 0.94 0.71 1 1 0.88 1 1 0.94 1 1 1 1 0.77 1 1 1 1 1 0.7 1 0.59 0.56 1,seeking_motes8 thousand_cuts8 thornbloom8 plaguebloom8 razorgale8 glacier_spear8 | stormborn1 grave_call2 pack_leader1 soul_harvest1 deep_chill1 spirit_companion1 serration4 searing4 vitality5 perennial5 velocity3 plague_bearer1 might5
145,deft,8950,arcanist,ember_staff,blink,1,pack,none,1,1,30.72,0,45.00,,0,43274,72,80,1.78,0.076,0.272,49318,43.1,0.000,3,2,arcane_overflow arcane_overflow,Longtooth Wolf:4177 blast:2249 Thicket Tusker:1872 Blight-Sick Wolf:1606,9 14 20 23 25 27 28 31 32 34 35 37 38 40 41 43 44 45 46 47 49 50 51 52 53 54 56 56 57 59 59 60 61 62 63 65 66 66 68 69 70 70 71 72 72,36 52 50 52 60 73 69 71 80 74 111 97 93 120 104 98 127 112 114 110 162 92 101 136 134 147 134 197 141 127 191 143 173 281 226 264 315 233 342 286 365 367 355 364 412,1 1 1 0.98 1 1 1 1 1 0.95 1 1 0.97 1 1 1 1 1 1 1 1 1 1 1 1 1 1 1 1 1 1 1 1 1 1 1 0.85 1 1 1 1 1 1 1 0.75,living_flame8 tether_of_anguish8 sunlance8 razorgale8 arrowfall8 reavers_wheel8 | arcane_overflow3 pyre_burst1 plague_bearer1 kindling1 emberseekers1 soul_harvest1 perennial5 velocity3 recovery4 serration4 haste5 searing4 pack_leader1
146,deft,16869,arcanist,rime_rod,blink,1,pack,none,1,1,30.22,1,40.76,wolf_blighted,22,40914,73,81,1.99,0.000,0.647,49318,13.3,0.000,3,3,duelists_grace momentum,blast:2411 Longtooth Wolf:1310 Thicket Tusker:1190 Blight-Sick Wolf:351,9 15 20 23 26 28 30 32 33 35 36 38 39 41 43 44 46 47 48 49 50 51 53 54 55 56 57 59 60 61 62 63 64 65 66 67 69 69 71 72,35 43 51 50 71 78 78 84 106 72 118 114 106 138 95 160 109 123 128 116 125 142 118 111 122 139 111 145 183 106 148 147 186 202 188 219 214 310 158 344,1 1 1 1 1 0.96 1 1 1 0.91 1 0.9 0.9 0.89 1 1 0.94 0.94 1 1 1 1 1 1 1 1 1 1 1 1 1 1 1 1 0.88 0.7 1 0.74 0.63 1,glacier_spear8 ruin_bolt8 sunlance8 pyre_of_faith8 seeking_motes8 everbloom8 | duelists_grace2 consecration1 deep_chill1 sanctify1 dark_bargain2 fracture1 momentum1 searing4 velocity3 might5 thorns5 expanse5 chilling3
147,deft,24788,arcanist,apprentice_wand,time_slip,1,pack,none,1,1,30.37,0,45.00,,0,47155,75,83,1.84,0.073,0.646,49318,22.0,0.000,3,4,spirit_companion momentum,blast:3211 Longtooth Wolf:2540 Greymuzzle:1088 Thicket Tusker:1011,11 16 20 23 25 26 29 31 32 34 35 37 38 40 41 43 43 44 46 47 49 50 51 52 53 54 56 57 57 59 59 61 62 62 64 65 66 67 68 70 71 72 73 74 75,41 52 55 55 65 103 85 90 99 90 115 130 128 117 120 135 165 162 140 122 129 134 99 103 130 170 122 164 178 96 168 183 180 156 106 201 200 257 216 202 317 268 356 408 378,1 1 1 1 1 1 1 0.95 1 1 1 1 1 1 1 1 1 1 1 1 1 1 1 1 1 1 1 1 1 1 1 1 1 1 1 0.52 1 0.87 1 1 1 1 0.85 1 1,mote_cascade8 deathcoil8 living_flame8 moonfall8 ruin_bolt8 sunbreak8 | spirit_companion1 pyre_burst1 kindling1 grave_call1 dread_command1 sanctify1 momentum1 perennial5 duplicity3 greed5 might5 pack_leader1 serration4 recovery4 blood_scent1
148,deft,32707,arcanist,ember_staff,time_slip,1,pack,none,1,1,30.23,0,45.00,,0,46537,75,83,1.84,0.313,0.528,49318,13.8,0.000,1,4,glass_cannon bloodthirst,blast:2128 Longtooth Wolf:542 Thicket Tusker:222 Blight-Sick Wolf:119,11 15 19 22 24 26 28 30 31 33 35 36 37 39 40 40 42 43 44 46 47 48 50 51 52 53 54 56 56 58 59 60 61 62 63 64 66 67 68 69 70 72 73 74 75,37 44 50 60 75 82 96 83 100 92 117 143 125 116 160 184 163 149 180 99 151 181 184 201 137 158 73 172 150 158 192 162 138 134 165 140 172 199 179 143 239 223 267 237 165,1 1 1 1 1 1 1 1 0.9 1 1 1 1 0.79 0.84 1 0.91 1 1 1 1 1 1 1 1 1 1 1 1 1 1 1 1 1 1 1 1 1 1 0.48 1 1 1 1 1,fallen_star8 steel_flurry8 sunbreak8 thunder_palm8 deepwinter8 verdant_gaze8 | glass_cannon1 pyre_burst1 emberseekers1 blood_scent1 butchers_mark1 shatter1 bloodthirst1 expanse5 might5 fleetfoot5 haste5 storm_caller1 perennial5 warding3 static_charge1
149,deft,40626,arcanist,rime_rod,time_slip,1,pack,none,1,1,30.47,0,45.00,,0,46599,75,83,1.84,0.017,0.713,49318,28.0,0.000,3,3,bloodthirst stormborn,Longtooth Wolf:3069 blast:3013 Blight-Sick Wolf:1586 Thicket Tusker:1081,8 16 19 23 25 28 29 31 32 35 36 38 39 41 41 43 44 45 47 48 49 50 51 53 53 54 56 57 58 59 60 61 62 63 64 65 66 67 68 69 71 72 73 74 75,48 46 52 47 67 87 74 120 78 103 135 102 133 82 154 145 155 148 101 150 136 110 128 84 127 171 173 182 161 181 156 170 176 210 183 214 223 254 268 303 337 303 389 382 403,1 1 1 1 1 1 1 1 1 1 1 0.97 1 1 1 1 1 1 1 1 1 1 1 1 1 1 1 1 1 1 1 1 1 1 1 1 1 1 0.99 1 0.86 1 1 1 1,glacier_spear8 verdant_gaze8 ruin_bolt8 plaguebloom8 grave_tether8 living_flame8 | bloodthirst2 plague_bearer1 pyre_burst1 shatter1 deep_chill1 stormborn2 perennial5 evasion4 velocity3 fortune4 might5 fleetfoot5 grave_call1
150,deft,1034,arcanist,apprentice_wand,blink,1,dead,none,1,1,32.67,0,45.00,,0,25823,53,59,1.31,0.034,0.182,39834,160.4,0.000,3,2,iron_vow momentum,Barrow Knight:1062 bolt_bone:906 Risen Shieldman:343 Risen:186,7 10 12 13 14 18 20 21 24 25 26 27 28 30 31 32 33 34 35 36 37 38 39 40 41 42 43 44 45 46 46 47 47 47 48 49 49 50 51 51 52 52 53 53 53,35 41 50 62 62 79 82 89 97 104 115 122 140 133 143 156 166 167 171 173 197 204 208 210 220 230 233 261 265 276 62 87 281 293 291 303 317 324 332 335 337 356 352 365 374,1 1 1 1 1 1 1 1 1 1 1 1 1 1 1 1 1 1 1 1 0.8 1 1 1 1 1 1 1 1 1 1 1 1 1 1 1 1 1 1 1 1 1 1 1 1,starseeker8 tether_of_anguish8 soul_siphon8 verdant_gaze8 living_flame8 gyrestorm8 | iron_vow2 grave_call1 pyre_burst1 kindling1 momentum1 pack_leader1 ironhide2 evasion4 recovery2 precision1 perennial1 ferocity1
151,deft,8953,arcanist,ember_staff,blink,1,dead,none,1,1,30.79,0,45.00,,0,35803,60,67,1.49,0.185,0.817,39834,47.5,0.000,1,3,arcane_overflow restless_hands,bolt_bone:2114 frost_orb:528 Barrow Knight:102 Risen Shieldman:68,6 9 12 14 16 18 20 22 24 25 27 28 29 30 31 33 34 35 36 37 38 39 40 41 42 43 44 46 47 48 48 49 50 51 52 53 54 55 56 56 57 58 59 59 60,40 46 52 60 67 96 81 87 97 107 115 117 135 143 146 154 160 176 176 165 196 197 204 224 231 234 250 207 199 200 244 239 279 263 282 309 275 305 348 344 359 371 357 383 380,1 1 1 1 1 1 0.98 1 1 1 1 0.94 1 1 1 1 1 1 1 1 1 1 1 1 1 1 1 1 1 1 0.92 1 1 1 1 1 1 1 1 1 0.92 0.85 1 1 1,living_flame8 thousand_cuts8 razorgale8 deepwinter8 tether_of_anguish8 soul_siphon8 | arcane_overflow1 butchers_mark1 emberseekers1 kindling1 pyre_burst1 restless_hands1 recovery4 blood_scent1 perennial5 haste4 ironhide3 serration4 velocity3 soul_harvest1
152,deft,16872,arcanist,rime_rod,blink,1,dead,none,1,1,31.34,0,45.00,,0,31945,64,71,1.58,0.323,0.708,39834,80.6,0.000,1,2,ember_tithe spirit_companion,bolt_bone:3234 frost_orb:713 Barrow Knight:296 Risen:242,7 10 14 17 19 21 23 25 26 28 29 31 32 33 34 35 37 38 39 40 41 42 43 44 45 46 47 48 50 51 51 52 53 54 55 56 57 58 59 60 60 62 62 63 64,35 43 61 59 70 81 92 91 98 98 123 126 135 137 144 152 163 158 183 190 190 198 223 204 221 242 250 211 263 268 60 281 252 297 310 307 332 310 337 371 359 297 367 358 294,1 1 1 1 1 0.98 1 1 1 1 1 1 1 0.99 1 0.74 0.95 0.82 1 1 1 0.93 1 1 1 1 1 1 1 1 0.94 1 1 1 1 0.92 1 0.89 0.83 1 1 0.88 1 0.88 1,glacier_spear8 seeking_motes8 verdant_gaze8 moonfall8 strangleroot8 rend_and_mend8 | ember_tithe2 shatter1 deep_chill1 plague_bearer1 spirit_companion2 grave_call1 vitality5 chilling3 thorns3 velocity3 expanse2 greed4
153,deft,24791,arcanist,apprentice_wand,time_slip,1,dead,none,1,1,32.34,0,45.00,,0,24376,60,67,1.49,0.019,0.019,39834,140.3,0.000,2,3,hunters_mark ember_tithe,bolt_bone:3695 frost_orb:1130 Barrow Knight:351 Risen:110,6 10 12 14 16 18 19 21 22 24 24 26 27 28 29 31 31 33 34 34 35 36 37 38 38 39 40 41 41 42 43 44 45 46 48 49 50 51 53 54 55 56 58 59 60,46 48 47 66 68 74 84 95 95 106 121 116 130 135 160 162 166 177 179 183 185 200 208 248 221 227 252 258 254 261 77 75 292 298 298 355 326 321 318 322 325 353 348 368 376,1 1 1 1 1 1 1 1 1 1 1 1 1 1 1 1 1 0.81 1 1 1 1 1 1 0.8 1 1 1 0.92 1 1 1 1 1 1 1 1 1 1 1 1 1 1 0.86 0.96,seeking_motes8 harrowing8 gyrestorm8 deepwinter8 sunlance8 umbral_bolt8 | hunters_mark3 fracture1 dark_bargain1 shatter1 ember_tithe1 searing3 sanctify1 expanse5 ironhide5 ferocity2 haste4 greed4
154,deft,32710,arcanist,ember_staff,time_slip,1,dead,none,1,1,31.29,1,37.49,barrow_knight,19,23205,51,57,1.52,0.000,0.250,39834,77.6,0.000,3,2,stormborn bloodthirst,bolt_bone:1695 Barrow Knight:1098 frost_orb:788 Risen Shieldman:175,5 9 10 14 16 18 19 21 22 24 26 26 28 29 31 32 33 34 35 35 37 38 38 39 40 41 42 43 44 45 46 47 48 48 49 50 51,43 36 55 58 77 80 81 96 96 107 117 132 130 141 148 163 181 168 172 193 201 231 206 221 241 232 233 217 247 263 58 274 320 313 297 287 317,1 1 1 1 0.98 1 0.96 1 1 1 1 1 1 0.94 0.92 1 1 1 1 1 1 1 1 0.94 1 1 1 0.93 1 1 0.57 0.96 1 1 0.88 1 1,fallen_star8 gale_chakram8 verdant_gaze8 tempest_coil8 iron_palms8 rend_and_mend8 | stormborn2 kindling1 static_charge1 pyre_burst1 bloodthirst1 storm_caller1 vitality4 expanse2 warding1 greed1 velocity1 recovery1
155,deft,40629,arcanist,rime_rod,time_slip,1,dead,none,1,1,31.36,0,45.00,,0,24474,54,61,1.36,0.265,0.358,39834,81.7,0.000,1,2,duelists_grace duelists_grace,bolt_bone:2404 frost_orb:1036 Risen Shieldman:73 Barrow Knight:70,5 8 9 11 15 17 19 21 23 24 25 27 28 29 30 31 32 33 34 35 35 37 37 38 39 40 41 42 43 44 45 45 46 47 48 49 50 50 51 52 52 53 53 53 54,41 41 53 56 69 74 86 96 103 106 139 125 136 153 145 157 162 169 174 187 203 199 209 207 238 228 229 243 263 274 69 291 297 295 305 312 307 337 323 333 365 353 362 364 380,1 1 1 0.97 0.97 1 0.97 0.94 1 0.98 1 1 1 1 1 1 1 1 1 1 1 1 1 0.5 1 1 0.91 1 1 0.9 1 0.77 1 1 1 1 1 0.83 1 0.38 0.8 0.81 1 1 1,glacier_spear8 living_flame8 hailwheel8 seeking_motes8 thousand_cuts8 arrowfall8 | duelists_grace2 deep_chill1 kindling1 fracture1 blood_scent1 dark_bargain1 perennial1 chilling2 ironhide4 serration1 velocity2 warding2 shatter1
156,deft,1037,arcanist,apprentice_wand,blink,1,lamplings,none,1,1,31.63,0,45.00,,0,40182,58,65,1.44,0.240,0.613,43628,97.7,0.000,2,2,duelists_grace duelists_grace,Lampling Tunneler:7733 firepot:1597 blast:985 burning ground:432,6 12 14 17 19 21 24 25 27 28 30 31 32 33 35 35 37 37 38 39 40 41 42 43 43 44 45 46 47 48 48 49 50 50 51 52 53 53 54 54 55 56 56 57 58,34 43 53 58 64 79 91 92 77 78 111 113 111 111 94 152 135 118 166 137 151 184 171 151 150 213 169 250 215 150 33 241 182 281 218 309 316 323 356 341 342 318 354 365 384,1 1 1 1 1 1 1 0.92 1 0.95 1 1 0.92 1 1 1 1 1 0.92 1 1 1 1 0.95 1 1 0.99 0.72 1 1 1 1 0.7 0.82 1 1 1 1 0.81 0.8 1 1 1 1 0.93,mote_cascade8 living_flame8 thousand_cuts8 hailwheel8 rimeshard8 tether_of_anguish8 | duelists_grace2 emberseekers1 grave_call3 kindling1 chilling2 serration2 recovery3 perennial1 butchers_mark1 duplicity1 velocity1
157,deft,8956,arcanist,ember_staff,blink,1,lamplings,none,1,1,30.36,0,45.00,,0,46512,65,72,1.6,0.326,0.326,43628,21.9,0.000,1,3,ember_tithe spirit_companion,Lampling Tunneler:4297 firepot:1676 blast:1548 burning ground:291,10 14 17 19 22 24 26 28 29 31 32 33 35 36 37 38 39 40 41 42 43 44 45 46 47 48 49 49 50 51 52 53 53 55 56 57 58 59 60 61 62 63 63 64 65,38 48 52 53 62 81 77 62 91 76 115 96 94 75 102 124 106 103 128 128 144 150 117 125 131 125 146 126 174 116 160 147 193 241 179 165 197 250 225 324 333 257 379 242 188,1 1 1 1 1 1 1 1 0.92 1 1 1 1 0.97 1 1 1 0.79 1 1 1 1 1 0.85 0.9 1 0.78 1 1 1 1 1 1 0.74 0.96 1 0.87 1 1 1 1 0.91 1 1 1,living_flame8 grave_tether8 predators_volley8 reavers_wheel8 verdant_lance8 skybreak8 | ember_tithe2 emberseekers1 pyre_burst1 plague_bearer1 static_charge1 spirit_companion2 haste5 precision5 serration4 velocity3 perennial5 ironhide5
158,deft,16875,arcanist,rime_rod,blink,1,lamplings,none,1,1,30.35,0,45.00,,0,47961,62,69,1.53,0.412,0.537,43628,21.2,0.000,0,4,cinderwake duelists_grace,blast:2273 firepot:1429 Lampling Tunneler:1182 burning ground:306,7 12 14 17 19 21 23 25 27 28 30 31 32 33 34 35 36 38 38 39 40 41 42 43 44 45 46 47 48 48 49 50 51 52 52 53 54 55 56 57 58 59 60 61 62,39 43 57 55 65 85 84 89 69 91 106 69 90 93 87 109 132 157 111 129 159 129 142 153 139 194 144 136 114 134 143 158 148 163 148 204 194 152 160 179 200 270 194 214 207,1 1 1 1 1 0.99 1 1 0.94 1 1 0.86 1 1 1 1 0.88 1 1 1 0.96 1 1 1 1 1 1 1 1 1 1 1 1 1 1 1 1 1 1 1 1 1 1 1 1,deepwinter8 living_flame8 soul_siphon8 verdant_gaze8 deathcoil8 aegis_wheel8 | cinderwake1 fracture1 pyre_burst1 deep_chill1 emberseekers1 duelists_grace1 kindling1 haste4 duplicity2 recovery4 perennial4 vitality5 expanse1 shatter1
159,deft,24794,arcanist,apprentice_wand,time_slip,1,lamplings,none,1,1,31.22,0,45.00,,0,44452,59,66,1.47,0.112,0.467,43628,73.2,0.000,3,3,momentum restless_hands,Lampling Tunneler:2415 blast:2161 firepot:543 Lampling Sapper:235,8 12 15 17 19 22 24 25 27 28 30 31 32 33 34 35 36 37 38 39 40 41 42 43 43 44 45 46 47 48 48 49 50 50 51 52 53 54 54 56 56 57 58 59 59,40 46 60 60 57 89 85 87 91 69 123 106 75 110 127 123 120 130 117 149 199 202 188 208 118 221 198 241 208 196 39 182 232 233 278 311 285 339 294 358 359 377 371 321 384,1 1 1 1 1 1 1 1 1 0.95 1 0.92 1 1 1 1 1 1 1 1 1 1 0.9 1 0.9 0.99 1 1 0.97 0.99 0.87 1 1 0.84 0.81 1 0.58 1 1 0.7 1 1 1 1 1,seeking_motes8 gyrestorm8 everbloom8 fallen_star8 hailwheel8 moonfall8 | momentum2 kindling1 pyre_burst1 soul_harvest1 restless_hands2 ferocity3 thorns3 chilling2 expanse2 perennial5 pack_leader1 serration2
160,deft,32713,arcanist,ember_staff,time_slip,1,lamplings,none,1,1,31.37,0,45.00,,0,44785,65,72,1.6,0.296,0.296,43628,82.1,0.000,1,4,duelists_grace ember_tithe,Lampling Tunneler:2399 blast:1803 firepot:1157 burning ground:264,6 10 14 16 18 21 23 24 26 28 29 30 31 32 33 35 36 37 39 40 41 42 43 44 45 46 47 48 49 50 50 50 51 52 54 55 56 57 58 59 60 61 62 63 65,41 45 54 60 73 76 84 95 87 100 87 118 138 144 107 95 110 145 158 115 183 181 193 177 188 200 185 232 211 148 41 223 281 311 161 195 180 149 189 252 250 360 315 239 221,1 1 1 1 1 1 0.91 0.91 1 1 0.91 1 1 1 0.89 1 0.94 0.93 1 1 0.9 1 1 1 1 1 1 1 1 1 0.76 1 1 1 1 1 1 1 1 1 1 1 0.82 1 1,fallen_star8 sunbreak8 razorgale8 glacier_spear8 seeking_motes8 verdant_gaze8 | duelists_grace1 emberseekers1 consecration1 shatter1 fracture1 ember_tithe2 plague_bearer1 ironhide5 fleetfoot5 serration4 expanse4 velocity3 might4
161,deft,40632,arcanist,rime_rod,time_slip,1,lamplings,none,1,1,32.64,1,42.09,lampling,22,31246,53,59,1.4,0.000,0.561,43628,158.1,0.000,3,2,restless_hands iron_vow,Lampling Tunneler:1881 blast:1019 firepot:470 Lampling Sapper:133,7 11 14 17 19 21 22 24 26 27 28 29 30 32 32 33 35 36 36 37 38 39 40 41 42 43 43 44 45 46 46 46 47 48 48 49 50 50 51 52 52 53,36 46 52 55 70 86 87 92 92 103 118 130 137 137 124 143 186 177 191 167 207 199 184 216 237 191 255 229 266 254 45 44 304 290 259 327 305 376 367 340 343 379,1 1 1 1 1 1 1 1 1 0.83 1 1 1 1 1 1 1 1 1 1 1 1 1 1 1 0.85 1 0.89 1 1 0.96 0.8 0.72 0.8 1 0.88 1 0.81 0.77 1 1 0.21,glacier_spear8 iron_palms8 knifestorm8 verdant_gaze8 skybreak8 great_herd8 | restless_hands1 butchers_mark1 grave_call1 deep_chill1 blood_scent1 iron_vow1 pack_leader1 velocity1 precision2 perennial3 expanse2 duplicity1
162,deft,1040,arcanist,apprentice_wand,blink,1,kerchiefs,none,1,1,30.60,1,40.96,enforcer,23,38790,77,85,2.07,0.000,0.654,45524,36.0,0.000,2,3,momentum hunters_mark,Kerchief Footpad:1618 firepot:1279 Kerchief Bruiser:663 burning ground:424,10 15 20 23 25 27 30 32 34 35 36 37 38 39 41 42 44 45 47 49 50 51 53 54 55 57 58 60 61 62 63 64 66 67 69 70 72 73 75 76,35 47 51 59 68 73 87 97 94 107 122 118 132 135 148 163 160 151 185 123 184 198 134 120 99 194 162 145 151 182 249 210 209 218 199 256 229 229 186 264,1 1 1 1 1 1 0.94 1 1 1 0.91 0.88 0.84 1 0.98 1 1 1 1 1 1 1 1 0.94 1 1 1 1 1 1 1 1 1 1 1 1 1 1 1 0.98,seeking_motes8 tether_of_anguish8 glacier_spear8 tempest_coil8 moonfall8 sunbreak8 | momentum2 grave_call2 deep_chill1 shatter1 hunters_mark1 wisdom4 expanse5 velocity3 might5 pack_leader1 perennial5 fortune4 emberseekers1
163,deft,8959,arcanist,ember_staff,blink,1,kerchiefs,none,1,1,30.33,1,43.07,bruiser,23,35615,72,80,1.86,0.000,0.575,45524,20.0,0.000,3,3,arcane_overflow iron_vow,Kerchief Bruiser:1323 firepot:724 Kerchief Enforcer:690 Kerchief Footpad:538,9 14 19 22 24 27 30 32 34 36 38 39 41 42 44 45 47 48 49 50 51 52 54 55 56 57 59 60 61 62 63 64 65 66 67 67 68 69 70 70 71 71 72,34 43 48 65 45 78 67 85 77 76 123 119 117 135 102 143 165 164 158 175 146 200 167 181 155 222 174 226 267 160 281 285 250 303 293 309 311 331 333 338 343 344 383,1 1 1 1 1 1 0.96 1 1 1 0.99 1 1 1 1 1 1 1 1 1 1 1 1 1 1 1 1 1 1 1 1 1 1 1 1 1 0.99 1 0.99 1 1 1 1,living_flame8 moonbrand8 thunder_palm8 steel_flurry8 aegis_wheel8 pyre_of_faith8 | arcane_overflow1 kindling1 blood_scent1 consecration1 sanctify1 emberseekers1 iron_vow1 fleetfoot5 haste5 searing4 chilling3 perennial5 shatter1 vitality5 deep_chill1
164,deft,16878,arcanist,rime_rod,blink,1,kerchiefs,none,1,1,30.54,0,45.00,,0,40879,77,85,1.89,0.532,0.532,45524,32.3,0.000,0,3,stormborn stormborn,Kerchief Bruiser:640 Kerchief Footpad:578 firepot:399 Kerchief Enforcer:299,10 16 19 22 24 27 28 31 32 33 34 36 37 39 40 42 43 45 46 48 49 49 51 52 54 55 56 57 59 60 60 62 63 64 65 66 68 69 71 72 73 74 75 76 77,40 45 48 61 75 74 85 93 103 99 112 121 132 179 151 144 174 162 137 150 186 184 208 220 177 215 159 185 231 240 185 275 241 209 248 262 315 269 303 287 314 371 370 358 380,1 1 1 1 1 0.88 1 1 1 1 1 1 1 1 1 1 1 1 1 1 1 1 1 1 1 1 1 1 1 1 1 1 1 1 1 1 1 1 1 1 1 1 1 1 1,deepwinter8 circle_of_dawn8 tether_of_anguish8 moonfall8 thunder_palm8 mote_cascade8 | stormborn2 consecration1 grave_call3 soul_harvest1 deep_chill1 vitality5 expanse5 recovery4 haste5 fleetfoot5 duplicity3 static_charge1
165,deft,24797,arcanist,apprentice_wand,time_slip,1,kerchiefs,none,1,0,,1,31.18,enforcer,14,14760,53,59,1.89,0.000,0.000,45524,71.0,0.657,1,2,restless_hands restless_hands,Kerchief Footpad:1141 Kerchief Enforcer:366 Kerchief Bruiser:345 firepot:196,9 14 16 21 24 26 28 29 30 32 34 35 35 37 38 39 40 41 42 43 44 45 46 47 48 48 50 50 51 51 52,36 45 55 66 68 74 83 99 103 117 126 133 152 139 141 162 155 167 176 179 193 200 243 218 228 242 244 247 260 260 77,1 1 1 1 1 1 1 1 1 1 1 1 1 1 1 1 1 0.9 1 1 1 1 1 1 1 0.84 1 1 1 1 1,seeking_motes8 spirit_herd8 tether_of_anguish8 tempest_coil8 circle_of_dawn8 knifestorm8 | restless_hands2 pack_leader1 soul_harvest1 static_charge1 grave_call1 blood_scent1 searing3 vitality1 recovery1 expanse1 evasion1
166,deft,32716,arcanist,ember_staff,time_slip,1,kerchiefs,none,1,1,31.06,1,42.29,enforcer,23,34607,76,84,1.99,0.000,0.484,45524,63.3,0.000,3,2,ember_tithe bloodthirst,Kerchief Footpad:4329 Kerchief Bruiser:2515 Kerchief Enforcer:807 firepot:666,12 17 21 24 27 29 32 33 36 37 39 40 41 43 44 46 47 49 50 51 52 54 56 57 58 59 61 62 63 64 65 66 67 69 69 70 72 73 73 74 75 76,40 48 54 61 58 73 89 97 78 105 105 115 115 123 184 150 160 160 182 196 193 201 168 204 160 228 221 193 207 249 57 286 287 236 341 367 306 322 324 338 356 349,1 1 1 1 1 1 0.99 1 1 1 1 1 1 1 1 1 1 1 1 1 1 1 1 1 1 1 1 1 1 0.92 1 1 1 1 1 1 1 1 1 1 0.71 1,living_flame8 seeking_motes8 rend_and_mend8 everbloom8 iron_palms8 sunlance8 | ember_tithe1 pyre_burst1 emberseekers1 plague_bearer1 kindling1 soul_harvest1 bloodthirst2 vitality5 thorns5 searing4 perennial5 velocity3 greed5 sanctify1
167,deft,40635,arcanist,rime_rod,time_slip,1,kerchiefs,none,1,1,30.36,1,41.64,enforcer,23,38679,75,83,1.99,0.000,0.323,45524,21.8,0.000,3,3,hunters_mark momentum,firepot:2545 burning ground:961 Kerchief Footpad:450 Kerchief Enforcer:324,9 14 18 21 24 26 29 31 32 33 36 37 38 40 41 43 44 46 47 48 50 50 52 54 55 56 58 59 60 61 62 63 65 66 67 68 70 70 71 73 74,38 43 55 74 76 75 79 85 98 115 120 123 151 131 167 148 164 167 160 182 206 201 197 184 175 195 180 245 138 140 231 202 231 256 207 288 276 274 350 381 303,1 1 1 1 1 1 1 1 1 1 0.89 0.87 1 0.78 1 1 1 1 1 1 0.8 1 1 1 1 1 1 1 1 1 1 1 1 0.74 0.89 1 1 1 0.74 0.94 1,deepwinter8 circle_of_dawn8 sunlance8 thunder_palm8 thornbloom8 living_flame8 | hunters_mark1 sanctify1 shatter1 consecration1 grave_call2 dread_command1 momentum1 perennial5 searing4 recovery4 haste5 ferocity4 fortune4 kindling1
168,deft,1062,arcanist,apprentice_wand,blink,2,pack,none,4,0,,1,30.57,wolf_alpha,17,26163,63,70,2.29,0.000,0.000,83410,34.0,0.217,3,2,iron_vow duelists_grace,blast:911 Greymuzzle:601 Thicket Tusker:493 Longtooth Wolf:433,9 18 22 25 29 31 33 35 37 38 39 40 41 43 44 46 47 48 50 51 52 54 55 56 57 59 60 61 62 63,48 50 56 53 50 91 94 76 94 107 127 145 103 128 126 173 165 135 133 167 150 130 117 115 135 152 144 132 138 166,1 1 1 1 1 0.94 1 1 1 1 0.64 1 1 0.93 1 0.93 1 1 1 1 1 0.96 1 1 1 1 1 1 1 1,seeking_motes8 tempest_coil8 moonfall8 living_flame8 circle_of_dawn8 soul_siphon8 | iron_vow1 pyre_burst1 sanctify1 static_charge1 soul_harvest1 consecration1 duelists_grace1 perennial3 recovery4 might2 expanse1 storm_caller1 fleetfoot4 searing2
169,deft,8981,arcanist,ember_staff,blink,2,pack,none,4,1,30.26,1,42.62,wolf,27,44303,80,88,2.06,0.000,0.422,83410,15.7,0.000,3,3,iron_vow cinderwake,blast:1954 Longtooth Wolf:1218 Thicket Tusker:995 Blight-Sick Wolf:561,7 17 21 24 27 29 32 34 36 37 39 41 42 44 45 47 48 49 51 53 54 55 57 57 59 60 62 63 64 65 66 67 68 70 71 72 73 74 76 77 78 80,34 45 47 56 69 75 88 75 96 92 136 101 123 102 141 124 183 111 103 94 103 113 95 104 86 99 113 103 100 109 99 108 125 103 153 189 171 177 192 227 377 323,1 1 1 1 1 1 1 1 1 1 0.44 1 1 1 1 0.87 1 1 1 1 1 1 1 1 0.97 1 1 1 1 1 1 1 1 1 1 1 1 1 0.84 1 1 1,fallen_star8 rimeshard8 moonfall8 sunbreak8 ruin_bolt8 mote_cascade8 | iron_vow1 emberseekers1 sanctify1 deep_chill1 pyre_burst1 dark_bargain1 cinderwake1 expanse5 warding3 might5 grave_call1 duplicity3 precision5 greed5 pack_leader1
170,deft,16900,arcanist,rime_rod,blink,2,pack,none,4,1,31.42,1,42.92,boar,27,40782,76,84,1.96,0.000,0.588,83410,85.1,0.000,3,2,stormborn hunters_mark,Longtooth Wolf:2912 blast:1651 Thicket Tusker:1393 Blight-Sick Wolf:1053,8 17 21 26 29 31 32 35 37 38 40 41 43 44 46 47 48 50 51 51 53 54 56 57 58 59 60 61 62 64 64 65 66 67 68 69 70 71 73 74 74 75,39 54 61 57 62 71 92 85 60 102 90 97 112 101 92 119 96 102 95 118 108 107 133 132 127 136 167 101 135 165 46 167 211 174 325 245 305 261 358 292 423 391,0.92 1 1 1 1 1 1 0.94 1 1 0.9 1 1 0.94 1 1 1 0.86 1 0.86 0.68 1 1 1 0.92 1 1 1 1 1 1 1 1 1 1 0.84 1 1 0.52 1 1 1,rimeshard8 dawnpulse8 plaguebloom8 pyre_of_faith8 moonfall8 everbloom8 | stormborn1 deep_chill1 consecration1 sanctify1 storm_caller1 shatter1 hunters_mark1 warding3 thorns5 greed5 fleetfoot5 soul_harvest1 perennial5 searing4 grave_call1
171,deft,24819,arcanist,apprentice_wand,time_slip,2,pack,none,4,1,30.91,0,45.00,,0,41683,84,92,2.04,0.682,0.682,83410,54.3,0.000,0,3,bloodthirst iron_vow,Longtooth Wolf:2854 Thicket Tusker:2017 blast:1751 Blight-Sick Wolf:1220,4 12 19 23 25 28 31 33 35 36 38 39 41 41 42 44 45 47 48 50 51 53 54 56 58 59 61 62 64 65 66 67 69 70 72 73 75 76 78 79 80 81 83 83 84,48 50 55 66 70 85 101 111 98 117 141 110 165 152 171 133 187 141 189 137 188 218 158 188 184 195 169 213 194 156 132 232 143 167 273 242 255 235 244 414 307 400 262 408 416,1 1 1 1 1 1 1 1 1 1 0.98 0.93 1 1 1 1 1 1 1 1 0.89 1 1 1 1 1 1 1 1 1 1 1 1 1 1 1 1 1 1 1 0.9 1 1 1 1,seeking_motes8 moonfall8 sanctified_earth8 tether_of_anguish8 reavers_wheel8 rimeshard8 | bloodthirst1 dark_bargain1 grave_call1 consecration1 shatter1 sanctify1 iron_vow1 greed5 wisdom4 serration4 ironhide5 expanse5 dread_command1 might5 soul_harvest1
172,deft,32738,arcanist,ember_staff,time_slip,2,pack,none,4,1,30.42,1,42.84,wolf_alpha,26,42970,80,88,2.05,0.000,0.280,83410,25.1,0.000,3,3,hunters_mark duelists_grace,Longtooth Wolf:1833 blast:1271 Greymuzzle:922 Thicket Tusker:821,10 17 23 25 29 31 33 35 37 38 39 41 43 44 45 47 48 49 51 52 53 55 55 57 58 59 61 62 63 64 65 66 67 68 70 71 73 74 75 76 78 79,56 55 49 49 65 72 93 88 93 104 121 96 138 146 78 86 67 103 126 67 84 70 89 88 101 72 84 102 127 175 122 173 140 146 238 242 339 374 422 401 405 402,1 0.98 1 1 1 1 1 1 1 1 1 1 1 1 0.94 1 1 1 1 1 1 1 1 1 1 1 1 1 1 1 1 1 1 1 0.94 0.91 1 0.8 0.8 0.69 1 0.88,living_flame8 ruin_bolt8 thornbloom8 axe_gyre8 sunbreak8 starseeker8 | hunters_mark3 pyre_burst1 consecration1 emberseekers1 duelists_grace1 might5 ironhide5 perennial5 precision5 warding3 grave_call2 wisdom4
173,deft,40657,arcanist,rime_rod,time_slip,2,pack,none,4,1,30.80,0,45.00,,0,42727,84,92,2.04,0.264,0.589,83410,48.0,0.000,1,4,duelists_grace iron_vow,Longtooth Wolf:2267 blast:1448 Thicket Tusker:1099 Blight-Sick Wolf:449,5 13 18 22 24 25 26 29 31 32 33 35 36 37 38 39 41 43 43 46 48 50 51 53 54 56 58 59 61 63 63 64 66 68 70 71 73 74 76 77 79 81 82 83 84,46 46 63 67 77 86 90 97 115 118 132 134 163 156 161 172 157 178 154 154 175 141 83 148 93 131 114 176 139 126 203 120 189 171 109 222 186 198 225 293 244 327 223 183 364,0.97 0.97 0.66 1 1 1 1 1 1 0.92 0.91 1 1 0.91 1 1 1 1 1 1 1 1 1 1 1 0.99 1 1 1 1 1 1 1 1 1 1 1 1 1 1 1 1 0.88 1 0.79,deepwinter8 verdant_gaze8 tether_of_anguish8 gale_chakram8 moonfall8 ruin_bolt8 | duelists_grace1 deep_chill1 grave_call3 iron_vow1 shatter1 haste5 evasion4 wisdom4 might5 ferocity4 expanse5 dark_bargain1 pack_leader1
174,deft,1065,arcanist,apprentice_wand,blink,2,dead,none,4,0,,1,30.56,barrow_knight,17,18218,52,58,1.9,0.000,0.000,67370,33.5,0.189,3,2,cinderwake ember_tithe,bolt_bone:1276 Barrow Knight:1148 Risen Shieldman:358 frost_orb:212,5 10 13 16 18 19 20 23 25 26 27 30 31 33 34 35 37 38 39 41 42 43 44 45 46 47 48 49 50 51,40 47 57 63 75 85 95 99 108 118 125 136 136 164 153 172 175 192 172 190 222 238 231 227 254 240 233 288 279 286,1 1 1 0.91 1 0.89 0.72 1 0.91 0.88 0.52 0.83 0.88 1 1 1 1 1 1 1 1 1 1 1 1 1 1 0.87 1 1,starseeker8 moonbrand8 umbral_bolt8 skybreak8 living_flame8 thousand_cuts8 | cinderwake1 soul_harvest1 grave_call2 blood_scent1 storm_caller1 ember_tithe1 serration1 perennial1 velocity1 precision1
175,deft,8984,arcanist,ember_staff,blink,2,dead,none,4,0,,1,30.92,barrow_knight,17,23023,55,62,2.01,0.000,0.000,67370,55.3,0.195,3,2,iron_vow ember_tithe,bolt_bone:729 Barrow Knight:626 frost_orb:132 Risen:15,7 11 11 17 19 23 23 25 26 29 30 32 34 35 36 38 39 41 42 43 44 46 47 48 49 50 52 52 54 55,42 48 52 62 66 85 77 105 111 102 131 126 140 147 167 161 184 184 204 195 230 214 206 222 255 240 270 229 236 266,1 1 1 1 1 1 1 1 1 1 1 1 1 1 1 1 1 1 1 1 1 1 1 1 1 1 1 1 1 1,living_flame8 skybreak8 iron_palms8 lunar_brand8 soul_siphon8 plaguebloom8 | iron_vow1 emberseekers1 storm_caller1 plague_bearer1 grave_call2 ember_tithe1 pack_leader1 perennial1 precision1 fortune1 recovery3 expanse1
176,deft,16903,arcanist,rime_rod,blink,2,dead,none,4,1,31.40,0,45.00,,0,38093,69,76,1.69,0.422,0.574,67370,84.2,0.000,0,2,ember_tithe stormborn,bolt_bone:3222 frost_orb:563 Barrow Knight:254 Risen Shieldman:63,6 11 14 17 19 22 23 26 27 29 30 32 34 35 36 38 39 40 41 43 44 45 46 47 49 50 51 52 53 54 55 55 57 58 59 60 61 62 63 64 65 66 67 68 69,40 46 57 66 73 83 86 94 112 122 132 141 147 177 155 176 172 181 202 209 213 215 226 221 260 237 247 254 271 228 56 278 287 247 249 361 320 363 353 375 359 386 398 402 399,1 1 1 0.97 1 1 1 0.94 1 1 1 1 1 1 1 0.9 1 1 1 1 1 0.92 0.82 1 1 1 1 1 1 1 0.93 1 1 1 0.88 1 1 1 1 1 1 1 1 0.87 1,deepwinter8 thousand_cuts8 moonbrand8 everbloom8 thunder_palm8 reavers_wheel8 | ember_tithe1 shatter1 deep_chill1 grave_call2 stormborn2 butchers_mark1 ironhide5 thorns5 haste5 serration4 chilling3 searing4
177,deft,24822,arcanist,apprentice_wand,time_slip,2,dead,none,4,0,,1,21.70,barrow_knight,13,7294,38,43,1.98,0.000,0.000,0,0.0,,2,1,bloodthirst glass_cannon,bolt_bone:809 Barrow Knight:459 Risen Shieldman:280 frost_orb:171,6 10 13 15 17 19 21 22 23 25 26 28 29 30 31 32 34 34 35 36 37,44 54 57 71 73 85 95 93 111 120 122 140 141 157 162 179 185 208 214 225 223,1 1 1 1 1 1 1 1 1 1 1 1 1 1 1 1 0.87 1 1 1 1,seeking_motes7 grave_tether5 knifestorm8 hallowed_ring5 umbral_bolt8 gale_chakram7 | bloodthirst1 grave_call2 dark_bargain1 blood_scent1 glass_cannon1
178,deft,32741,arcanist,ember_staff,time_slip,2,dead,none,4,1,32.31,1,43.71,barrow_knight,27,18857,52,58,1.33,0.000,0.134,67370,138.4,0.000,3,2,cinderwake cinderwake,bolt_bone:1575 Barrow Knight:1172 Risen:756 Risen Shieldman:650,8 9 14 16 19 21 23 24 26 27 29 31 32 33 34 35 36 38 38 39 40 40 41 41 43 43 45 45 46 47 47 48 48 49 49 50 50 51 51 51 52 52 52,56 51 56 73 71 87 91 103 115 114 129 131 156 153 162 183 176 187 200 205 211 227 232 261 256 253 263 269 282 283 82 98 321 344 328 341 356 358 367 374 423 391 405,1 1 1 1 1 1 1 1 0.98 1 1 0.94 1 1 1 1 1 1 1 1 0.94 1 1 0.98 1 1 1 0.92 1 1 1 1 1 1 1 1 1 0.95 1 1 1 1 1,cinderfall8 arcweb8 soul_siphon8 arrowfall8 gale_chakram8 tether_of_anguish8 | cinderwake2 emberseekers1 pyre_burst1 dark_bargain1 static_charge1 grave_call1 wisdom1 recovery2 velocity3
179,deft,40660,arcanist,rime_rod,time_slip,2,dead,none,4,0,,1,43.92,risen,28,9040,41,47,1.07,0.000,0.000,67370,835.3,0.627,3,1,arcane_overflow arcane_overflow,bolt_bone:1165 Risen:554 Risen Shieldman:308 frost_orb:196,4 9 11 14 17 18 20 21 22 23 25 25 26 27 28 28 29 30 31 32 33 33 34 34 35 35 35 36 37 37 38 38 39 39 39 39 39 40 40 40 40 40 41,44 49 57 65 77 83 91 100 106 116 128 133 150 147 157 168 176 197 194 205 218 212 220 232 239 249 264 268 272 295 137 153 155 162 169 163 166 162 168 167 169 166 171,0.94 1 1 0.96 1 1 1 1 1 1 1 1 1 1 0.95 1 1 1 1 1 1 1 1 1 1 1 1 1 1 1 1 1 1 1 1 1 1 1 1 1 1 1 1,rimeshard7 grave_tether8 knifestorm8 verdant_lance8 volley8 umbral_bolt7 | arcane_overflow2 grave_call2 fracture1 pack_leader1 plague_bearer1
180,deft,1068,arcanist,apprentice_wand,blink,2,lamplings,none,4,0,,1,30.42,grimtunnel_roused,17,26733,54,61,2.01,0.000,0.000,73786,24.9,0.193,3,2,glass_cannon duelists_grace,blast:987 firepot:651 Lampling Tunneler:297 burning ground:112,9 14 17 20 23 25 27 29 30 32 33 34 36 37 38 39 40 41 42 43 45 46 46 47 48 49 51 52 53 54,43 55 48 63 58 53 76 88 61 80 91 106 97 93 134 102 105 117 122 100 132 132 128 146 116 168 135 113 121 117,0.86 1 1 1 1 1 1 1 0.99 1 1 1 1 1 1 1 1 0.65 1 1 1 1 0.81 0.7 1 1 1 1 1 1,seeking_motes8 verdant_gaze8 glacier_spear8 moonfall8 fallen_star8 iron_palms8 | glass_cannon2 deep_chill1 shatter1 plague_bearer1 duelists_grace1 dark_bargain1 expanse2 velocity1 fleetfoot2 recovery1 duplicity1 pyre_burst1
181,deft,8987,arcanist,ember_staff,blink,2,lamplings,none,4,1,30.48,1,39.90,lampling,23,40216,61,68,1.7,0.000,0.089,73786,28.9,0.000,3,3,glass_cannon duelists_grace,Lampling Tunneler:1967 blast:1614 firepot:815 burning ground:243,9 15 18 20 23 26 28 29 31 32 34 35 36 37 38 39 40 41 42 43 44 45 46 47 48 49 50 51 52 52 53 54 54 56 57 58 59 59 60,48 46 63 52 57 81 80 62 81 67 94 86 87 87 72 114 105 150 129 107 122 152 137 158 123 133 119 109 151 150 206 118 150 140 148 218 215 238 201,1 1 1 1 1 1 1 1 1 1 1 1 0.89 1 1 0.87 1 1 1 1 1 0.85 1 0.82 1 1 1 1 1 1 1 1 1 0.71 0.58 1 1 1 1,living_flame8 aegis_wheel8 seeking_motes8 arcweb8 razorgale8 reavers_wheel8 | glass_cannon1 kindling1 static_charge1 grave_call2 duelists_grace2 might2 ironhide2 haste4 greed3 perennial3 serration4 pyre_burst1
182,deft,16906,arcanist,rime_rod,blink,2,lamplings,none,4,1,31.52,0,45.00,,0,39136,64,71,1.58,0.359,0.635,73786,90.9,0.000,0,2,restless_hands ember_tithe,Lampling Tunneler:2358 blast:2017 firepot:814 burning ground:150,7 12 15 17 21 23 25 27 29 30 31 32 34 35 36 37 39 40 41 42 43 44 45 46 48 48 50 51 52 53 53 54 55 56 57 58 59 59 60 61 62 62 63 63 64,46 49 58 69 73 90 92 107 102 128 123 141 117 151 141 178 186 138 203 183 174 175 230 183 122 256 154 133 127 182 30 260 172 334 197 208 370 352 371 384 388 375 392 425 402,1 1 1 1 1 1 1 1 1 1 1 1 1 1 1 1 0.91 1 1 1 0.92 1 1 1 1 1 1 1 0.84 1 1 1 1 1 1 1 1 1 1 1 1 1 1 0.93 1,deepwinter8 mote_cascade8 circle_of_dawn8 thunder_palm8 deathcoil8 verdant_lance8 | restless_hands1 deep_chill1 grave_call1 pack_leader1 soul_harvest1 ember_tithe1 plague_bearer1 duplicity3 haste4 perennial5 velocity3 recovery3 static_charge1 vitality3
183,deft,24825,arcanist,apprentice_wand,time_slip,2,lamplings,none,4,1,31.23,0,45.00,,0,36959,62,69,1.53,0.190,0.554,73786,74.0,0.000,3,3,duelists_grace duelists_grace,Lampling Tunneler:6593 blast:1885 firepot:757 Lampling Sapper:266,5 12 15 19 21 23 25 27 29 29 31 33 34 35 36 37 38 39 40 41 42 43 44 45 46 47 47 49 50 50 51 51 52 54 55 55 57 58 58 59 60 60 61 62 62,46 56 58 78 66 94 95 103 118 130 132 139 152 143 155 177 188 181 178 207 182 190 224 239 242 260 274 282 314 189 43 222 266 337 350 343 370 369 366 388 391 387 411 400 453,1 1 1 1 0.95 1 0.86 1 1 1 1 0.98 1 1 1 1 1 1 1 1 1 1 1 1 1 1 1 1 1 1 1 1 1 1 1 1 1 1 1 1 1 0.98 0.98 1 1,seeking_motes8 tempest_coil8 thousand_cuts8 tether_of_anguish8 glacier_spear8 razorgale8 | duelists_grace2 static_charge1 deep_chill1 butchers_mark1 blood_scent1 fracture1 wisdom4 expanse4 velocity3 recovery4 serration2 ferocity3 soul_harvest1
184,deft,32744,arcanist,ember_staff,time_slip,2,lamplings,none,4,1,30.76,1,44.15,lampling,28,44458,64,71,1.61,0.000,0.082,73786,45.6,0.000,3,3,iron_vow glass_cannon,"Lampling Tunneler:5607 blast:1204 firepot:758 Grimtunnel, Roused:383",6 10 15 17 20 23 25 26 28 30 31 32 33 35 36 37 38 39 40 41 42 43 44 45 46 47 48 49 50 51 51 52 53 54 55 56 57 58 59 60 61 62 63 64,43 52 57 74 78 94 85 102 92 104 132 145 124 158 165 152 146 181 128 149 127 109 203 142 258 206 233 207 176 188 258 200 221 207 193 288 293 320 257 210 276 278 319 310,1 1 1 1 1 1 1 1 1 1 1 0.9 1 0.97 1 0.99 1 1 0.73 0.96 1 0.99 0.99 1 1 1 1 0.94 0.9 1 1 1 1 0.76 1 1 1 1 1 1 1 1 1 1,living_flame8 starseeker8 verdant_lance8 tether_of_anguish8 moonfall8 skybreak8 | iron_vow1 plague_bearer1 emberseekers1 kindling1 pyre_burst1 glass_cannon1 grave_call1 greed5 precision4 perennial5 recovery4 might3 soul_harvest1 haste4
185,deft,40663,arcanist,rime_rod,time_slip,2,lamplings,none,4,1,30.82,0,45.00,,0,43832,66,73,1.62,0.240,0.480,73786,49.0,0.000,1,3,duelists_grace duelists_grace,Lampling Tunneler:6701 blast:1878 firepot:1693 burning ground:376,7 12 15 18 20 23 25 27 29 29 32 33 34 36 37 38 40 41 42 43 44 45 46 47 48 49 50 51 52 53 53 54 55 56 57 58 59 60 61 62 63 64 64 65 66,43 52 64 84 62 90 94 95 124 92 126 133 132 83 150 167 151 160 116 153 162 155 131 124 168 118 156 152 184 185 183 141 152 144 267 125 347 351 225 386 400 386 291 386 323,1 1 1 1 1 0.77 1 0.91 0.95 1 1 1 1 1 0.93 0.67 0.9 1 1 1 1 1 1 1 1 1 0.9 1 1 1 1 1 1 1 1 0.82 1 0.63 1 0.88 1 1 0.8 1 0.9,rimeshard8 circle_of_dawn8 tempest_coil8 soul_siphon8 mote_cascade8 hallowed_ring8 | duelists_grace2 sanctify1 deep_chill1 fracture1 dark_bargain1 storm_caller1 duplicity3 recovery4 greed3 expanse4 might5 vitality4 static_charge1
186,deft,1071,arcanist,apprentice_wand,blink,2,kerchiefs,none,4,0,,1,20.19,enforcer,13,14517,57,64,3.17,0.000,0.000,0,0.0,,3,1,cinderwake hunters_mark,Kerchief Enforcer:613 Kerchief Bruiser:508 firepot:504 Kerchief Footpad:283,10 18 23 27 30 32 35 37 39 41 42 44 46 48 49 51 53 53 55 56,45 46 60 67 76 80 89 85 98 103 91 115 110 126 93 121 131 152 127 158,0.94 1 1 1 1 1 0.92 0.9 1 1 0.37 1 1 0.88 1 0.83 1 1 0.87 1,seeking_motes8 pyre_of_faith8 reavers_wheel8 plaguebloom8 thornbloom8 aegis_wheel8 | cinderwake1 grave_call2 consecration1 dark_bargain1 pack_leader1 plague_bearer1 perennial2 hunters_mark1 searing1 serration1 ferocity1 ironhide1
187,deft,8990,arcanist,ember_staff,blink,2,kerchiefs,none,4,1,30.93,0,45.00,,0,38720,80,88,1.96,0.328,0.405,76994,55.8,0.000,1,2,momentum stormborn,Kerchief Footpad:1985 Kerchief Bruiser:1884 firepot:501 Kerchief Enforcer:346,6 16 19 24 28 30 32 34 37 38 39 41 43 45 46 48 49 50 52 53 55 56 57 59 60 61 63 63 65 66 67 68 69 70 72 73 73 75 76 77 78 78 79 80 80,45 47 57 66 78 79 99 99 101 92 129 143 142 162 169 173 183 145 197 163 209 215 208 234 196 224 240 249 275 276 108 231 289 207 290 357 353 361 390 376 386 401 403 412 397,1 1 1 1 1 1 1 1 1 1 1 1 1 1 1 1 1 1 1 1 1 1 1 1 1 1 1 1 1 1 1 1 1 1 1 1 1 1 0.9 1 1 1 0.87 0.9 1,living_flame8 lunar_brand8 great_herd8 verdant_lance8 sanctified_earth8 soul_siphon8 | momentum2 plague_bearer1 consecration1 soul_harvest1 sanctify1 stormborn1 perennial5 haste5 ironhide5 thorns5 pack_leader1 fortune4 recovery4 kindling1
188,deft,16909,arcanist,rime_rod,blink,2,kerchiefs,none,4,0,,1,17.60,bruiser,10,10001,48,54,3.07,0.000,0.000,0,0.0,,3,1,glass_cannon glass_cannon,Kerchief Footpad:1906 Kerchief Bruiser:383 firepot:258 Kerchief Enforcer:49,7 16 20 25 27 29 32 34 35 37 39 39 40 42 44 46 48,43 45 54 68 78 81 95 100 114 119 125 140 148 158 170 160 181,1 1 1 1 1 0.7 0.57 1 1 1 1 0.5 1 1 1 1 0.94,rimeshard8 grave_tether8 moonbrand8 verdant_lance8 great_herd8 seeking_motes8 | glass_cannon2 deep_chill1 grave_call3 plague_bearer1 perennial1
189,deft,24828,arcanist,apprentice_wand,time_slip,2,kerchiefs,none,4,0,,1,28.99,pillager,15,23446,68,75,2.59,0.000,0.000,0,0.0,,3,2,glass_cannon glass_cannon,firepot:740 burning ground:499 Kerchief Enforcer:243 Kerchief Footpad:76,11 17 22 26 28 31 33 36 37 39 40 43 44 46 48 49 51 52 54 55 56 58 59 61 62 64 65 66,46 50 53 68 65 97 80 105 84 92 134 144 125 144 164 131 142 168 123 145 202 137 200 183 153 224 233 206,1 1 1 1 0.75 1 1 1 1 1 1 1 0.84 1 1 0.77 1 1 1 1 1 1 1 1 1 1 1 1,mote_cascade8 verdant_lance8 rend_and_mend8 hallowed_ring8 moonbrand8 thornbloom8 | glass_cannon2 dark_bargain1 plague_bearer1 consecration1 sanctify1 grave_call1 recovery4 velocity3 might5 perennial5 duplicity3 warding3 pack_leader1
190,deft,32747,arcanist,ember_staff,time_slip,2,kerchiefs,none,4,1,31.56,1,40.19,enforcer,22,36456,80,88,2.19,0.000,0.684,76994,93.6,0.000,0,2,arcane_overflow momentum,Kerchief Bruiser:335 Kerchief Footpad:238 Kerchief Enforcer:222 firepot:190,7 16 20 24 27 30 32 34 36 38 39 42 43 45 47 48 50 52 53 55 56 58 59 60 62 64 65 66 67 69 69 69 71 72 73 75 76 77 79 80,47 50 61 62 76 81 97 103 95 114 119 148 143 167 133 175 173 114 127 162 231 187 204 200 251 175 166 194 200 246 29 265 265 256 271 292 275 258 322 358,1 1 1 1 1 1 1 1 1 0.92 1 1 1 1 1 1 1 1 1 1 1 1 1 1 1 1 1 1 1 1 1 0.84 1 1 1 1 1 1 1 1,fallen_star8 plaguebloom8 harrowing8 gyrestorm8 knifestorm8 temple_breaker8 | arcane_overflow1 plague_bearer1 soul_harvest1 kindling1 dark_bargain1 blood_scent1 expanse5 momentum1 evasion4 ferocity4 perennial5 grave_call2 recovery4 precision5
191,deft,40666,arcanist,rime_rod,time_slip,2,kerchiefs,none,4,1,31.03,1,44.22,pillager,28,36572,83,91,2.06,0.000,0.725,76994,61.6,0.000,3,3,cinderwake bloodthirst,Kerchief Footpad:4135 Kerchief Bruiser:2460 firepot:2047 burning ground:942,7 14 19 22 24 29 31 33 34 36 38 39 40 42 43 44 46 48 48 51 52 54 55 56 58 58 60 62 63 64 65 67 68 70 71 73 75 76 77 78 79 80 81 82,47 46 58 66 73 84 91 94 111 128 125 120 137 137 146 178 190 194 197 162 182 163 254 233 171 271 247 184 289 287 52 275 327 326 322 329 388 391 372 416 397 384 392 354,1 1 1 1 0.93 1 1 1 1 1 1 1 1 1 1 1 1 1 1 1 1 1 1 1 1 1 1 1 1 1 1 0.92 1 1 1 1 1 1 1 1 1 1 1 1,glacier_spear8 arcweb8 iron_palms8 circle_of_dawn8 thousand_cuts8 tether_of_anguish8 | cinderwake1 shatter1 static_charge1 emberseekers1 consecration1 fracture1 bloodthirst2 vitality5 wisdom4 velocity3 serration4 fortune4 perennial5 blood_scent1
192,deft,1093,arcanist,apprentice_wand,blink,3,pack,none,7,1,30.64,0,45.00,,0,46677,87,95,2.11,0.263,0.669,130139,38.5,0.000,1,3,momentum spirit_companion,Longtooth Wolf:2533 blast:2328 Blight-Sick Wolf:766 Thicket Tusker:704,7 17 22 28 30 32 35 37 39 41 43 44 46 48 50 51 52 54 55 57 58 60 61 62 63 65 66 67 68 69 70 71 73 74 75 76 78 79 80 82 83 84 85 86 87,44 44 55 54 85 98 95 113 74 104 144 120 104 107 94 117 83 111 118 160 76 100 95 67 58 97 157 102 121 119 117 137 157 161 198 172 208 192 209 285 264 289 413 390 413,1 0.9 1 1 1 0.9 1 0.95 1 1 0.93 0.89 1 1 0.87 1 1 1 1 1 1 1 1 1 1 1 1 1 1 1 1 1 1 1 1 1 1 1 0.91 1 1 1 1 0.73 0.91,mote_cascade8 arcweb8 moonfall8 arrowfall8 glacier_spear8 reavers_wheel8 | momentum2 storm_caller1 deep_chill1 shatter1 static_charge1 dark_bargain1 duplicity3 spirit_companion1 velocity3 serration4 blood_scent1 greed5 fortune4 ironhide5
193,deft,9012,arcanist,ember_staff,blink,3,pack,none,7,1,31.18,0,45.00,,0,46698,85,93,2.07,0.333,0.731,130139,71.1,0.000,0,2,momentum momentum,blast:1685 Longtooth Wolf:1328 Thicket Tusker:1029 Greymuzzle:96,8 15 20 25 29 32 34 37 38 41 43 44 45 47 49 50 51 53 54 55 57 57 59 61 61 63 64 65 67 67 68 69 70 71 72 74 75 76 77 79 80 81 83 83 85,48 56 61 63 70 96 110 108 96 89 94 129 108 155 99 113 102 83 107 82 127 118 125 126 80 165 131 150 124 110 33 126 155 131 149 197 232 229 249 245 276 309 281 357 352,1 1 1 1 1 0.94 1 0.96 0.95 1 0.89 1 1 1 1 1 1 1 1 1 1 1 1 1 1 1 1 1 1 1 1 1 1 1 1 1 1 1 1 1 1 1 1 1 0.9,living_flame8 verdant_gaze8 grave_tether8 deepwinter8 blighted_earth8 great_herd8 | momentum2 plague_bearer1 shatter1 grave_call2 deep_chill1 soul_harvest1 chilling3 perennial5 haste5 thorns5 evasion4 searing4 sanctify1
194,deft,16931,arcanist,rime_rod,blink,3,pack,none,7,1,31.43,0,45.00,,0,46331,85,93,2.07,0.309,0.309,130139,85.9,0.000,2,4,spirit_companion momentum,Longtooth Wolf:2090 blast:1776 Thicket Tusker:857 Blight-Sick Wolf:393,5 13 15 24 27 31 32 35 37 39 41 43 45 46 48 49 51 52 53 55 56 58 58 60 61 62 64 65 66 67 68 68 69 70 72 73 75 76 77 78 80 81 82 84 85,53 41 49 68 68 91 94 93 146 122 145 149 130 130 187 145 110 123 88 104 128 126 109 121 95 109 144 118 105 124 18 124 192 194 135 207 189 177 218 237 272 270 216 250 302,0.97 1 0.97 0.89 0.94 1 0.96 0.94 1 1 0.35 0.83 0.38 0.51 1 1 1 1 1 1 1 1 1 1 1 1 1 1 1 1 1 1 1 0.97 1 0.97 1 1 0.95 1 1 1 1 0.81 1,deepwinter8 sanctified_earth8 great_herd8 plaguebloom8 ruin_bolt8 verdant_lance8 | spirit_companion3 shatter1 deep_chill1 pack_leader1 might5 momentum1 perennial5 haste5 fleetfoot5 plague_bearer1 ironhide5 duplicity3 sanctify1
195,deft,24850,arcanist,apprentice_wand,time_slip,3,pack,none,7,0,,1,31.10,wolf_alpha,20,24745,69,76,2.44,0.000,0.000,130139,66.0,0.186,3,2,duelists_grace restless_hands,Greymuzzle:875 blast:681 Thicket Tusker:588 Longtooth Wolf:495,2 15 22 25 28 30 33 35 37 39 41 43 44 46 48 49 50 52 54 55 56 58 59 60 62 63 64 66 67 68 69,51 70 59 72 77 87 110 112 128 125 135 149 145 150 174 236 202 230 199 225 217 191 232 197 141 222 172 211 158 142 58,1 1 1 1 1 1 1 1 1 0.96 1 1 1 1 0.95 1 0.92 0.98 0.97 1 1 0.94 1 1 1 0.99 1 1 1 1 0.37,starseeker8 tempest_coil8 sanctified_earth8 dawnpulse8 umbral_bolt8 reavers_wheel8 | duelists_grace2 soul_harvest1 consecration1 grave_call1 dark_bargain1 expanse5 precision5 restless_hands1 ironhide5 perennial5 searing3 serration4 storm_caller1
196,deft,32769,arcanist,ember_staff,time_slip,3,pack,none,7,1,31.20,1,40.53,wolf,28,37887,78,86,2.12,0.000,0.347,130139,71.7,0.000,3,2,hunters_mark spirit_companion,blast:2637 Longtooth Wolf:1877 Thicket Tusker:1321 Blight-Sick Wolf:863,7 16 23 26 30 33 35 36 39 41 42 44 46 47 49 50 52 53 55 56 57 58 60 61 62 63 64 65 67 68 68 69 70 71 73 74 75 76 76 78,54 55 67 68 99 93 113 113 116 93 148 104 136 124 98 114 121 118 91 66 142 187 200 140 129 119 120 118 114 205 37 148 171 244 240 378 411 414 408 399,0.99 1 1 1 1 1 0.95 1 1 1 0.76 1 0.78 1 1 1 0.93 1 1 1 1 1 1 1 1 1 1 1 1 1 1 1 1 1 1 1 0.85 0.66 0.83 1,fallen_star8 gyrestorm8 strangleroot8 razorgale8 moonfall8 steel_flurry8 | hunters_mark3 pyre_burst1 grave_call2 fleetfoot5 velocity3 expanse5 spirit_companion1 ferocity4 serration4 emberseekers1 chilling3 pack_leader1
197,deft,40688,arcanist,rime_rod,time_slip,3,pack,none,7,1,31.47,1,40.04,wolf,26,36211,77,85,2.12,0.000,0.318,130139,88.3,0.000,3,2,duelists_grace duelists_grace,Longtooth Wolf:2644 blast:2249 Thicket Tusker:1114 Blight-Sick Wolf:929,3 10 17 23 25 29 32 33 34 36 38 39 40 43 44 45 48 50 51 53 54 55 57 58 60 61 62 64 65 66 67 67 68 70 71 72 74 75 76 77,56 49 67 74 84 89 65 122 118 131 141 161 163 205 163 164 151 164 180 125 195 195 210 241 179 207 198 264 187 195 55 297 283 275 227 217 324 313 294 342,1 1 1 0.85 0.78 0.88 1 0.93 0.72 1 1 0.8 0.68 1 1 0.7 1 1 1 1 1 1 0.91 0.92 1 1 1 0.9 1 1 1 1 0.89 1 1 1 1 1 1 0.69,glacier_spear8 umbral_bolt8 tempest_coil8 starseeker8 plaguebloom8 dawnpulse8 | duelists_grace2 grave_call1 shatter1 soul_harvest1 deep_chill1 emberseekers1 velocity3 perennial5 greed5 expanse5 fortune4 sanctify1 precision5 pack_leader1
198,deft,1096,arcanist,apprentice_wand,blink,3,dead,none,7,0,,1,32.61,barrow_knight,20,17660,55,62,1.9,0.000,0.000,105112,156.6,0.357,3,2,duelists_grace duelists_grace,bolt_bone:1838 Barrow Knight:1021 frost_orb:333 Risen:49,6 12 14 17 19 21 24 26 28 30 31 33 34 36 37 38 39 41 42 43 44 45 46 47 49 50 51 52 53 54 55 55,43 49 62 71 80 94 100 119 116 129 134 148 154 116 187 183 190 150 222 233 235 247 245 278 251 276 294 311 296 320 58 62,0.97 1 1 1 1 1 1 1 0.98 1 1 1 1 1 1 0.98 1 1 1 1 1 1 0.75 1 1 1 0.9 1 1 1 1 1,seeking_motes8 pyre_of_faith8 great_herd8 tether_of_anguish8 moonfall8 iron_palms8 | duelists_grace2 sanctify1 pack_leader1 dark_bargain1 consecration1 soul_harvest1 perennial5 wisdom2 velocity2 searing1 vitality1 greed1 kindling1
199,deft,9015,arcanist,ember_staff,blink,3,dead,none,7,0,,1,20.93,barrow_knight,16,10056,44,50,2.39,0.000,0.000,0,0.0,,3,1,iron_vow iron_vow,Barrow Knight:747 bolt_bone:133 frost_orb:92 Risen Shieldman:28,7 12 16 19 21 23 25 27 29 30 33 34 35 37 38 39 41 41 42 44,47 49 63 75 75 95 96 117 119 137 133 132 160 169 175 196 198 185 224 231,1 1 1 1 1 1 1 1 1 1 1 1 1 1 1 1 1 1 1 0.89,cinderfall8 gale_chakram8 volley8 axe_gyre8 iron_palms8 judgement_disc8 | iron_vow2 kindling1 dark_bargain1 soul_harvest1 dread_command2 wisdom1 serration1
200,deft,16934,arcanist,rime_rod,blink,3,dead,none,7,1,30.72,1,40.95,barrow_knight,29,36521,66,73,1.78,0.000,0.259,105112,43.0,0.000,2,3,glass_cannon arcane_overflow,bolt_bone:3269 frost_orb:922 Barrow Knight:570 Risen Shieldman:89,6 12 15 19 21 24 25 27 30 31 32 34 35 37 38 39 40 42 42 44 45 46 47 49 50 51 52 53 54 55 56 56 57 58 59 60 61 63 64 65,44 45 63 73 88 86 101 113 116 130 139 152 165 134 177 197 204 203 216 173 231 241 226 219 273 282 268 198 176 195 213 206 199 193 331 290 232 337 385 306,1 1 1 0.85 1 1 1 1 1 1 1 1 1 1 1 1 0.88 1 1 1 1 1 1 1 1 1 1 0.9 1 1 1 1 0.85 1 1 1 1 1 1 1,deepwinter8 fallen_star8 tether_of_anguish8 seeking_motes8 great_herd8 razorgale8 | glass_cannon1 emberseekers1 kindling1 shatter1 dread_command1 arcane_overflow1 grave_call1 expanse2 vitality4 recovery4 serration4 haste3 perennial5 blood_scent1
201,deft,24853,arcanist,apprentice_wand,time_slip,3,dead,none,7,1,30.92,1,35.68,risen_archer,24,21302,56,63,1.77,0.000,0.414,105112,55.0,0.000,3,2,hunters_mark duelists_grace,bolt_bone:3394 frost_orb:420 Barrow Knight:58 Risen:13,6 11 14 18 20 22 24 25 27 29 30 31 32 34 35 36 37 37 38 40 41 41 43 44 45 46 47 48 49 50 51 51 53 54 56,48 60 59 71 77 108 107 106 112 135 138 148 168 168 182 185 204 226 227 240 259 245 255 265 305 286 237 299 299 345 138 331 341 340 365,1 1 1 1 0.9 0.94 0.82 1 1 1 1 0.93 1 1 1 1 1 1 0.84 0.92 1 0.74 0.91 1 1 1 1 0.71 1 1 1 0.8 1 1 1,starseeker8 rimeshard8 sunbreak8 ruin_bolt8 temple_breaker8 tempest_coil8 | hunters_mark2 static_charge1 deep_chill1 grave_call1 duelists_grace1 sanctify1 might3 warding3 expanse3 precision3 vitality2 evasion1 pack_leader1
202,deft,32772,arcanist,ember_staff,time_slip,3,dead,none,7,1,31.66,1,42.85,barrow_knight,29,34161,66,73,1.7,0.000,0.123,105112,99.8,0.000,3,2,stormborn bloodthirst,bolt_bone:3595 frost_orb:919 Barrow Knight:866 Risen Shieldman:284,9 12 16 19 21 23 25 27 29 30 32 34 35 36 38 39 41 42 43 44 45 47 48 50 50 50 53 54 54 54 55 56 57 58 59 59 61 61 63 64 65 65,41 55 58 75 82 90 100 110 114 134 156 146 155 191 196 205 206 207 224 262 250 238 246 268 247 229 291 300 201 195 61 326 264 353 376 388 388 391 427 405 406 393,1 1 1 0.94 1 1 1 1 1 1 1 0.93 1 1 1 0.96 1 1 0.9 1 1 1 1 1 1 1 0.96 1 1 1 1 1 0.96 1 0.92 1 1 1 1 1 1 1,fallen_star8 tempest_coil8 verdant_gaze8 circle_of_dawn8 strangleroot8 wild_hunt8 | stormborn2 dark_bargain1 kindling1 pack_leader1 bloodthirst1 storm_caller1 chilling3 expanse5 searing4 recovery4 fleetfoot5 might2 consecration1
203,deft,40691,arcanist,rime_rod,time_slip,3,dead,none,7,1,30.72,0,45.00,,0,40984,71,79,1.76,0.355,0.355,105112,42.9,0.000,0,3,arcane_overflow glass_cannon,bolt_bone:3745 frost_orb:823 Barrow Knight:410 Risen Shieldman:333,1 7 11 16 17 21 23 25 27 29 31 32 33 35 37 38 40 41 43 44 46 47 49 49 51 52 53 53 54 54 55 56 57 58 60 61 62 64 65 66 67 69 69 71 71,55 48 60 72 82 97 106 118 138 133 140 172 159 170 181 202 200 220 214 190 226 261 227 296 216 260 184 189 119 173 295 190 197 258 335 226 296 302 330 252 304 332 403 411 399,0.94 1 1 0.94 1 1 1 1 1 1 0.92 1 1 0.95 1 1 1 1 1 1 1 1 1 1 1 1 1 0.63 1 0.91 1 1 1 1 1 1 1 1 1 1 1 1 0.94 1 1,glacier_spear8 grave_tether8 plaguebloom8 ruin_bolt8 arrowfall8 living_flame8 | arcane_overflow2 dark_bargain1 pyre_burst1 deep_chill1 kindling1 glass_cannon1 vitality5 perennial5 velocity3 might5 fleetfoot5 fracture1 ironhide5 plague_bearer1
204,deft,1099,arcanist,apprentice_wand,blink,3,lamplings,none,7,1,32.39,0,45.00,,0,43118,67,74,1.64,0.557,0.754,115123,143.2,0.000,0,2,restless_hands restless_hands,Lampling Tunneler:10872 blast:1757 firepot:1659 burning ground:288,4 13 17 19 22 26 28 29 32 33 34 36 37 38 40 41 42 43 44 45 46 48 49 49 51 51 53 53 54 55 56 56 56 57 58 59 60 61 62 63 64 65 66 67 67,37 53 53 69 75 98 79 89 124 126 108 88 156 140 109 104 112 123 116 169 179 114 145 138 138 178 145 164 149 147 34 32 217 157 189 188 380 201 154 346 393 300 412 370 402,1 1 1 1 1 1 1 1 1 1 1 1 1 1 1 0.99 0.89 1 1 1 1 1 0.95 1 1 1 1 0.88 1 0.91 1 0.95 0.92 1 1 1 1 1 1 1 1 1 1 1 0.85,mote_cascade8 sunlance8 rend_and_mend8 pyre_of_faith8 tether_of_anguish8 moonfall8 | restless_hands2 consecration1 grave_call3 sanctify1 pack_leader1 greed3 searing4 vitality5 recovery2 duplicity2 thorns5
205,deft,9018,arcanist,ember_staff,blink,3,lamplings,none,7,1,30.73,0,45.00,,0,47289,70,78,1.73,0.607,0.607,115123,43.9,0.000,0,4,restless_hands restless_hands,blast:1234 Lampling Tunneler:996 firepot:865 burning ground:174,8 13 17 21 24 25 28 30 32 34 35 35 38 39 40 42 43 44 45 45 47 47 49 50 51 52 53 54 55 56 56 57 58 59 60 61 62 63 64 65 66 67 68 69 70,47 54 66 76 77 91 103 109 112 91 143 136 125 125 101 129 139 148 120 146 140 135 123 131 105 139 165 146 151 132 128 188 161 139 183 180 167 184 172 223 237 221 206 173 249,1 1 1 1 1 0.88 1 1 1 1 0.98 1 1 1 1 1 1 1 1 1 1 0.89 1 1 1 1 1 1 1 1 1 1 1 1 1 1 0.97 1 1 1 1 1 1 1 1,living_flame8 ruin_bolt8 arcweb8 deepwinter8 tether_of_anguish8 seeking_motes8 | restless_hands2 kindling1 fracture1 pyre_burst1 emberseekers1 deep_chill1 warding3 haste5 might5 perennial5 recovery4 ironhide5 shatter1 pack_leader1
206,deft,16937,arcanist,rime_rod,blink,3,lamplings,none,7,1,32.13,0,45.00,,0,44347,68,75,1.67,0.574,0.658,115123,128.0,0.000,0,3,bloodthirst stormborn,Lampling Tunneler:5494 firepot:2418 blast:2330 burning ground:620,4 13 17 20 22 25 28 30 31 33 34 36 38 39 40 41 42 43 45 45 47 48 49 49 50 51 52 53 54 55 56 56 57 58 59 60 61 62 63 64 65 66 66 67 68,44 53 66 71 76 93 87 112 96 82 98 103 122 106 107 123 174 129 102 112 154 134 116 164 153 168 186 146 149 129 37 44 178 136 180 209 150 276 215 182 213 411 224 392 385,1 1 1 1 1 1 1 1 1 1 0.91 1 1 1 1 1 1 1 1 1 1 1 1 1 1 0.96 0.99 1 1 1 1 1 1 0.97 0.98 1 1 1 1 1 1 1 1 1 0.86,glacier_spear8 circle_of_dawn8 living_flame8 hallowed_ring8 soul_siphon8 seeking_motes8 | bloodthirst1 pyre_burst1 grave_call3 kindling1 stormborn1 velocity3 vitality5 recovery3 perennial5 greed4 shatter1 evasion2
207,deft,24856,arcanist,apprentice_wand,time_slip,3,lamplings,none,7,1,35.25,0,45.00,,0,27896,60,67,1.49,0.360,0.465,115123,314.9,0.000,0,2,iron_vow restless_hands,Lampling Tunneler:5986 blast:494 firepot:412 Lampling Sapper:247,4 9 11 14 17 20 21 22 25 27 29 30 31 33 34 35 36 37 38 39 39 40 41 42 42 43 45 45 46 47 47 48 48 48 49 49 51 52 53 55 56 57 58 59 60,51 51 57 80 78 105 107 112 129 130 136 180 163 165 177 189 194 203 233 223 238 251 268 273 263 287 314 302 312 322 65 51 58 73 59 351 339 387 344 419 425 412 393 404 379,1 1 1 1 1 1 0.96 1 0.97 1 1 1 1 0.85 1 1 1 1 1 1 1 1 1 1 1 0.62 1 1 1 1 1 1 1 1 1 1 1 0.88 1 1 1 1 1 1 1,mote_cascade8 ruin_bolt8 steel_flurry8 lunar_brand8 tether_of_anguish8 wild_hunt8 | iron_vow1 grave_call2 dread_command2 blood_scent1 restless_hands1 pack_leader1 evasion1 fleetfoot3 might3 fortune2 recovery3 duplicity1
208,deft,32775,arcanist,ember_staff,time_slip,3,lamplings,none,7,1,31.55,0,45.00,,0,42088,66,73,1.62,0.653,0.653,115123,92.7,0.000,0,2,arcane_overflow arcane_overflow,Lampling Tunneler:4117 blast:1331 firepot:796 burning ground:136,6 13 17 20 22 25 28 29 31 33 34 36 37 38 40 41 42 43 44 45 46 47 48 49 50 51 52 53 54 55 55 55 56 57 57 59 59 61 62 62 63 64 65 66 66,52 50 63 63 89 93 100 95 118 98 122 129 152 124 104 181 155 174 203 224 211 189 253 235 186 151 192 204 265 273 44 310 408 377 244 415 402 328 453 445 369 416 388 396 311,1 1 1 1 1 1 0.99 1 1 1 1 1 1 1 0.91 1 1 1 0.96 1 1 1 1 1 1 1 1 1 1 1 0.95 1 1 1 1 1 1 0.87 1 1 1 1 1 0.89 1,fallen_star8 tempest_coil8 moonfall8 rend_and_mend8 verdant_gaze8 tether_of_anguish8 | arcane_overflow3 storm_caller1 plague_bearer1 pyre_burst1 kindling1 static_charge1 recovery4 expanse2 precision4 vitality5 ironhide2 haste2
209,deft,40694,arcanist,rime_rod,time_slip,3,lamplings,none,7,1,31.89,0,45.00,,0,45356,71,79,1.76,0.202,0.705,115123,113.3,0.000,1,3,bloodthirst hunters_mark,Lampling Tunneler:5812 blast:2146 firepot:796 burning ground:216,9 14 18 21 24 25 27 29 30 31 33 35 36 37 38 39 42 43 43 45 46 47 48 49 50 51 52 53 54 55 56 56 57 58 59 61 62 63 64 65 66 67 68 69 71,50 50 61 65 59 89 81 96 114 109 118 153 140 110 122 107 134 126 155 145 198 162 190 121 86 140 146 177 107 140 42 130 181 211 198 265 337 279 264 367 257 270 377 362 376,1 1 1 1 1 1 1 0.94 1 1 0.88 1 1 1 1 1 1 1 1 1 0.94 1 1 1 1 1 1 1 1 1 1 1 1 1 1 1 0.81 1 1 1 1 1 1 1 1,glacier_spear8 plaguebloom8 moonbrand8 sunbreak8 tether_of_anguish8 sunlance8 | bloodthirst1 consecration1 plague_bearer1 grave_call1 dread_command1 hunters_mark1 soul_harvest1 perennial5 might5 wisdom4 recovery4 searing4 fracture1 velocity3 deep_chill1
210,deft,1102,arcanist,apprentice_wand,blink,3,kerchiefs,none,7,0,,1,18.25,footpad,14,5419,44,50,2.74,0.000,0.000,0,0.0,,3,0,spirit_companion momentum,Kerchief Footpad:3326 firepot:328 Kerchief Bruiser:178 Kerchief Enforcer:117,3 11 15 20 24 26 28 31 34 35 36 36 38 39 40 42 43 44,55 49 68 66 80 93 93 110 118 124 135 147 153 169 175 193 198 205,0.94 1 1 1 0.97 1 0.91 0.75 0.47 0.82 0.7 1 1 1 1 1 0.97 0.96,seeking_motes8 grave_tether7 rimeshard8 verdant_lance8 moonbrand8 judgement_disc8 | spirit_companion3 deep_chill1 plague_bearer1 pack_leader1 momentum1
211,deft,9021,arcanist,ember_staff,blink,3,kerchiefs,none,7,0,,1,14.56,footpad,12,6855,48,53,3.64,0.000,0.000,0,0.0,,3,1,iron_vow,Kerchief Footpad:1703 Kerchief Bruiser:356 Kerchief Enforcer:127 Kerchief Pillager:55,9 14 21 23 28 32 33 36 38 40 42 43 45 46,52 53 60 74 81 97 118 113 114 111 141 144 166 173,1 0.98 1 1 0.8 1 1 1 1 0.94 0.91 0.86 1 0.84,cinderfall8 gale_chakram8 verdant_lance8 arcweb8 spirit_herd8 volley8 | iron_vow1 pyre_burst1 grave_call2 emberseekers1 dark_bargain1
212,deft,16940,arcanist,rime_rod,blink,3,kerchiefs,none,7,1,31.14,0,45.00,,0,40200,88,97,2.16,0.509,0.509,120128,68.3,0.000,0,2,restless_hands bloodthirst,Kerchief Footpad:2045 firepot:581 Kerchief Bruiser:552 burning ground:281,2 9 14 18 25 30 33 37 38 42 44 46 46 49 51 52 55 55 58 59 61 62 64 65 67 68 69 71 72 74 74 75 76 77 79 80 82 83 84 85 86 87 87 88 88,55 52 60 68 80 102 110 107 106 106 120 160 163 140 142 175 160 150 136 142 141 161 172 216 197 224 199 175 200 188 34 233 276 308 243 257 410 335 403 393 400 404 395 384 400,0.93 1 0.97 1 1 0.81 1 1 0.98 0.89 1 1 1 1 1 1 1 1 1 0.99 1 1 1 1 1 1 1 1 1 1 1 1 1 1 1 1 1 1 1 1 1 0.98 1 1 0.93,deepwinter8 grave_tether8 seeking_motes8 thousand_cuts8 plaguebloom8 sanctified_earth8 | restless_hands1 grave_call1 deep_chill1 sanctify1 dark_bargain1 fracture1 haste5 vitality5 ironhide5 bloodthirst1 serration4 plague_bearer1 perennial5 warding3 pack_leader1 soul_harvest1
213,deft,24859,arcanist,apprentice_wand,time_slip,3,kerchiefs,none,7,0,,1,2.63,footpad,7,223,14,16,6.09,0.000,0.000,0,0.0,,3,0,spirit_companion,Kerchief Footpad:598,2 7,52 53,0.82 0.94,seeking_motes1 moonbrand2 knifestorm3 dawnpulse5 rimeshard2 umbral_bolt1 | spirit_companion2 shatter1
214,deft,32778,arcanist,ember_staff,time_slip,3,kerchiefs,none,7,1,31.06,1,42.26,footpad,30,36431,84,92,2.18,0.000,0.175,120128,63.7,0.000,3,2,hunters_mark stormborn,Kerchief Footpad:3082 Kerchief Bruiser:2237 Kerchief Enforcer:1992 firepot:638,7 14 22 26 30 33 35 37 39 40 42 43 45 47 48 50 52 54 55 57 58 60 61 63 64 66 67 68 70 71 71 73 74 75 77 78 79 80 81 82 83 83,51 52 62 79 80 100 108 109 112 131 146 168 183 175 177 200 186 164 175 190 214 113 155 251 190 263 219 320 286 194 33 223 401 234 243 295 375 347 394 402 400 366,0.86 1 0.84 1 1 1 1 1 1 1 0.89 0.88 1 0.67 1 1 1 1 1 1 1 1 1 1 1 1 1 1 1 1 1 1 1 1 1 0.77 1 0.58 1 1 1 1,fallen_star8 seeking_motes8 axe_gyre8 gale_chakram8 tempest_coil8 arrowfall8 | hunters_mark3 pyre_burst1 static_charge1 soul_harvest1 expanse5 stormborn1 velocity3 vitality5 might5 recovery4 kindling1 greed5 pack_leader1
215,deft,40697,arcanist,rime_rod,time_slip,3,kerchiefs,none,7,1,30.37,0,45.00,,0,47073,96,105,2.33,0.223,0.710,120128,22.1,0.000,1,4,arcane_overflow ember_tithe,firepot:1567 burning ground:979 Kerchief Footpad:493 Kerchief Enforcer:154,2 11 15 23 27 32 35 37 38 41 43 45 47 48 51 52 55 56 58 60 61 63 65 66 68 69 71 72 73 75 76 77 79 80 81 83 84 86 87 89 90 92 93 95 96,54 46 58 79 82 124 105 82 97 122 120 145 134 162 103 182 149 98 146 97 95 93 119 109 86 171 141 94 108 103 184 140 153 145 141 224 274 175 260 247 248 341 398 341 292,1 0.96 0.77 1 1 1 1 0.8 1 1 0.89 1 1 0.86 1 1 1 1 1 1 1 1 1 1 1 1 1 1 1 1 1 1 1 1 1 1 1 1 1 1 1 1 0.99 1 1,deepwinter8 living_flame8 moonfall8 ruin_bolt8 plaguebloom8 thunder_palm8 | arcane_overflow1 fracture1 shatter1 plague_bearer1 deep_chill1 pyre_burst1 perennial5 might5 ember_tithe1 recovery4 haste5 grave_call1 greed5 searing4 sanctify1 consecration1
216,deft,1031,stalker,hunting_bow,mark_prey,1,pack,none,1,1,30.22,0,45.00,,0,48157,73,81,1.8,0.192,0.487,49318,13.2,0.000,1,4,stormborn hunters_mark,Longtooth Wolf:1924 blast:1651 Thicket Tusker:867 Blight-Sick Wolf:419,12 15 20 23 25 27 29 31 33 34 35 37 39 40 41 42 43 45 46 47 48 50 50 51 53 53 54 56 57 58 59 59 61 62 63 64 65 66 67 68 69 70 71 72 73,40 54 51 52 62 77 82 77 63 71 89 106 110 74 113 142 146 105 91 114 104 96 113 162 114 128 145 114 122 98 119 144 157 181 156 185 206 212 191 162 341 351 326 346 336,0.97 1 0.98 0.96 1 0.8 0.97 0.87 0.86 0.91 1 0.89 1 1 1 1 0.83 0.81 1 1 1 1 1 1 1 1 1 1 1 1 1 1 1 1 1 1 0.95 1 1 1 1 1 1 1 1,volley8 sunlance8 deepwinter8 blighted_earth8 strangleroot8 soul_siphon8 | stormborn1 plague_bearer1 shatter1 emberseekers1 fracture1 grave_call1 hunters_mark2 haste5 recovery4 chilling3 perennial5 deep_chill1 searing4 warding3
217,deft,8950,stalker,knife_belt,mark_prey,1,pack,none,1,1,30.22,0,45.00,,0,48108,74,82,1.82,0.390,0.754,49318,13.3,0.000,0,4,arcane_overflow iron_vow,blast:1361 Longtooth Wolf:538 Thicket Tusker:199 Blight-Sick Wolf:64,7 13 16 22 25 27 29 30 32 34 35 37 38 40 41 42 43 45 46 47 48 49 50 51 52 54 54 56 57 58 59 60 61 62 63 64 65 66 67 68 70 71 72 73 74,43 47 50 47 59 70 69 68 87 85 98 85 100 111 79 88 108 100 134 104 79 104 78 94 80 108 90 87 111 72 68 126 106 126 137 177 177 206 248 202 205 209 159 233 274,0.93 0.98 1 1 1 0.89 1 1 0.99 0.95 1 1 1 1 0.91 1 1 1 1 1 1 1 0.98 1 1 1 1 1 1 1 1 1 1 1 1 1 1 1 1 1 1 1 1 1 1,steel_flurry8 mote_cascade8 glacier_spear8 moonfall8 living_flame8 gale_chakram8 | arcane_overflow2 shatter1 kindling1 deep_chill1 blood_scent1 iron_vow1 velocity3 fleetfoot5 perennial5 duplicity3 greed5 might5 grave_call1 pack_leader1
218,deft,16869,stalker,hunting_bow,smoke_bomb,1,pack,none,1,0,,1,40.39,wolf,22,19688,54,61,1.51,0.000,0.000,49318,623.2,0.274,3,2,duelists_grace cinderwake,Longtooth Wolf:2023 blast:1356 Thicket Tusker:1021 Blight-Sick Wolf:656,8 14 17 20 22 24 27 29 30 32 33 34 35 36 38 39 40 40 42 42 44 44 45 46 46 47 48 49 50 51 52 52 52 52 53 53 53 53 54 54,43 43 58 56 73 74 89 71 95 115 119 120 126 131 140 160 168 162 188 178 197 205 205 205 223 236 228 253 264 275 129 129 139 142 134 151 152 157 162 165,0.97 1 1 1 1 1 1 1 0.91 0.93 1 0.81 0.82 0.63 0.9 0.74 0.89 1 1 0.83 0.68 1 0.92 0.6 1 0.71 1 0.74 0.81 1 1 1 0.77 1 0.9 1 0.45 0.7 0.87 0.54,arrowfall8 hailwheel8 verdant_lance8 great_herd8 lunar_brand8 axe_gyre8 | duelists_grace1 plague_bearer1 grave_call3 cinderwake1 pack_leader1 velocity3 perennial2 fortune1 warding1 chilling1 ironhide1 fracture1
219,deft,24788,stalker,knife_belt,smoke_bomb,1,pack,none,1,1,30.73,1,44.09,wolf,24,34216,66,73,1.66,0.000,0.237,49318,44.1,0.000,3,2,spirit_companion stormborn,blast:2443 Longtooth Wolf:2320 Thicket Tusker:998 Blight-Sick Wolf:776,9 13 18 19 24 26 27 30 31 33 34 35 37 38 39 40 42 43 43 45 46 47 48 49 50 51 53 53 54 55 56 57 58 59 60 61 62 62 63 64 64 65 65 66,40 51 50 57 52 102 92 78 98 107 122 119 127 142 148 163 161 150 160 195 183 201 192 227 198 219 244 256 262 271 279 287 298 274 307 320 325 315 321 348 349 355 355 358,1 1 1 1 1 1 1 1 1 1 1 1 1 0.89 0.89 1 1 1 0.8 1 0.82 0.88 1 1 1 1 1 1 1 0.85 1 1 0.95 0.81 1 0.75 0.82 0.85 0.97 1 0.93 1 1 1,thousand_cuts8 reckoning8 living_flame8 thornbloom8 reavers_wheel8 soul_siphon8 | spirit_companion1 pack_leader1 pyre_burst1 soul_harvest1 grave_call2 stormborn1 kindling1 serration4 recovery4 perennial5 precision2 might2 greed3
220,deft,32707,stalker,hunting_bow,mark_prey,1,pack,none,1,1,30.47,1,40.52,wolf_alpha,23,35193,65,72,1.78,0.000,0.491,49318,28.0,0.000,3,3,glass_cannon bloodthirst,Longtooth Wolf:3338 Thicket Tusker:2126 blast:1778 Blight-Sick Wolf:1455,10 16 21 21 25 27 29 31 33 34 36 37 38 40 41 43 44 45 45 47 48 49 50 51 52 53 54 55 56 57 58 59 60 61 62 62 63 64 64 64,37 51 39 36 51 66 56 69 93 95 113 120 90 87 66 125 120 175 128 145 198 205 185 206 154 253 163 157 170 189 208 292 295 271 298 310 317 328 328 343,0.97 1 1 1 0.89 1 1 1 1 1 1 1 1 1 1 1 1 1 1 1 1 1 1 1 0.97 1 0.83 1 1 1 1 1 1 1 0.78 1 1 1 1 1,arrowfall8 reckoning8 soul_siphon8 starseeker8 tether_of_anguish8 verdant_gaze8 | glass_cannon1 soul_harvest1 pack_leader1 dread_command1 grave_call2 plague_bearer1 bloodthirst1 greed2 expanse3 velocity1 precision5 recovery4 searing2
221,deft,40626,stalker,knife_belt,mark_prey,1,pack,none,1,1,30.40,0,45.00,,0,43707,73,81,1.8,0.118,0.199,49318,23.9,0.000,3,3,bloodthirst cinderwake,Longtooth Wolf:6822 Thicket Tusker:3764 Blight-Sick Wolf:2771 blast:2371,9 13 19 22 24 26 29 29 31 32 35 36 38 39 40 41 43 43 45 46 48 49 50 50 52 53 54 56 57 58 59 60 61 62 64 65 66 67 68 69 70 71 72 72 73,34 49 48 63 64 79 87 81 86 81 105 110 103 147 117 155 140 131 108 111 148 123 122 156 201 178 138 156 139 144 188 152 264 245 237 283 318 307 333 328 342 362 362 376 385,1 1 1 1 1 1 0.99 1 0.99 1 0.98 0.96 1 1 0.97 1 0.98 1 1 1 1 1 1 0.95 1 1 1 1 0.96 0.99 1 1 1 1 1 1 1 0.8 1 0.87 1 0.81 1 1 1,steel_flurry8 tether_of_anguish8 everbloom8 thunder_palm8 plaguebloom8 great_herd8 | bloodthirst1 butchers_mark1 grave_call2 pack_leader1 plague_bearer1 blood_scent1 cinderwake1 perennial5 thorns5 velocity3 fleetfoot5 recovery4 haste5 dark_bargain1
222,deft,1034,stalker,hunting_bow,mark_prey,1,dead,none,1,1,30.63,1,35.93,barrow_knight,18,24815,51,57,1.59,0.000,0.060,39834,38.0,0.000,3,2,iron_vow arcane_overflow,bolt_bone:859 Barrow Knight:539 frost_orb:307 Risen Shieldman:53,6 9 9 14 17 18 21 22 23 25 27 28 29 30 31 32 33 34 35 36 37 38 38 39 41 41 43 43 45 46 46 47 48 49 50,35 44 51 66 66 76 81 91 97 106 132 117 126 129 152 153 153 141 184 192 206 213 210 225 221 238 241 244 266 268 285 248 284 284 263,1 1 1 1 1 1 1 1 1 1 1 1 1 1 1 1 1 1 0.97 1 1 0.97 0.86 1 1 0.94 0.94 1 1 1 1 1 1 1 1,arrowfall8 knifestorm8 seeking_motes8 fallen_star8 sunbreak8 moonfall8 | iron_vow1 blood_scent1 consecration1 butchers_mark1 pyre_burst1 arcane_overflow1 kindling1 might3 greed2 velocity1 expanse2
223,deft,8953,stalker,knife_belt,mark_prey,1,dead,none,1,1,31.00,0,45.00,,0,28854,56,63,1.4,0.064,0.082,39834,60.0,0.000,3,2,arcane_overflow restless_hands,bolt_bone:3219 Risen Shieldman:1176 frost_orb:894 Risen:679,5 8 11 13 14 17 19 21 22 23 24 26 28 29 30 31 32 33 35 35 37 37 39 39 40 41 41 42 43 45 46 46 48 49 50 51 52 53 53 54 54 54 55 56 56,34 40 53 66 71 72 88 95 104 103 119 113 122 142 142 160 165 167 179 182 201 215 208 218 227 206 243 250 258 267 61 274 291 302 312 283 317 320 325 389 335 350 352 373 369,1 1 1 1 1 1 1 1 1 1 1 1 1 1 1 0.97 1 0.93 1 1 1 0.98 1 1 1 1 1 1 1 1 0.23 1 1 1 1 1 1 1 1 1 1 1 0.74 1 1,knifestorm8 gale_chakram8 tether_of_anguish8 pyre_of_faith8 living_flame8 thornbloom8 | arcane_overflow1 blood_scent1 grave_call2 pack_leader1 consecration1 restless_hands1 dark_bargain1 perennial5 greed4 ferocity3 wisdom2 recovery1 searing1
224,deft,16872,stalker,hunting_bow,smoke_bomb,1,dead,none,1,1,30.61,0,45.00,,0,31974,64,71,1.58,0.116,0.116,39834,36.6,0.000,3,2,ember_tithe stormborn,bolt_bone:2076 frost_orb:940 Barrow Knight:672 Risen Shieldman:600,7 10 13 16 18 20 21 24 26 27 29 30 31 33 34 35 36 37 38 40 41 42 43 44 46 47 48 49 50 51 52 53 54 55 56 57 58 59 60 61 62 62 63 63 64,33 45 52 56 69 85 90 91 97 107 115 125 138 110 141 151 163 168 177 176 196 200 208 218 224 220 240 259 236 254 278 285 300 280 301 318 314 339 326 355 346 346 369 361 366,1 1 1 1 1 1 1 1 1 1 0.98 1 1 1 1 1 1 1 0.93 1 0.92 1 1 1 1 1 1 1 1 1 1 1 1 1 0.9 0.92 1 0.82 1 1 1 0.65 0.91 1 1,predators_volley8 moonfall8 everbloom8 tempest_coil8 fallen_star8 verdant_gaze8 | ember_tithe2 dark_bargain1 emberseekers1 grave_call1 storm_caller1 stormborn1 expanse4 thorns2 precision1 vitality5 ironhide3 greed3 plague_bearer1
225,deft,24791,stalker,knife_belt,smoke_bomb,1,dead,none,1,0,,1,43.96,risen_archer,25,12655,42,48,1.09,0.000,0.000,39834,837.5,0.054,3,2,hunters_mark stormborn,bolt_bone:2322 frost_orb:287 Risen:189,4 8 10 12 14 15 16 18 18 20 21 22 23 25 25 27 28 30 30 31 32 32 34 35 35 36 37 37 38 38 39 39 40 40 40 40 41 41 41 41 41 42 42,41 36 51 60 55 72 86 91 97 103 116 116 132 132 139 151 165 171 214 200 197 196 219 206 215 223 242 246 255 250 112 120 142 138 144 150 151 160 162 164 163 162 166,1 1 1 1 0.85 1 1 0.98 1 0.95 0.97 1 1 1 0.62 0.96 0.91 1 1 1 0.92 1 0.86 1 1 1 1 1 0.89 1 0.95 1 0.81 1 0.9 0.96 0.93 1 1 1 0.65 0.77 1,knifestorm8 cinderfall8 iron_palms8 reaving_arc8 rimeshard8 axe_gyre8 | hunters_mark2 pyre_burst1 soul_harvest1 blood_scent1 stormborn1 fracture1
226,deft,32710,stalker,hunting_bow,mark_prey,1,dead,none,1,1,32.18,1,40.49,barrow_knight,19,20851,48,54,1.33,0.000,0.409,39834,130.9,0.000,1,2,stormborn iron_vow,bolt_bone:2009 frost_orb:702 Risen:385 Risen Shieldman:264,6 10 12 14 15 17 18 20 21 23 24 26 27 28 30 31 32 32 34 35 36 36 37 38 39 40 41 41 42 42 43 44 44 45 45 46 46 47 47 48,35 40 49 56 62 71 78 90 99 101 109 120 128 137 149 162 163 168 180 187 186 195 214 212 231 229 229 260 242 257 93 85 287 305 297 301 317 358 325 329,1 1 1 1 0.96 1 0.99 1 1 1 0.94 1 1 1 1 1 1 1 0.83 0.91 1 1 1 1 1 1 1 1 1 1 1 0.99 0.73 1 1 1 1 1 0.98 1,volley8 gale_chakram8 living_flame8 deathcoil8 iron_palms8 rimeshard8 | stormborn2 grave_call1 deep_chill1 fracture1 iron_vow1 pack_leader1 duplicity2 perennial1 expanse1
227,deft,40629,stalker,knife_belt,mark_prey,1,dead,none,1,1,30.47,1,41.25,risen_archer,23,28816,55,62,1.5,0.000,0.297,39834,28.3,0.000,3,3,duelists_grace iron_vow,bolt_bone:1464 Risen Shieldman:941 Barrow Knight:624 frost_orb:474,5 8 11 13 16 17 19 21 22 24 26 27 28 30 30 32 33 34 35 36 37 38 39 40 40 41 42 43 44 45 46 46 47 48 49 51 51 52 53 54 54,33 43 50 53 59 78 84 92 101 113 118 115 130 140 137 153 185 183 183 182 200 199 213 217 194 204 243 248 265 258 268 287 286 281 314 331 324 332 328 356 353,1 1 1 1 0.96 1 1 1 1 0.96 1 0.92 1 0.94 1 0.89 0.97 1 1 1 1 1 1 1 1 0.91 1 0.93 1 1 0.91 1 1 0.75 1 1 1 1 1 0.41 0.98,thousand_cuts8 sunbreak8 razorgale8 ruin_bolt8 living_flame8 moonfall8 | duelists_grace1 consecration1 pyre_burst1 grave_call1 blood_scent1 iron_vow1 emberseekers1 might1 greed3 perennial3 serration1 fleetfoot3 precision1 dread_command1
228,deft,1037,stalker,hunting_bow,mark_prey,1,lamplings,none,1,1,30.55,0,45.00,,0,47806,61,68,1.51,0.313,0.494,43628,33.0,0.000,1,4,duelists_grace cinderwake,Lampling Tunneler:3109 blast:1875 firepot:807 burning ground:252,5 11 14 17 18 21 23 25 26 27 29 31 32 33 34 35 36 37 38 39 39 41 41 42 43 44 45 46 47 47 48 49 50 51 52 52 53 54 55 56 57 58 59 60 61,35 50 55 65 66 68 88 77 60 74 82 89 106 145 114 132 127 121 104 118 153 118 163 114 95 176 149 149 140 175 144 164 188 144 145 195 194 164 182 151 274 163 182 181 209,1 1 1 1 1 1 1 1 1 0.98 1 0.92 0.86 1 1 1 1 0.83 0.89 0.91 1 0.93 0.89 0.99 1 1 1 1 1 1 1 1 1 0.38 1 1 1 1 1 0.56 1 0.86 1 1 1,arrowfall8 razorgale8 aegis_wheel8 glacier_spear8 moonfall8 wild_hunt8 | duelists_grace2 fracture1 deep_chill1 pack_leader1 cinderwake1 shatter1 might3 velocity3 serration4 ironhide5 expanse4 fleetfoot3 grave_call1
229,deft,8956,stalker,knife_belt,mark_prey,1,lamplings,none,1,1,30.84,0,45.00,,0,46022,64,71,1.58,0.295,0.640,43628,50.1,0.000,3,4,ember_tithe iron_vow,Lampling Tunneler:5795 blast:888 firepot:477 burning ground:205,8 13 15 17 20 22 24 26 28 29 31 32 33 34 36 37 38 39 40 41 42 43 44 45 46 47 48 48 49 50 51 52 52 53 54 55 56 57 58 59 60 61 62 63 64,37 41 57 59 54 79 77 87 92 88 108 117 117 123 98 145 121 98 105 126 105 126 141 120 125 180 171 128 140 130 166 137 181 199 214 197 160 150 173 154 335 301 357 314 293,1 1 1 1 1 1 0.96 0.96 1 1 1 1 0.93 1 0.9 1 0.98 0.91 1 1 0.92 1 1 1 1 1 0.86 1 1 1 1 1 1 1 1 1 1 1 1 1 1 1 1 1 1,steel_flurry8 everbloom8 gale_chakram8 umbral_bolt8 wild_hunt8 circle_of_dawn8 | ember_tithe1 grave_call1 butchers_mark1 sanctify1 blood_scent1 iron_vow1 consecration1 precision1 fleetfoot3 wisdom4 vitality3 thorns5 dread_command1 expanse1
230,deft,16875,stalker,hunting_bow,smoke_bomb,1,lamplings,none,1,1,30.50,0,45.00,,0,44829,59,66,1.47,0.496,0.777,43628,29.9,0.000,0,2,cinderwake bloodthirst,Lampling Tunneler:5363 blast:1679 firepot:1130 burning ground:201,8 10 13 16 19 20 23 25 26 28 29 31 32 33 34 35 36 37 38 39 40 40 42 42 43 44 45 46 46 47 48 49 50 50 51 52 53 54 55 55 57 57 58 59 59,36 49 34 51 57 82 73 74 81 89 117 88 108 87 91 117 110 128 114 118 141 157 130 137 112 135 143 128 120 115 175 171 140 131 242 302 313 291 339 325 358 365 384 383 384,1 1 1 1 1 0.91 0.93 1 1 0.97 1 0.91 1 1 1 1 1 1 1 1 1 1 1 1 1 1 1 1 1 1 1 1 1 0.95 1 1 1 1 1 1 1 1 0.87 0.65 1,predators_volley8 reckoning8 soul_siphon8 tether_of_anguish8 gale_chakram8 plaguebloom8 | cinderwake2 soul_harvest1 plague_bearer1 pack_leader1 dread_command2 bloodthirst1 precision3 perennial5 expanse4 vitality2 recovery4 wisdom2
231,deft,24794,stalker,knife_belt,smoke_bomb,1,lamplings,none,1,1,30.88,1,44.94,lampling,25,43865,59,66,1.47,0.000,0.457,43628,53.0,0.000,3,3,momentum momentum,Lampling Tunneler:3980 blast:1472 firepot:681 burning ground:224,7 11 15 17 20 22 24 25 26 28 29 30 32 33 34 35 36 37 38 39 40 40 42 42 43 44 45 45 46 47 48 48 49 50 51 52 53 53 54 55 56 57 58 59,42 44 47 59 52 83 75 71 86 68 84 84 112 92 98 84 114 103 92 127 142 150 132 127 142 117 205 164 191 190 142 185 262 246 265 224 327 321 329 336 283 237 350 362,1 1 1 1 1 1 0.94 1 1 1 1 1 1 1 1 1 1 1 1 0.89 1 0.89 1 1 1 0.86 0.9 1 0.85 1 1 1 1 1 1 1 1 1 0.84 1 1 1 0.83 1,knifestorm8 living_flame8 seeking_motes8 tempest_coil8 arrowfall8 axe_gyre8 | momentum2 pyre_burst1 kindling1 grave_call1 static_charge1 blood_scent1 greed3 ironhide3 velocity3 perennial4 expanse1 wisdom4 dark_bargain1
232,deft,32713,stalker,hunting_bow,mark_prey,1,lamplings,none,1,1,30.65,1,41.97,lampling,22,40374,61,68,1.62,0.000,0.670,43628,39.0,0.000,3,3,duelists_grace cinderwake,Lampling Tunneler:5382 blast:1034 firepot:513 Lampling Sapper:325,8 11 14 17 20 22 24 26 28 30 31 32 34 34 36 37 38 39 40 41 42 43 44 45 46 47 48 49 50 50 51 52 53 53 54 55 56 57 58 59 60,44 41 44 59 68 68 89 94 90 91 88 97 114 103 108 123 97 126 199 117 147 183 161 219 233 150 155 132 153 213 223 191 154 253 305 276 306 315 328 329 355,1 1 1 1 1 1 1 1 1 0.95 1 1 1 1 1 1 1 1 0.83 1 1 1 1 1 1 1 1 1 1 0.88 0.9 1 1 1 0.84 1 0.99 1 1 1 1,arrowfall8 reckoning8 soul_siphon8 razorgale8 thousand_cuts8 moonfall8 | duelists_grace1 dark_bargain3 blood_scent1 grave_call1 cinderwake1 soul_harvest1 recovery2 greed3 perennial5 velocity3 fortune2 serration3
233,deft,40632,stalker,knife_belt,mark_prey,1,lamplings,none,1,1,30.44,1,42.36,lampling_sapper,24,43322,58,65,1.53,0.000,0.433,43628,26.4,0.000,3,4,restless_hands glass_cannon,blast:2253 Lampling Tunneler:2152 firepot:368 Lampling Sapper:176,6 11 13 15 18 20 22 23 25 27 28 30 31 32 33 35 36 37 37 38 40 40 41 42 43 44 45 46 46 47 48 49 49 50 51 52 53 54 55 56 57 58,40 50 49 61 58 81 89 78 73 62 85 110 111 92 113 113 101 103 83 101 117 119 110 130 135 153 125 133 121 130 150 187 188 188 181 175 272 269 246 186 294 245,1 1 1 1 1 1 1 1 1 1 0.91 1 1 0.97 1 1 0.96 1 0.97 0.83 0.65 1 0.86 1 1 1 1 0.83 1 1 1 1 1 1 0.71 1 1 1 1 0.93 1 0.86,thousand_cuts8 verdant_gaze8 harrowing8 plaguebloom8 living_flame8 reavers_wheel8 | restless_hands1 blood_scent1 soul_harvest1 pyre_burst1 plague_bearer1 glass_cannon1 kindling1 velocity3 perennial4 expanse2 serration2 wisdom1 vitality2 emberseekers1
234,deft,1040,stalker,hunting_bow,mark_prey,1,kerchiefs,none,1,1,30.59,0,45.00,,0,37809,70,78,1.73,0.220,0.278,45524,35.4,0.000,2,3,momentum restless_hands,firepot:1376 Kerchief Bruiser:1084 Kerchief Footpad:855 burning ground:761,10 15 18 23 26 28 30 31 34 36 37 38 40 42 42 44 45 47 48 49 50 52 53 54 55 57 57 58 58 59 60 61 62 63 64 64 66 67 67 68 69 69 69 70 70,42 48 53 50 56 81 81 84 105 89 107 128 131 114 154 156 160 127 172 182 158 179 188 176 166 233 221 231 235 184 238 289 292 292 316 308 314 353 326 340 344 347 363 363 384,1 1 1 1 1 1 1 1 1 1 1 1 1 1 1 1 1 1 1 0.98 0.96 1 1 1 1 1 0.96 1 1 1 1 1 1 1 1 1 1 1 1 1 1 1 1 0.54 0.7,arrowfall8 reavers_wheel8 aegis_wheel8 strangleroot8 thousand_cuts8 hailwheel8 | momentum1 grave_call3 blood_scent1 butchers_mark1 restless_hands2 chilling3 recovery4 haste5 vitality5 velocity3 deep_chill1 serration4
235,deft,8959,stalker,knife_belt,mark_prey,1,kerchiefs,none,1,1,30.31,1,35.63,enforcer,18,31059,65,72,2.02,0.000,0.060,45524,18.5,0.000,2,2,arcane_overflow momentum,Kerchief Bruiser:519 Kerchief Footpad:436 Kerchief Enforcer:383 firepot:132,9 15 19 22 24 25 27 30 32 34 35 36 38 39 40 40 43 44 45 47 48 50 51 52 53 55 56 57 58 58 59 61 62 63 64,38 43 54 58 71 82 85 87 99 100 111 130 137 142 146 164 159 161 176 121 192 122 203 118 132 161 186 179 180 222 166 158 248 193 240,0.8 1 1 1 1 1 1 1 1 1 1 1 0.91 0.86 0.94 1 1 1 1 1 1 1 1 1 1 1 1 1 1 1 1 1 1 1 1,thousand_cuts8 lunar_brand8 mote_cascade8 razorgale8 ruin_bolt8 great_herd8 | arcane_overflow1 blood_scent1 dread_command1 soul_harvest1 grave_call1 butchers_mark1 momentum1 duplicity3 fortune3 velocity3 perennial4 might5 serration3 pack_leader1
236,deft,16878,stalker,hunting_bow,smoke_bomb,1,kerchiefs,none,1,1,30.14,0,45.00,,0,44319,75,83,1.84,0.732,0.732,45524,8.6,0.000,0,3,stormborn hunters_mark,firepot:724 burning ground:338 Kerchief Enforcer:239 Kerchief Bruiser:157,10 13 18 20 23 25 27 30 31 33 35 36 37 39 40 41 43 45 46 47 48 50 51 52 53 55 55 57 58 59 61 62 62 63 64 65 66 67 68 69 70 71 72 74 75,37 43 46 54 76 90 88 80 95 89 107 111 115 146 128 128 158 167 121 149 191 190 90 141 125 126 124 115 213 108 202 91 167 189 171 241 245 248 306 214 366 289 318 267 363,1 1 1 1 1 1 0.96 0.99 1 1 1 0.99 1 1 1 1 1 1 0.99 1 1 1 1 1 1 1 1 1 1 1 1 1 1 1 1 1 1 1 1 1 1 1 1 1 1,arrowfall8 sanctified_earth8 razorgale8 deathcoil8 dawnpulse8 reavers_wheel8 | stormborn1 storm_caller1 grave_call3 sanctify1 hunters_mark2 velocity3 ironhide5 serration4 haste5 duplicity3 perennial5 pack_leader1
237,deft,24797,stalker,knife_belt,smoke_bomb,1,kerchiefs,none,1,1,30.81,1,42.82,enforcer,23,32177,71,79,1.85,0.000,0.294,45524,48.7,0.000,2,2,restless_hands restless_hands,Kerchief Footpad:586 Kerchief Enforcer:535 Kerchief Bruiser:254 firepot:92,7 13 17 20 23 26 28 29 31 33 33 35 37 38 39 41 42 44 45 46 47 49 50 51 52 54 55 56 58 59 60 61 62 63 65 66 66 67 68 69 70 70,37 41 48 60 58 84 78 94 96 104 117 117 132 137 142 146 164 168 169 176 194 201 217 217 168 227 240 237 195 266 228 255 278 299 300 305 313 328 329 379 353 371,1 1 1 1 1 1 1 0.99 1 1 1 1 1 1 1 1 1 1 1 1 1 1 1 1 0.98 1 1 1 1 1 1 1 1 1 1 1 1 1 1 1 1 0.57,steel_flurry8 verdant_lance8 thornbloom8 mote_cascade8 wild_hunt8 lunar_brand8 | restless_hands2 soul_harvest1 plague_bearer1 blood_scent1 pack_leader1 dark_bargain1 warding3 fortune4 duplicity3 fleetfoot5 ferocity4 haste5 grave_call2
238,deft,32716,stalker,hunting_bow,mark_prey,1,kerchiefs,none,1,1,30.28,1,40.66,enforcer,23,39758,82,90,2.21,0.000,0.473,45524,16.5,0.000,0,3,ember_tithe arcane_overflow,firepot:1606 burning ground:955 Kerchief Enforcer:263 Kerchief Footpad:141,12 17 20 24 27 29 32 34 36 38 39 41 43 44 46 47 49 50 51 53 55 56 57 59 61 62 63 65 66 68 69 69 71 73 74 76 77 78 80 81,37 41 57 61 70 70 75 96 105 108 125 123 123 131 130 141 140 128 105 170 139 123 142 124 146 224 171 185 135 185 115 219 237 210 199 189 207 251 215 297,1 1 1 1 1 1 1 0.97 1 1 1 0.93 0.83 1 1 1 1 1 1 0.87 1 1 1 1 1 1 1 1 1 1 1 1 1 1 1 1 1 1 1 1,predators_volley8 thunder_palm8 circle_of_dawn8 deepwinter8 starseeker8 hallowed_ring8 | ember_tithe2 consecration1 sanctify1 shatter1 dark_bargain1 deep_chill1 arcane_overflow1 haste5 precision5 thorns5 recovery4 duplicity3 velocity3 static_charge1
239,deft,40635,stalker,knife_belt,mark_prey,1,kerchiefs,none,1,1,30.90,1,40.50,footpad,20,34630,69,76,1.88,0.000,0.300,45524,54.2,0.000,3,2,hunters_mark stormborn,Kerchief Footpad:1396 Kerchief Bruiser:960 firepot:606 burning ground:199,6 13 19 22 23 27 29 31 33 34 36 38 39 40 42 42 45 45 47 49 50 51 52 54 55 56 57 58 60 61 61 62 63 64 65 66 67 68 68 69,39 47 63 57 73 81 82 100 92 107 108 130 127 129 115 170 136 148 145 148 172 166 146 157 204 171 181 186 223 214 127 276 297 301 280 307 329 316 337 343,1 1 1 1 0.94 1 1 1 1 1 1 1 0.87 0.92 1 1 1 1 1 1 1 1 1 1 1 1 1 1 0.41 1 1 1 1 1 1 1 1 1 0.39 1,steel_flurry8 arrowfall8 great_herd8 tempest_coil8 hailwheel8 strangleroot8 | hunters_mark2 dread_command1 grave_call1 blood_scent1 butchers_mark1 stormborn1 velocity3 perennial5 chilling3 fleetfoot5 greed5 expanse5 fracture1
240,deft,1062,stalker,hunting_bow,mark_prey,2,pack,none,4,1,30.34,1,38.04,wolf,22,36610,70,78,2.05,0.000,0.295,83410,20.5,0.000,3,3,iron_vow iron_vow,Longtooth Wolf:2769 blast:1646 Thicket Tusker:1583 Blight-Sick Wolf:768,9 15 19 24 27 29 31 33 35 36 37 39 41 42 43 44 45 47 48 49 50 52 53 54 55 56 57 59 60 61 62 63 64 65 66 68 69 70,45 53 50 62 59 86 74 107 99 98 118 125 124 147 127 131 189 109 115 110 178 139 160 142 162 153 129 146 207 165 173 196 227 191 203 241 253 329,1 1 1 1 1 0.76 0.98 0.82 1 1 1 0.87 0.68 0.75 1 0.78 1 1 0.99 1 1 0.83 1 0.96 1 1 1 0.99 1 1 1 1 1 1 0.8 0.53 0.87 0.34,predators_volley8 starseeker8 skybreak8 glacier_spear8 reavers_wheel8 soul_siphon8 | iron_vow2 deep_chill1 grave_call1 storm_caller1 dread_command1 static_charge1 precision4 recovery4 velocity3 expanse5 shatter1 serration4 wisdom4 fracture1
241,deft,8981,stalker,knife_belt,mark_prey,2,pack,none,4,1,30.62,0,45.00,,0,33596,70,78,1.73,0.387,0.387,83410,37.2,0.000,0,2,iron_vow stormborn,Longtooth Wolf:2244 Thicket Tusker:1237 Blight-Sick Wolf:1061 blast:824,6 13 17 21 24 27 29 30 31 31 34 36 38 40 41 42 44 46 47 48 50 51 52 54 55 56 57 59 60 61 61 63 64 65 65 66 67 68 68 69 69 69 70 70 70,41 47 55 71 82 83 93 102 112 118 126 130 151 149 165 174 181 200 197 178 223 148 231 139 126 186 207 231 280 148 181 302 189 336 276 316 377 368 375 369 377 404 391 384 384,1 1 1 1 0.97 1 1 1 1 1 0.99 1 1 0.97 1 1 1 0.77 1 1 1 1 1 0.98 1 1 1 1 1 0.98 1 1 1 1 1 1 0.96 1 1 1 1 0.83 0.81 1 1,steel_flurry8 tether_of_anguish8 arrowfall8 gale_chakram8 verdant_gaze8 sanctified_earth8 | iron_vow2 dark_bargain2 blood_scent1 sanctify1 consecration1 stormborn1 velocity3 ironhide5 vitality5 fleetfoot5 evasion4 plague_bearer1 recovery4
242,deft,16900,stalker,hunting_bow,smoke_bomb,2,pack,none,4,1,31.21,1,38.97,wolf_blighted,22,13943,51,57,1.46,0.000,0.282,83410,72.8,0.000,3,2,stormborn restless_hands,Longtooth Wolf:2316 Thicket Tusker:880 blast:877 Blight-Sick Wolf:641,8 13 18 21 23 26 26 28 30 31 33 34 35 36 37 38 38 39 40 41 42 43 43 44 45 45 46 46 46 47 48 48 48 49 49 50 50 51,41 50 59 65 73 86 88 102 107 120 133 134 146 150 159 170 181 185 189 210 213 221 230 240 243 257 256 271 285 279 167 299 309 320 332 330 357 367,0.93 0.88 0.96 0.96 1 0.64 0.64 1 1 1 0.89 0.85 1 1 1 0.9 1 1 0.84 0.95 1 0.81 0.92 1 1 1 1 1 1 0.92 1 0.78 0.88 1 0.67 1 1 1,volley8 verdant_gaze8 tempest_coil8 rimeshard8 cinderfall8 thousand_cuts8 | stormborn2 fracture1 deep_chill1 kindling1 restless_hands1 plague_bearer1 serration2 evasion2 expanse1
243,deft,24819,stalker,knife_belt,smoke_bomb,2,pack,none,4,1,31.53,1,43.58,boar,27,23951,64,71,1.63,0.000,0.645,83410,91.9,0.000,1,1,bloodthirst glass_cannon,Longtooth Wolf:3563 Thicket Tusker:1679 blast:1559 Blight-Sick Wolf:658,7 13 16 19 21 23 25 27 29 29 30 30 32 33 34 36 37 38 39 41 42 43 44 45 46 47 49 50 51 52 53 53 55 55 57 58 59 60 61 61 62 63 64,39 53 56 70 77 82 88 106 109 117 126 138 137 154 166 173 179 186 198 221 213 229 233 236 240 250 272 271 297 284 144 311 313 320 325 334 341 384 365 371 411 380 391,1 1 1 1 1 1 1 1 1 1 1 1 1 1 0.95 1 1 1 1 1 0.88 1 0.97 1 1 0.92 1 1 1 1 1 0.9 1 1 1 1 1 1 1 1 1 1 0.96,knifestorm8 glacier_spear8 tether_of_anguish8 everbloom8 gale_chakram8 circle_of_dawn8 | bloodthirst2 blood_scent1 butchers_mark1 dark_bargain1 glass_cannon1 shatter1 thorns4 velocity3 evasion3 vitality3 recovery4 fracture1 fortune2
244,deft,32738,stalker,hunting_bow,mark_prey,2,pack,none,4,1,30.34,1,44.10,boar,27,45775,75,83,1.88,0.000,0.112,83410,20.4,0.000,3,4,hunters_mark duelists_grace,Longtooth Wolf:2309 blast:1544 Thicket Tusker:1106 Greymuzzle:985,9 16 22 25 28 30 31 32 35 37 38 40 41 42 44 45 46 48 49 50 51 52 53 54 55 56 57 58 59 61 61 61 62 63 65 66 67 68 69 70 71 73 73 75,44 46 51 52 53 74 94 87 99 82 136 89 136 98 98 108 111 95 63 74 98 71 65 82 68 81 91 108 69 87 127 96 94 102 113 172 137 131 206 251 340 350 411 396,0.86 0.89 0.99 0.95 0.92 1 0.95 0.89 0.89 1 0.94 0.95 0.94 1 1 1 0.86 1 1 1 1 1 1 0.97 1 1 1 1 1 1 1 1 1 1 1 1 1 1 1 0.81 0.82 1 1 0.51,predators_volley8 reavers_wheel8 starseeker8 plaguebloom8 great_herd8 living_flame8 | hunters_mark3 pyre_burst1 kindling1 grave_call1 duelists_grace1 evasion4 precision5 recovery4 perennial5 ironhide5 serration4 pack_leader1 plague_bearer1
245,deft,40657,stalker,knife_belt,mark_prey,2,pack,none,4,1,30.46,0,45.00,,0,36600,78,86,1.91,0.210,0.278,83410,27.6,0.000,3,3,duelists_grace ember_tithe,Longtooth Wolf:7245 Thicket Tusker:3627 Blight-Sick Wolf:2863 blast:2581,5 12 17 21 25 26 29 31 31 34 35 36 38 40 41 43 44 46 47 49 50 52 53 54 56 57 58 60 61 63 64 65 66 68 69 70 72 73 74 75 75 76 76 77 78,46 51 58 67 76 83 96 101 100 122 133 145 147 119 149 144 118 164 203 192 221 188 165 208 190 267 231 234 227 141 205 306 194 348 321 349 360 358 388 381 393 392 393 400 380,0.96 1 1 1 1 1 1 1 0.92 1 1 1 1 0.94 1 1 1 0.93 0.93 1 1 1 0.93 1 0.9 1 1 1 1 0.98 1 1 1 1 1 1 1 1 1 1 1 1 0.79 1 1,thousand_cuts8 mote_cascade8 tether_of_anguish8 cinderfall8 reavers_wheel8 verdant_lance8 | duelists_grace2 blood_scent1 plague_bearer1 kindling1 butchers_mark1 pyre_burst1 ember_tithe2 serration4 velocity3 wisdom4 thorns5 fortune4 duplicity3
246,deft,1065,stalker,hunting_bow,mark_prey,2,dead,none,4,0,,1,43.36,risen_archer,26,12760,44,50,1.15,0.000,0.000,67370,801.8,0.272,3,2,cinderwake stormborn,bolt_bone:2539 frost_orb:810 Risen Shieldman:545 Risen:488,6 9 11 13 15 17 18 20 21 22 23 24 25 26 27 28 29 30 31 32 33 34 35 36 36 37 37 38 39 40 40 41 41 42 42 42 42 43 43 43 43 43 44,42 46 50 64 73 103 93 94 111 117 129 137 139 149 156 175 180 180 195 202 212 217 226 233 235 258 266 270 281 299 99 138 157 164 160 166 163 160 166 165 157 163 163,1 1 1 1 1 1 1 1 1 1 1 0.98 0.98 0.79 1 1 1 0.98 0.99 1 1 1 0.94 0.94 1 1 1 1 0.65 1 0.82 0.97 0.66 1 1 1 1 1 1 1 0.85 1 0.45,volley8 reaving_arc8 gale_chakram8 knifestorm8 moonbrand8 iron_palms8 | cinderwake1 grave_call1 dread_command1 pack_leader1 stormborn1 blood_scent1 soul_harvest1 velocity1
247,deft,8984,stalker,knife_belt,mark_prey,2,dead,none,4,0,,0,45.00,,0,15286,45,51,1.13,0.355,0.355,67370,900.0,0.393,0,2,iron_vow spirit_companion,bolt_bone:981 Risen Shieldman:472 Risen:455 frost_orb:237,2 6 9 11 14 17 18 20 23 24 25 27 28 29 30 31 31 33 33 34 34 35 35 36 37 39 40 40 41 42 42 42 43 43 43 43 44 44 44 44 45 45 45 45 45,47 47 52 64 72 87 91 101 107 119 126 137 142 152 167 206 171 188 194 203 207 224 233 232 247 276 276 267 277 302 93 150 146 157 162 164 165 165 166 167 164 164 166 168 169,1 1 1 1 1 1 1 1 1 1 0.85 1 1 1 1 0.91 1 1 1 1 1 0.85 1 0.8 0.4 1 0.61 1 1 1 1 1 1 1 1 1 1 1 0.88 1 1 1 1 1 1,knifestorm8 rimeshard8 seeking_motes8 reaving_arc8 thornbloom8 moonbrand8 | iron_vow1 deep_chill1 soul_harvest1 blood_scent1 pack_leader1 spirit_companion1 fracture1
248,deft,16903,stalker,hunting_bow,smoke_bomb,2,dead,none,4,1,31.07,0,45.00,,0,24456,57,64,1.42,0.301,0.712,67370,64.2,0.000,1,1,ember_tithe hunters_mark,bolt_bone:1718 Barrow Knight:322 frost_orb:253 Risen Shieldman:153,8 11 13 16 18 20 22 24 25 27 29 30 31 33 34 35 36 37 38 39 40 41 42 43 44 45 46 47 48 49 49 50 51 52 53 54 55 55 56 56 56 57 57 57 57,39 46 50 66 73 84 98 103 104 115 124 137 143 161 157 168 174 184 196 206 217 217 239 248 247 263 269 273 280 274 54 316 310 343 304 348 337 360 365 381 431 392 397 385 389,1 1 1 1 1 0.98 1 1 1 1 1 1 1 1 1 1 1 1 1 1 1 1 1 1 1 1 1 1 1 1 1 1 1 1 1 1 1 1 1 1 1 1 1 1 1,arrowfall8 starseeker8 hallowed_ring8 lunar_brand8 tether_of_anguish8 skybreak8 | ember_tithe1 soul_harvest1 consecration1 storm_caller1 dread_command1 hunters_mark2 velocity3 fortune2 recovery1 vitality3 precision2 perennial2 sanctify1
249,deft,24822,stalker,knife_belt,smoke_bomb,2,dead,none,4,1,31.39,1,41.56,barrow_knight,26,20373,51,57,1.37,0.000,0.252,67370,83.1,0.000,3,2,bloodthirst momentum,bolt_bone:2166 Risen Shieldman:902 Barrow Knight:615 frost_orb:563,4 8 11 13 15 17 19 20 22 23 25 26 27 28 29 29 31 32 33 34 35 36 37 38 39 39 41 42 42 43 44 44 45 45 46 47 48 49 49 50 51,45 52 56 65 76 84 98 106 109 116 122 133 140 151 164 174 184 187 194 204 219 218 228 241 245 243 288 269 286 290 49 307 312 328 337 353 362 358 374 394 381,0.97 1 1 0.99 1 1 1 1 1 1 1 0.94 0.94 1 1 1 1 1 1 0.96 1 1 1 1 1 1 1 0.92 1 1 0.95 0.83 0.91 1 1 1 1 1 1 1 0.83,thousand_cuts8 living_flame8 wild_hunt8 thunder_palm8 judgement_disc8 moonbrand8 | bloodthirst1 pack_leader1 butchers_mark1 emberseekers1 blood_scent1 momentum1 kindling1 serration1 fleetfoot1 perennial2 haste1
250,deft,32741,stalker,hunting_bow,mark_prey,2,dead,none,4,0,,1,10.67,barrow_knight,9,2735,23,26,2.44,0.000,0.000,0,0.0,,3,0,cinderwake,bolt_bone:447 Barrow Knight:333 Risen:19,5 9 12 13 14 17 19 20 21 23,48 50 59 65 68 86 92 98 111 116,1 1 1 1 0.97 1 1 1 0.83 0.81,volley2 axe_gyre7 gale_chakram2 moonbrand4 cinderfall5 iron_palms5 | cinderwake1 grave_call2 pyre_burst1
251,deft,40660,stalker,knife_belt,mark_prey,2,dead,none,4,0,,1,40.70,barrow_knight,17,8970,40,46,1.13,0.000,0.000,67370,642.2,0.514,0,1,arcane_overflow momentum,bolt_bone:1441 Barrow Knight:368 frost_orb:299 Risen:130,4 9 13 14 17 18 20 22 23 24 25 26 27 27 28 28 29 30 30 31 32 32 33 34 35 35 36 36 36 37 38 38 38 39 39 39 39 40 40 40,42 52 53 67 70 82 98 98 111 108 125 132 169 146 156 166 171 179 205 198 215 217 225 233 246 255 263 263 278 293 148 152 157 160 167 171 166 168 163 167,1 1 1 1 1 1 1 1 1 1 0.9 1 1 1 1 1 1 1 1 1 1 1 1 1 1 1 1 1 1 1 1 0.89 1 1 0.7 1 1 1 0.83 1,knifestorm8 seeking_motes8 reaving_arc8 volley7 iron_palms8 grave_tether8 | arcane_overflow1 dark_bargain1 blood_scent1 butchers_mark1 grave_call1 momentum1 soul_harvest1
252,deft,1068,stalker,hunting_bow,mark_prey,2,lamplings,none,4,1,30.24,0,45.00,,0,48510,63,70,1.56,0.029,0.391,73786,14.4,0.000,3,4,glass_cannon momentum,blast:2581 Lampling Tunneler:1590 firepot:1437 burning ground:410,9 12 16 18 21 24 26 27 29 30 32 32 34 35 36 37 39 40 40 41 42 43 44 45 46 47 48 49 49 50 51 52 52 53 54 55 56 57 58 58 60 61 61 62 63,42 47 52 68 51 68 72 58 73 59 92 84 88 94 70 112 104 76 102 101 122 156 96 117 99 142 142 120 124 101 150 138 151 141 112 147 187 224 203 183 166 162 206 184 199,1 1 1 1 1 1 1 1 1 1 0.85 0.85 1 1 1 0.97 0.83 1 1 1 1 1 1 1 1 1 0.8 1 0.95 1 1 1 1 1 0.72 1 1 1 1 1 0.62 0.71 1 0.55 1,volley8 fallen_star8 aegis_wheel8 moonfall8 gyrestorm8 deepwinter8 | glass_cannon1 emberseekers1 kindling1 grave_call1 deep_chill1 momentum1 dread_command1 ferocity4 haste3 serration4 ironhide2 greed2 expanse5 pyre_burst1
253,deft,8987,stalker,knife_belt,mark_prey,2,lamplings,none,4,1,30.64,0,45.00,,0,41454,59,66,1.47,0.251,0.386,73786,38.4,0.000,3,3,glass_cannon restless_hands,Lampling Tunneler:3284 blast:1505 firepot:705 burning ground:173,5 11 13 16 19 21 24 25 28 29 31 31 33 34 35 36 37 38 39 40 41 42 43 44 45 46 47 48 49 49 50 51 52 53 53 54 55 55 56 57 57 58 59 59 59,41 47 62 69 66 79 87 109 83 120 114 128 97 92 114 158 115 144 197 110 215 224 165 177 187 140 228 204 165 155 213 238 232 171 304 357 363 383 423 393 381 399 404 388 393,1 1 1 1 0.83 1 1 0.88 0.7 1 1 1 1 1 0.85 1 1 1 1 0.78 0.88 1 1 1 1 1 1 1 1 1 1 0.87 0.97 1 1 1 0.85 0.75 1 0.48 1 0.61 1 1 0.81,knifestorm8 glacier_spear8 cinderfall8 aegis_wheel8 temple_breaker8 sunlance8 | glass_cannon1 blood_scent1 grave_call2 kindling1 pack_leader1 restless_hands1 butchers_mark1 velocity3 ironhide3 searing3 greed2 evasion4 vitality3
254,deft,16906,stalker,hunting_bow,smoke_bomb,2,lamplings,none,4,1,31.44,0,45.00,,0,39560,60,67,1.49,0.456,0.780,73786,86.1,0.000,0,2,restless_hands restless_hands,Lampling Tunneler:2291 blast:1209 firepot:218 Lampling Sapper:61,5 10 15 18 20 23 26 27 29 30 32 32 34 35 37 38 39 40 41 42 43 44 44 45 46 47 48 49 50 50 51 51 52 53 53 54 55 56 57 57 58 59 59 60 60,43 47 58 65 64 68 72 77 112 81 94 81 125 98 107 134 141 150 207 196 182 224 236 246 199 261 262 266 293 260 79 328 311 332 346 352 347 362 372 372 390 398 409 404 404,1 1 1 1 1 1 0.99 1 1 1 0.91 1 1 1 1 1 0.98 1 1 1 1 1 1 1 1 1 1 0.89 1 1 1 1 1 1 1 0.99 1 1 1 1 1 1 0.86 1 1,predators_volley8 tether_of_anguish8 verdant_lance8 starseeker8 plaguebloom8 gyrestorm8 | restless_hands3 dark_bargain1 plague_bearer1 soul_harvest1 dread_command1 perennial5 precision2 ferocity2 pack_leader1 serration2 greed2 recovery1
255,deft,24825,stalker,knife_belt,smoke_bomb,2,lamplings,none,4,1,31.31,0,45.00,,0,39866,59,66,1.47,0.411,0.411,73786,78.3,0.000,0,3,duelists_grace bloodthirst,Lampling Tunneler:6814 blast:2303 firepot:700 Lampling Sapper:465,4 11 14 16 20 21 24 25 26 28 30 31 32 34 35 36 37 38 39 40 41 42 43 44 45 46 47 47 48 49 49 50 51 52 52 53 54 55 56 56 57 58 58 58 59,47 51 56 66 74 74 77 101 109 83 104 104 146 83 149 149 165 118 181 163 156 108 166 169 188 148 266 254 206 200 39 264 215 305 346 174 326 216 354 394 392 386 392 395 419,1 1 1 1 1 1 0.99 1 1 1 1 1 0.99 1 1 1 1 1 0.99 1 1 1 0.95 1 1 1 1 1 0.92 1 0.97 1 1 1 0.92 1 1 1 0.86 1 1 1 1 1 1,thousand_cuts8 razorgale8 aegis_wheel8 rend_and_mend8 reavers_wheel8 soul_siphon8 | duelists_grace2 butchers_mark1 grave_call1 blood_scent1 bloodthirst2 vitality4 precision1 recovery1 serration1 duplicity2 soul_harvest1 perennial5
256,deft,32744,stalker,hunting_bow,mark_prey,2,lamplings,none,4,1,30.98,0,45.00,,0,41272,63,70,1.56,0.411,0.663,73786,58.6,0.000,0,3,iron_vow ember_tithe,Lampling Tunneler:4012 blast:1455 firepot:770 burning ground:210,8 12 14 17 20 22 24 26 26 29 31 32 33 34 35 36 37 38 39 40 41 42 43 44 45 46 47 48 49 50 50 51 52 53 54 55 56 57 58 59 59 60 61 62 63,42 53 67 64 58 85 84 92 115 100 128 120 94 163 133 184 172 165 187 147 214 220 214 241 276 246 196 265 216 189 52 245 225 210 285 368 163 366 366 333 395 397 390 370 383,1 1 1 1 1 1 1 1 1 0.96 1 1 1 1 1 1 1 1 1 1 1 0.9 1 1 0.92 1 1 1 1 1 1 0.92 1 1 1 1 1 1 0.91 0.71 1 0.95 1 1 1,arrowfall8 glacier_spear8 moonfall8 aegis_wheel8 rend_and_mend8 temple_breaker8 | iron_vow1 fracture1 grave_call2 deep_chill1 soul_harvest1 ember_tithe1 pack_leader1 vitality5 velocity3 evasion3 expanse5 duplicity3 recovery4
257,deft,40663,stalker,knife_belt,mark_prey,2,lamplings,none,4,1,31.32,0,45.00,,0,43865,61,68,1.51,0.285,0.633,73786,79.2,0.000,3,3,duelists_grace restless_hands,Lampling Tunneler:4459 blast:1603 firepot:719 Lampling Sapper:219,6 11 14 18 20 22 25 27 28 30 31 32 33 34 36 37 38 39 40 41 41 43 43 44 45 46 47 47 49 49 50 50 51 52 53 54 55 55 56 57 58 59 60 60 61,41 50 57 66 66 81 93 84 80 86 127 80 102 145 106 132 116 166 146 122 129 207 187 202 138 205 219 196 133 148 32 238 181 197 229 274 315 373 270 383 281 394 394 390 398,1 1 1 1 1 1 0.94 1 1 0.98 1 0.9 1 1 1 1 0.89 1 0.88 1 1 1 1 1 0.86 1 1 1 1 1 1 0.89 1 1 0.9 0.86 0.89 1 1 0.56 1 1 0.99 1 1,thousand_cuts8 temple_breaker8 razorgale8 fallen_star8 aegis_wheel8 reavers_wheel8 | duelists_grace1 blood_scent1 emberseekers1 grave_call1 kindling1 restless_hands2 pack_leader1 expanse3 ironhide5 serration4 perennial5 evasion3 fleetfoot1
258,deft,1071,stalker,hunting_bow,mark_prey,2,kerchiefs,none,4,1,30.43,1,41.42,footpad,26,39621,85,93,2.25,0.000,0.309,76994,25.8,0.000,3,3,cinderwake hunters_mark,firepot:2012 Kerchief Footpad:1320 burning ground:1162 Kerchief Enforcer:569,6 13 16 18 24 25 29 32 34 36 38 39 40 43 45 46 49 50 51 53 55 57 58 60 61 63 64 66 67 69 70 71 73 75 77 78 80 82 83 84 85,44 45 56 63 76 80 99 88 99 122 144 139 135 141 164 159 172 182 202 160 178 183 160 190 172 175 235 217 176 198 241 222 238 174 257 290 176 344 228 369 327,0.94 1 0.94 1 1 1 0.9 0.74 1 1 0.92 1 0.96 1 1 1 1 0.78 1 1 0.98 1 1 0.92 1 1 0.98 1 1 0.91 1 0.99 0.99 0.83 1 1 0.94 1 1 0.72 0.47,volley8 dawnpulse8 rimeshard8 pyre_of_faith8 temple_breaker8 gyrestorm8 | cinderwake1 deep_chill1 dark_bargain3 consecration1 shatter1 hunters_mark1 searing4 ironhide5 evasion4 expanse5 wisdom4 pyre_burst1 ferocity4
259,deft,8990,stalker,knife_belt,mark_prey,2,kerchiefs,none,4,1,30.52,1,41.18,enforcer,26,34845,75,83,2.02,0.000,0.463,76994,31.2,0.000,0,2,momentum iron_vow,Kerchief Bruiser:803 Kerchief Footpad:456 Kerchief Enforcer:375 firepot:277,6 15 19 23 24 28 31 33 36 37 38 40 40 42 42 45 45 47 48 49 51 52 54 55 56 58 59 61 62 64 65 66 67 68 69 69 70 71 73 74 75,41 47 56 64 67 112 101 100 102 123 130 130 145 157 153 161 172 191 196 182 224 196 239 249 150 157 149 137 168 195 254 239 260 257 332 299 368 372 361 373 414,1 1 1 1 1 1 0.55 1 1 1 0.98 1 0.9 1 0.85 1 1 0.85 1 1 1 1 1 1 1 1 1 1 1 1 1 1 1 1 1 1 1 1 1 1 1,steel_flurry8 reckoning8 ruin_bolt8 starseeker8 thunder_palm8 wild_hunt8 | momentum1 butchers_mark1 soul_harvest1 blood_scent1 dark_bargain1 pack_leader1 iron_vow1 precision4 haste5 might5 searing4 fleetfoot5 sanctify1 vitality5 grave_call1
260,deft,16909,stalker,hunting_bow,smoke_bomb,2,kerchiefs,none,4,0,,1,18.45,bruiser,11,8815,46,52,2.82,0.000,0.000,0,0.0,,3,0,glass_cannon stormborn,Kerchief Footpad:867 Kerchief Bruiser:451 firepot:228 burning ground:91,6 13 17 21 25 27 30 32 34 34 37 38 39 41 41 43 44 45,41 48 54 65 67 80 103 103 112 123 130 130 136 152 169 168 173 202,1 0.92 1 1 1 1 1 0.8 1 1 1 1 1 1 1 1 1 1,volley8 rimeshard8 knifestorm8 spirit_herd8 grave_tether8 moonbrand8 | glass_cannon2 butchers_mark1 shatter1 dread_command1 emberseekers1 stormborn1 haste1
261,deft,24828,stalker,knife_belt,smoke_bomb,2,kerchiefs,none,4,1,30.49,1,41.97,bruiser,25,36424,75,83,1.98,0.000,0.654,76994,29.6,0.000,0,3,glass_cannon bloodthirst,Kerchief Bruiser:444 burning ground:231 firepot:212 Kerchief Footpad:198,6 14 19 22 26 28 30 32 34 35 36 38 40 41 43 44 46 47 49 50 51 53 54 56 57 58 59 61 62 63 64 65 66 67 68 69 70 72 73 73 74,39 52 63 62 76 105 82 106 112 114 123 134 146 152 158 176 133 175 169 207 190 186 170 152 270 233 234 229 197 238 310 310 304 278 317 343 377 350 377 372 376,1 1 1 1 1 0.82 0.82 1 1 1 1 1 1 1 1 1 1 1 1 1 1 1 1 1 1 1 1 1 1 1 1 1 1 1 1 1 1 1 1 1 1,steel_flurry8 verdant_gaze8 volley8 rimeshard8 aegis_wheel8 moonfall8 | glass_cannon2 blood_scent1 soul_harvest1 pack_leader1 deep_chill1 bloodthirst1 greed5 vitality5 chilling3 fleetfoot5 evasion4 shatter1 warding3 plague_bearer1
262,deft,32747,stalker,hunting_bow,mark_prey,2,kerchiefs,none,4,1,30.27,0,45.00,,0,45403,70,78,1.73,0.618,0.618,76994,15.9,0.000,0,3,arcane_overflow hunters_mark,Kerchief Footpad:691 Kerchief Bruiser:193 firepot:188 burning ground:116,7 16 21 25 26 30 32 33 35 36 38 40 41 42 44 45 47 47 49 50 51 53 54 55 56 56 57 59 59 61 62 63 63 63 64 65 66 66 66 66 67 68 69 69 70,42 46 53 66 77 88 85 107 112 105 107 119 138 154 149 162 150 169 177 153 212 202 129 73 170 125 188 97 139 108 172 146 140 97 135 147 192 182 273 167 123 249 220 291 265,0.99 1 1 1 1 1 1 1 1 1 1 1 1 0.86 0.89 0.95 1 1 1 1 1 1 1 1 1 1 0.96 1 1 1 1 1 1 1 1 1 1 1 1 1 1 1 1 1 1,arrowfall8 deathcoil8 aegis_wheel8 deepwinter8 sanctified_earth8 thornbloom8 | arcane_overflow2 deep_chill1 soul_harvest1 fracture1 dread_command1 hunters_mark1 haste5 ironhide5 fleetfoot5 duplicity3 velocity3 grave_call1 might5 dark_bargain1
263,deft,40666,stalker,knife_belt,mark_prey,2,kerchiefs,none,4,0,,1,30.41,enforcer,17,23632,63,70,2.3,0.000,0.000,76994,24.4,0.511,0,2,cinderwake glass_cannon,Kerchief Footpad:817 Kerchief Bruiser:769 firepot:177 burning ground:158,5 11 18 22 25 27 30 32 34 35 36 38 40 40 43 44 44 47 48 50 51 53 53 55 56 58 59 60 62 63,53 48 54 63 77 88 94 99 105 107 139 129 150 157 170 174 158 203 111 136 183 149 228 189 154 179 178 231 193 254,0.91 0.93 1 0.89 0.93 1 1 1 1 0.93 1 1 0.9 1 1 0.77 1 1 1 1 1 0.84 1 1 0.78 1 0.78 1 1 1,steel_flurry8 aegis_wheel8 temple_breaker8 razorgale8 wild_hunt8 thornbloom8 | cinderwake3 soul_harvest1 pack_leader1 grave_call1 glass_cannon1 fleetfoot3 vitality2 fortune4 evasion3 perennial2 blood_scent1 serration4
264,deft,1093,stalker,hunting_bow,mark_prey,3,pack,none,7,1,30.97,1,42.08,boar,28,35573,76,84,2,0.000,0.276,130139,58.3,0.000,3,2,momentum restless_hands,Longtooth Wolf:4038 blast:2553 Thicket Tusker:1549 Blight-Sick Wolf:1020,8 12 17 25 28 29 31 34 36 38 40 41 43 45 46 48 49 51 52 53 55 56 57 59 60 61 62 63 65 66 67 68 69 70 71 72 73 74 74 75 76 76,48 54 66 59 73 97 99 72 77 115 115 119 120 86 107 187 149 134 117 110 246 97 206 126 171 177 147 155 240 322 58 278 325 253 297 381 381 394 405 383 387 387,0.8 1 1 0.9 0.89 1 1 0.88 0.95 0.78 1 1 1 0.94 0.94 1 1 1 1 0.88 1 0.88 1 1 1 1 0.92 1 1 1 1 1 1 1 1 1 1 1 0.67 1 1 0.92,arrowfall8 moonfall8 living_flame8 axe_gyre8 dawnpulse8 aegis_wheel8 | momentum1 pyre_burst1 kindling1 dark_bargain1 consecration1 grave_call3 greed5 restless_hands1 ironhide5 wisdom4 velocity3 perennial5 fleetfoot5
265,deft,9012,stalker,knife_belt,mark_prey,3,pack,none,7,1,31.63,0,45.00,,0,36880,75,83,1.84,0.339,0.618,130139,97.6,0.000,0,2,momentum arcane_overflow,Longtooth Wolf:8218 Blight-Sick Wolf:3248 Thicket Tusker:3105 blast:1740,3 14 19 21 25 26 30 32 34 36 38 39 41 42 44 45 47 48 50 52 53 54 56 57 58 60 61 62 63 64 65 65 66 67 68 69 70 71 72 73 73 74 74 75 75,47 53 64 66 86 93 101 106 109 116 139 131 162 126 125 191 199 142 131 116 186 151 141 161 149 185 227 232 200 180 36 283 314 368 360 373 399 411 401 392 389 399 401 399 434,0.87 1 1 0.97 1 0.95 0.79 1 0.93 0.95 0.82 1 1 0.93 1 1 1 1 0.93 1 1 1 1 1 1 1 1 1 1 1 1 1 0.86 1 1 1 1 0.82 0.94 1 1 1 1 1 0.57,thousand_cuts8 thornbloom8 iron_palms8 razorgale8 tether_of_anguish8 great_herd8 | momentum1 blood_scent1 dread_command2 pack_leader1 dark_bargain1 arcane_overflow1 serration4 perennial5 vitality5 recovery4 warding3 grave_call2 searing4
266,deft,16931,stalker,hunting_bow,smoke_bomb,3,pack,none,7,1,31.70,0,45.00,,0,13225,56,63,1.4,0.215,0.312,130139,101.9,0.000,2,2,spirit_companion ember_tithe,Longtooth Wolf:3559 Thicket Tusker:1699 blast:1295 Blight-Sick Wolf:1036,5 12 15 18 20 22 25 26 27 29 30 31 33 34 35 36 38 39 40 41 42 42 43 44 45 46 46 47 48 49 49 49 50 51 51 52 52 53 54 54 55 55 55 56 56,43 47 61 71 81 86 93 111 117 127 132 147 158 167 174 187 194 201 219 222 233 240 254 258 264 272 282 295 313 320 212 330 346 353 362 374 413 389 393 393 391 428 393 389 392,0.99 0.95 0.94 1 1 1 0.9 0.73 1 1 1 0.72 1 1 1 1 0.89 1 1 1 0.74 1 0.9 1 1 1 1 1 1 1 1 1 1 1 0.89 1 0.88 1 1 0.76 1 1 1 0.91 1,arrowfall8 living_flame8 great_herd8 starseeker8 deepwinter8 tether_of_anguish8 | spirit_companion3 pack_leader1 grave_call1 kindling1 ember_tithe1 recovery3 haste1 perennial1 velocity1 deep_chill1 precision1
267,deft,24850,stalker,knife_belt,smoke_bomb,3,pack,none,7,0,,0,45.00,,0,22249,68,75,1.67,0.192,0.192,130139,900.0,0.820,1,1,duelists_grace ember_tithe,blast:3300 Longtooth Wolf:2835 Thicket Tusker:1433 Blight-Sick Wolf:645,1 6 14 17 22 26 27 30 32 34 35 36 37 39 40 42 44 45 47 48 50 51 52 54 55 57 59 60 61 63 63 64 64 64 65 65 65 66 66 66 67 67 67 67 68,54 47 63 72 84 97 99 107 128 131 138 149 159 164 174 184 198 220 228 216 231 252 248 251 246 269 287 306 315 326 141 148 149 153 148 152 164 165 156 157 165 165 168 169 167,0.91 1 0.9 0.96 1 1 0.67 0.88 0.76 0.95 1 0.81 0.89 1 0.86 0.67 1 0.78 0.92 1 0.87 1 1 1 1 1 1 1 1 1 0.94 1 1 0.93 1 1 1 1 0.91 0.9 1 0.81 0.87 0.86 0.86,steel_flurry8 gale_chakram8 sunbreak8 moonbrand8 gyrestorm8 aegis_wheel8 | duelists_grace2 sanctify1 blood_scent1 consecration1 dark_bargain2 ember_tithe1 duplicity2 perennial5 ironhide4 might4 fleetfoot5 ferocity3
268,deft,32769,stalker,hunting_bow,mark_prey,3,pack,none,7,0,,1,20.16,wolf,16,12795,50,56,2.78,0.000,0.000,0,0.0,,3,1,hunters_mark arcane_overflow,Longtooth Wolf:3134 Thicket Tusker:831 Blight-Sick Wolf:808 blast:516,6 15 18 21 22 24 28 29 30 34 35 37 38 41 42 44 45 47 48 49,49 52 66 70 82 115 97 110 124 88 149 154 165 148 137 174 200 165 162 147,0.85 1 0.8 0.95 0.71 1 0.92 0.79 0.94 0.76 0.75 1 0.65 1 1 0.47 1 1 0.93 0.47,arrowfall8 blightfield8 spirit_herd8 knifestorm8 glacier_spear8 umbral_bolt8 | hunters_mark2 grave_call1 plague_bearer1 shatter1 fracture1 arcane_overflow1 velocity1
269,deft,40688,stalker,knife_belt,mark_prey,3,pack,none,7,1,31.31,1,36.69,boar,24,23149,62,69,1.88,0.000,0.246,130139,78.4,0.000,3,2,duelists_grace duelists_grace,Longtooth Wolf:3815 Thicket Tusker:2025 Blight-Sick Wolf:1561 blast:1430,1 8 13 18 25 27 29 32 33 33 35 37 39 40 41 42 44 45 46 47 48 49 49 51 51 53 54 55 56 58 58 59 60 60 61 62,54 52 64 75 85 115 104 116 125 128 138 157 160 158 183 182 204 192 207 225 216 235 214 271 278 264 306 312 321 274 85 330 322 366 365 376,0.96 0.96 0.9 0.9 0.76 0.9 0.59 0.95 0.84 0.95 0.86 1 1 1 0.87 1 0.52 0.52 1 1 0.71 1 1 1 1 0.92 1 0.94 0.99 0.93 1 1 1 1 1 1,thousand_cuts8 verdant_lance8 cinderfall8 seeking_motes8 reavers_wheel8 soul_siphon8 | duelists_grace3 plague_bearer1 blood_scent1 grave_call1 soul_harvest1 warding3 recovery1 serration2 vitality4 might3 haste3 pack_leader1
270,deft,1096,stalker,hunting_bow,mark_prey,3,dead,none,7,1,31.13,0,45.00,,0,35770,67,74,1.64,0.033,0.596,105112,67.8,0.000,3,3,duelists_grace glass_cannon,bolt_bone:3903 frost_orb:772 Barrow Knight:654 Risen Shieldman:643,6 9 12 15 18 21 23 25 26 27 29 32 33 34 35 37 38 39 41 42 43 44 45 46 47 48 50 50 52 53 54 55 55 57 57 59 60 61 62 63 64 65 65 66 67,45 54 60 72 82 93 110 112 117 127 142 146 172 170 176 187 195 203 202 223 253 254 256 252 269 275 294 305 321 240 48 257 348 352 363 381 406 311 382 397 363 405 389 405 385,1 1 1 1 1 1 1 1 1 0.96 1 1 1 1 1 0.88 1 1 1 1 0.9 1 0.93 1 1 1 1 1 1 0.87 1 1 1 1 1 1 1 1 1 1 1 0.84 1 1 1,volley8 hallowed_ring8 strangleroot8 living_flame8 tether_of_anguish8 ruin_bolt8 | duelists_grace1 emberseekers1 kindling1 dark_bargain1 pyre_burst1 glass_cannon1 soul_harvest1 wisdom3 chilling3 serration4 might3 vitality5 perennial5 blood_scent1
271,deft,9015,stalker,knife_belt,mark_prey,3,dead,none,7,0,,1,30.51,barrow_knight,20,11309,44,50,1.64,0.000,0.000,105112,30.6,0.707,3,2,iron_vow iron_vow,Barrow Knight:1044 bolt_bone:1026 frost_orb:445 Risen Shieldman:271,1 5 9 11 14 16 17 19 20 22 23 24 25 26 27 27 28 30 31 32 33 33 35 36 38 38 39 40 42 43,53 48 62 69 82 94 104 107 116 122 141 143 156 198 175 185 197 203 219 218 238 240 259 265 265 282 287 289 299 330,1 1 1 1 0.99 1 1 1 1 1 1 0.99 1 1 1 1 1 1 1 1 1 1 1 1 0.99 1 1 0.88 1 1,knifestorm8 circle_of_dawn8 soul_siphon8 axe_gyre8 arcweb8 tether_of_anguish8 | iron_vow2 blood_scent1 grave_call2 consecration1 pack_leader1 vitality1 recovery1
272,deft,16934,stalker,hunting_bow,smoke_bomb,3,dead,none,7,0,,1,40.83,risen_archer,28,11547,44,50,1.22,0.000,0.000,105112,649.9,0.740,3,1,glass_cannon cinderwake,bolt_bone:1681 Risen:473 Risen Shieldman:461 frost_orb:355,7 10 13 15 17 18 20 21 23 24 25 26 27 28 29 29 30 31 32 33 34 34 35 36 37 37 38 38 39 40 41 41 42 42 42 42 43 43 43 44,43 50 60 68 82 88 101 109 117 126 134 145 157 175 182 181 195 207 213 223 223 249 244 281 269 275 293 302 303 320 147 132 155 162 166 164 165 166 164 164,1 1 1 0.98 0.95 1 1 1 1 1 0.63 1 1 1 1 1 1 0.91 1 1 0.87 1 1 1 1 0.86 1 1 1 1 0.97 1 0.85 1 0.77 0.58 0.85 1 1 0.72,arrowfall8 gale_chakram8 knifestorm8 verdant_lance8 umbral_bolt8 reaving_arc8 | glass_cannon1 blood_scent1 soul_harvest1 grave_call1 pack_leader1 cinderwake2 velocity1 duplicity1
273,deft,24853,stalker,knife_belt,smoke_bomb,3,dead,none,7,0,,0,45.00,,0,12940,48,54,1.2,0.079,0.079,105112,900.0,0.780,2,1,hunters_mark hunters_mark,bolt_bone:2150 Risen:1271 Risen Shieldman:1060 frost_orb:824,1 6 9 11 13 15 17 19 20 22 24 25 25 26 27 29 29 30 32 33 34 35 36 37 38 39 40 40 42 43 44 44 45 45 45 45 46 46 46 47 47 47 47 47 48,54 50 56 68 82 87 100 103 114 131 143 145 153 165 178 186 188 185 212 231 232 247 251 261 266 276 302 301 310 307 127 160 151 161 162 163 165 163 156 165 167 169 161 168 165,0.95 1 0.99 1 0.99 0.9 1 1 0.97 0.94 0.82 1 1 1 1 1 1 1 1 0.79 1 0.8 0.9 1 0.91 0.92 0.93 0.8 0.98 1 1 0.49 0.89 1 0.78 1 0.96 0.82 1 1 0.63 1 1 1 0.84,thousand_cuts8 gale_chakram8 gyrestorm8 reaving_arc8 umbral_bolt8 thornbloom8 | hunters_mark3 butchers_mark1 blood_scent1 dark_bargain2 ferocity1 serration1
274,deft,32772,stalker,hunting_bow,mark_prey,3,dead,none,7,0,,1,31.14,barrow_knight,20,16748,50,56,1.8,0.000,0.000,105112,68.2,0.647,3,2,stormborn restless_hands,bolt_bone:2218 Risen Shieldman:1033 Barrow Knight:695 frost_orb:428,5 11 14 17 20 21 22 25 26 28 29 31 32 33 34 36 37 38 39 40 42 42 43 44 44 46 47 48 48 50 50,41 50 63 69 78 107 107 106 117 145 130 144 154 167 182 188 172 205 221 229 228 238 247 269 276 287 289 302 299 316 64,1 1 1 1 1 0.95 0.69 1 0.94 0.89 1 1 1 1 1 1 1 0.92 0.73 1 1 0.74 1 0.91 0.74 0.8 1 1 0.91 1 0.51,volley8 lunar_brand8 umbral_bolt8 reavers_wheel8 cinderfall8 verdant_gaze8 | stormborn1 storm_caller1 dark_bargain1 grave_call2 restless_hands1 kindling1 serration2 fortune1 evasion1
275,deft,40691,stalker,knife_belt,mark_prey,3,dead,none,7,1,40.76,1,41.16,risen_warrior,28,16046,49,55,1.34,0.000,0.048,105112,645.8,0.000,3,1,arcane_overflow arcane_overflow,bolt_bone:2291 Risen Shieldman:1325 frost_orb:632 Risen:597,1 5 11 14 17 19 21 23 25 26 27 28 28 31 32 32 33 34 35 36 37 38 39 40 41 42 42 44 44 45 46 46 46 47 47 47 47 48 48 48 49,57 52 61 71 78 107 98 110 129 125 142 153 161 162 173 189 206 205 216 220 229 244 244 266 284 284 293 306 314 328 137 94 116 120 150 160 162 140 157 168 389,0.95 1 1 1 1 1 1 1 1 1 0.94 0.92 0.93 1 0.95 0.92 1 1 1 1 1 0.89 1 0.79 0.91 0.89 1 0.91 1 1 1 1 1 1 1 1 0.9 1 1 1 0.81,steel_flurry8 volley8 gale_chakram8 soul_siphon8 cinderfall8 wild_hunt8 | arcane_overflow2 soul_harvest1 grave_call2 blood_scent1 pyre_burst1 recovery1 duplicity1 fleetfoot1
276,deft,1099,stalker,hunting_bow,mark_prey,3,lamplings,none,7,1,30.98,0,45.00,,0,36788,63,70,1.56,0.310,0.310,115123,58.7,0.000,1,3,restless_hands restless_hands,Lampling Tunneler:5766 blast:1464 firepot:503 Lampling Sapper:353,5 9 13 15 17 20 21 24 24 27 28 30 31 32 33 34 35 36 37 38 39 40 41 42 43 43 45 45 47 48 48 50 51 52 53 54 55 56 57 59 59 60 61 62 63,52 51 69 72 84 92 99 109 123 132 146 154 157 167 177 188 199 200 218 227 238 246 247 261 261 273 299 302 138 177 47 166 201 301 232 299 189 279 363 222 397 269 427 328 262,1 1 1 1 0.99 1 1 1 1 1 0.9 1 1 0.91 1 1 0.87 1 1 1 1 0.92 1 1 0.91 1 1 1 1 1 1 1 1 1 1 1 1 0.99 1 1 1 1 1 1 0.83,predators_volley8 skybreak8 rend_and_mend8 sunlance8 deepwinter8 starseeker8 | restless_hands2 soul_harvest1 deep_chill1 dark_bargain1 shatter1 emberseekers1 vitality5 haste3 thorns3 searing2 precision2 consecration1 perennial3
277,deft,9018,stalker,knife_belt,mark_prey,3,lamplings,none,7,0,,1,30.31,grimtunnel_roused,20,23661,51,57,1.88,0.000,0.000,115123,18.7,0.266,2,2,restless_hands glass_cannon,"Lampling Tunneler:1469 blast:1119 firepot:499 Grimtunnel, Roused:194",1 6 11 13 15 19 21 23 26 27 29 31 32 33 34 36 37 38 40 41 42 43 44 45 46 47 48 49 50 51,53 50 60 73 82 86 102 107 118 133 138 129 168 173 151 138 196 216 124 148 176 174 98 115 136 136 156 105 119 115,1 1 1 1 1 0.99 0.94 1 1 1 1 0.99 0.93 1 0.9 0.73 1 1 1 0.6 1 1 1 0.84 1 1 1 1 1 1,knifestorm8 predators_volley8 fallen_star8 gyrestorm8 moonfall8 mote_cascade8 | restless_hands1 blood_scent1 kindling1 emberseekers1 grave_call1 glass_cannon1 pyre_burst1 expanse2 duplicity1 greed2 precision1 ferocity1
278,deft,16937,stalker,hunting_bow,smoke_bomb,3,lamplings,none,7,0,,1,31.40,grimtunnel_roused,20,18922,47,53,1.69,0.000,0.000,115123,84.1,0.267,3,2,bloodthirst restless_hands,Lampling Tunneler:3027 firepot:895 blast:845 burning ground:736,4 9 12 15 17 20 22 24 26 28 30 31 32 33 34 35 36 37 38 38 39 40 41 41 42 43 44 45 46 47 47,49 51 58 70 82 97 98 108 106 119 93 156 170 158 173 194 194 205 206 225 237 242 275 259 278 287 258 315 180 142 36,1 1 1 1 1 1 0.99 1 1 1 1 1 1 1 1 1 1 1 1 1 1 1 1 1 1 1 0.91 1 0.95 1 0.41,volley8 rimeshard8 iron_palms8 pyre_of_faith8 grave_tether8 moonfall8 | bloodthirst1 deep_chill1 sanctify1 grave_call2 pack_leader1 restless_hands1 searing1 expanse1
279,deft,24856,stalker,knife_belt,smoke_bomb,3,lamplings,none,7,1,31.31,0,45.00,,0,43625,63,70,1.56,0.352,0.623,115123,78.6,0.000,0,3,iron_vow momentum,Lampling Tunneler:1625 blast:1556 firepot:307 Lampling Sapper:245,2 8 12 15 18 20 22 26 27 29 31 32 34 35 36 37 39 40 41 41 43 44 45 46 46 48 48 49 50 51 51 52 53 54 55 56 57 57 58 59 60 61 62 62 63,55 46 61 70 67 96 101 73 116 131 149 152 86 86 153 146 130 202 109 118 134 149 163 170 135 169 211 227 211 182 31 181 301 145 231 219 278 266 343 395 358 405 384 392 404,1 1 1 1 0.87 1 1 1 1 1 0.99 0.97 1 1 1 1 1 1 1 1 1 1 1 1 1 1 1 1 1 1 1 1 1 1 1 1 1 0.87 1 1 1 0.99 1 1 1,steel_flurry8 reckoning8 pyre_of_faith8 glacier_spear8 reavers_wheel8 razorgale8 | iron_vow1 butchers_mark1 deep_chill1 consecration1 blood_scent1 momentum1 grave_call1 precision4 fleetfoot3 searing4 serration4 perennial5 pyre_burst1 velocity1
280,deft,32775,stalker,hunting_bow,mark_prey,3,lamplings,none,7,1,30.53,0,45.00,,0,47670,67,74,1.64,0.440,0.582,115123,31.9,0.000,0,4,arcane_overflow iron_vow,Lampling Tunneler:2726 blast:2048 firepot:473 Lampling Sapper:389,6 11 16 20 23 25 27 28 30 32 33 34 36 37 38 39 40 41 42 43 43 44 46 47 47 48 49 50 51 52 53 54 55 56 56 58 58 60 61 61 63 64 65 66 67,48 54 66 63 64 99 102 102 94 90 124 120 86 109 97 133 118 125 135 122 176 128 123 107 150 142 147 129 124 169 198 183 110 161 158 199 136 179 192 208 247 314 235 302 251,0.94 1 1 1 1 1 1 0.79 1 1 0.92 1 1 0.89 1 1 0.88 1 1 0.99 1 1 1 1 1 1 1 1 1 0.86 0.88 1 1 1 1 1 1 1 1 1 1 1 0.99 1 1,arrowfall8 deepwinter8 thornbloom8 axe_gyre8 plaguebloom8 great_herd8 | arcane_overflow1 soul_harvest1 pack_leader1 shatter1 fracture1 iron_vow1 dread_command1 perennial5 haste5 recovery4 velocity3 wisdom4 precision5 emberseekers1
281,deft,40694,stalker,knife_belt,mark_prey,3,lamplings,none,7,1,31.65,0,45.00,,0,45507,64,71,1.58,0.730,0.764,115123,98.9,0.000,0,4,bloodthirst iron_vow,Lampling Tunneler:3234 blast:1508 firepot:334 Lampling Sapper:269,1 3 8 12 18 20 22 22 26 28 30 32 33 34 36 36 38 39 40 41 43 44 45 45 46 47 48 49 50 51 51 52 53 53 54 55 56 57 58 59 60 61 62 63 64,56 48 59 73 61 68 84 107 112 106 145 139 93 104 118 133 111 116 168 140 194 213 159 172 141 139 121 140 175 168 36 217 188 223 227 315 228 304 255 212 258 308 279 364 334,0.95 1 1 1 0.9 1 1 1 1 1 1 1 1 1 1 1 1 1 1 1 1 1 1 1 1 1 1 1 1 1 1 1 1 1 1 1 1 1 0.78 1 1 1 1 1 1,thousand_cuts8 volley8 circle_of_dawn8 hailwheel8 blighted_earth8 tempest_coil8 | bloodthirst1 sanctify1 consecration1 blood_scent1 plague_bearer1 iron_vow1 soul_harvest1 vitality5 chilling3 expanse5 haste5 serration4 greed5 deep_chill1
282,deft,1102,stalker,hunting_bow,mark_prey,3,kerchiefs,none,7,0,,1,19.30,bruiser,14,5526,41,47,2.43,0.000,0.000,0,0.0,,3,0,spirit_companion cinderwake,Kerchief Bruiser:1727 Kerchief Footpad:1530 firepot:348 burning ground:99,4 11 15 20 23 26 28 30 31 33 35 35 36 37 38 38 39 40 41,50 53 61 70 84 93 97 110 117 127 141 150 159 175 181 181 191 201 222,0.97 1 1 1 0.96 0.93 1 1 0.44 1 1 0.69 0.59 0.97 0.76 1 1 1 1,volley7 grave_tether7 judgement_disc8 cinderfall7 rimeshard7 iron_palms7 | spirit_companion2 emberseekers1 fracture1 pack_leader1 cinderwake1 dread_command1
283,deft,9021,stalker,knife_belt,mark_prey,3,kerchiefs,none,7,0,,1,7.37,footpad,9,1585,27,30,4.07,0.000,0.000,0,0.0,,3,0,iron_vow,Kerchief Footpad:1519 firepot:37 Kerchief Pillager:17 burning ground:6,1 5 12 17 22 24 27,52 52 58 71 78 85 98,1 1 1 1 0.63 0.09 1,knifestorm5 seeking_motes8 grave_tether3 gale_chakram3 spirit_herd3 reaving_arc5 | iron_vow1 grave_call3
284,deft,16940,stalker,hunting_bow,smoke_bomb,3,kerchiefs,none,7,0,,1,34.36,bruiser,22,10018,53,59,1.72,0.000,0.000,120128,261.3,1.000,3,1,restless_hands stormborn,Kerchief Footpad:2100 Kerchief Bruiser:555 firepot:461 burning ground:95,2 10 17 20 22 24 26 29 31 32 33 34 35 37 38 39 40 41 41 41 43 44 45 45 47 47 48 49 49 51 52 52 53 53,53 55 58 66 80 109 108 108 119 124 139 140 155 160 179 186 193 199 213 238 268 244 248 251 272 306 294 298 307 320 62 121 93 167,1 1 0.89 1 0.54 1 0.82 1 0.91 1 0.9 1 1 0.87 1 1 1 1 1 1 1 0.92 0.55 0.82 1 1 0.87 0.85 1 1 1 1 1 1,predators_volley8 verdant_gaze8 starseeker8 moonfall8 gale_chakram8 rimeshard8 | restless_hands1 dark_bargain1 plague_bearer1 deep_chill1 soul_harvest1 stormborn1 grave_call1 fleetfoot1 precision2 greed3 evasion1 ironhide1
285,deft,24859,stalker,knife_belt,smoke_bomb,3,kerchiefs,none,7,0,,1,11.01,bruiser,11,2402,31,35,3.18,0.000,0.000,0,0.0,,3,0,spirit_companion,Kerchief Footpad:1958 Kerchief Bruiser:211 firepot:60 burning ground:38,1 3 8 11 15 19 21 24 28 29 31,55 49 58 68 75 92 100 110 113 129 138,0.89 1 1 0.92 1 1 1 0.62 1 1 0.07,knifestorm6 grave_tether4 judgement_disc8 iron_palms4 umbral_bolt5 arcweb6 | spirit_companion2 grave_call2 blood_scent1
286,deft,32778,stalker,hunting_bow,mark_prey,3,kerchiefs,none,7,0,,1,18.26,footpad,14,7335,45,51,2.79,0.000,0.000,0,0.0,,3,1,hunters_mark duelists_grace,Kerchief Footpad:1799 Kerchief Bruiser:738 firepot:129 Kerchief Enforcer:114,7 13 16 20 24 26 28 31 34 35 36 37 39 40 41 43 43 45,45 48 70 71 79 94 99 109 130 154 137 153 155 176 184 190 200 201,0.81 1 1 1 0.92 1 0.91 1 0.93 0.86 1 0.48 0.86 1 0.89 1 1 1,volley7 moonbrand8 knifestorm8 axe_gyre8 iron_palms8 verdant_lance8 | hunters_mark3 blood_scent1 plague_bearer1 grave_call1 duelists_grace1
287,deft,40697,stalker,knife_belt,mark_prey,3,kerchiefs,none,7,0,,1,30.17,enforcer,20,21929,64,71,2.35,0.000,0.000,120128,10.0,0.691,3,2,arcane_overflow arcane_overflow,Kerchief Footpad:1690 Kerchief Enforcer:784 firepot:682 Kerchief Bruiser:587,1 3 9 14 20 22 27 29 33 35 37 37 40 41 43 44 44 47 49 50 52 53 55 56 58 58 59 60 62 64,56 47 59 67 78 90 99 97 122 125 145 150 167 164 159 187 208 208 140 199 134 144 168 247 149 159 215 241 226 184,0.93 1 1 1 1 0.73 1 1 1 1 0.59 0.92 0.99 0.94 1 1 0.87 0.83 1 1 0.92 1 1 0.79 1 1 1 1 1 1,steel_flurry8 harrowing8 circle_of_dawn8 verdant_gaze8 reckoning8 hallowed_ring8 | arcane_overflow3 sanctify1 blood_scent1 consecration1 butchers_mark1 expanse3 fortune2 perennial5 recovery3 fleetfoot2 plague_bearer1 wisdom1
