run,seed,calling,weapon,ability,tier,people,oath,level,won,win_min,died,minutes,death_cause,killer_level,kills,ember,cards,cards_per_min,low_hp,low_hp_before_win,boss_max_hp,boss_seconds,boss_left,quaffs,heralds,greats,top_hurt,ember_curve,alive_curve,hp_curve,build
0,1031,warden,worn_oathblade,shield_bash,1,pack,none,1,1,30.81,0,45.00,,0,44425,72,80,1.78,0.030,0.179,49318,48.4,0.000,3,2,stormborn glass_cannon,Thicket Tusker:2807 Longtooth Wolf:2010 blast:1682 Blight-Sick Wolf:1041,11 14 18 20 23 26 28 30 32 34 35 37 37 39 40 42 43 44 45 47 48 49 50 51 52 53 54 55 56 57 58 59 60 61 62 63 64 65 66 67 68 69 70 71 72,35 46 55 43 42 66 71 85 73 77 105 109 110 142 99 115 112 105 121 102 111 120 119 115 143 130 113 145 116 144 148 172 158 176 205 208 280 270 340 259 355 362 360 371 395,1 1 1 1 1 1 0.95 1 1 1 1 1 1 1 1 1 1 1 1 0.96 1 1 0.94 0.91 1 1 1 1 1 0.94 1 1 0.84 1 1 1 1 1 1 1 1 1 0.61 0.98 1,graveedge8 steel_flurry8 rend_and_mend8 plaguebloom8 grave_tether8 razorgale8 | stormborn2 butchers_mark1 soul_harvest1 grave_call1 plague_bearer1 storm_caller1 glass_cannon1 fleetfoot5 vitality5 serration4 perennial5 expanse5 velocity3 pack_leader1
1,8950,warden,judgement_disc_item,shield_bash,1,pack,none,1,1,30.23,0,45.00,,0,47010,75,83,1.84,0.251,0.251,49318,13.5,0.000,2,3,arcane_overflow momentum,Thicket Tusker:1610 Longtooth Wolf:1403 blast:1272 Greymuzzle:1180,13 17 21 24 27 29 31 33 34 36 37 39 40 41 43 44 45 46 47 48 50 51 52 53 54 55 56 58 59 60 60 62 63 64 65 66 67 68 69 70 71 72 74 74 75,36 40 46 48 61 56 56 74 65 80 104 75 94 73 69 121 149 91 98 94 103 110 127 143 154 101 92 103 145 88 153 179 230 146 154 271 197 197 342 232 359 356 359 308 396,1 1 1 1 1 1 1 1 1 1 0.88 0.97 1 1 1 1 0.98 1 0.96 1 1 1 0.99 1 1 1 1 1 1 1 0.96 1 1 1 1 1 0.99 0.94 1 1 1 1 1 1 1,aegis_wheel8 verdant_gaze8 plaguebloom8 circle_of_dawn8 tempest_coil8 harrowing8 | arcane_overflow1 dark_bargain1 plague_bearer1 static_charge1 grave_call1 pack_leader1 momentum1 expanse5 recovery4 ironhide5 evasion4 duplicity3 perennial5 sanctify1 consecration1
2,16869,warden,worn_oathblade,bulwark,1,pack,none,1,1,30.65,0,45.00,,0,41331,72,80,1.78,0.542,0.542,49318,39.0,0.000,0,2,duelists_grace duelists_grace,Thicket Tusker:2042 blast:1581 Greymuzzle:603 Longtooth Wolf:500,8 14 17 21 23 25 28 30 32 34 36 37 39 40 41 42 44 45 46 47 49 50 51 52 53 54 55 57 58 59 59 60 62 63 64 65 66 67 68 69 69 70 70 72 72,34 41 49 53 66 71 77 98 99 83 102 125 129 149 100 156 165 159 165 177 175 164 183 141 159 174 176 158 147 242 190 160 199 183 197 216 210 325 333 367 305 351 259 380 380,1 1 1 1 1 1 1 1 1 1 0.99 1 1 0.99 0.95 0.99 1 0.91 1 1 1 1 1 1 1 1 1 1 1 1 1 1 1 1 1 1 1 1 1 1 1 1 1 1 1,oathkeeper8 arrowfall8 circle_of_dawn8 moonfall8 tether_of_anguish8 steel_flurry8 | duelists_grace3 sanctify1 blood_scent1 consecration1 dark_bargain1 soul_harvest1 recovery4 chilling3 velocity3 ironhide5 expanse5 fleetfoot5 pack_leader1
3,24788,warden,judgement_disc_item,bulwark,1,pack,none,1,1,30.33,1,39.24,wolf,20,37400,64,71,1.81,0.000,0.492,49318,20.0,0.000,3,3,spirit_companion hunters_mark,Longtooth Wolf:4930 Thicket Tusker:4584 blast:2790 Blight-Sick Wolf:2299,11 15 20 23 26 28 29 30 33 34 35 37 38 39 41 41 43 44 45 46 47 49 49 50 52 53 54 55 56 57 58 59 60 61 62 62 63 64 64,33 48 35 48 49 50 78 95 76 79 107 81 143 136 99 154 152 172 163 178 194 129 197 217 185 174 197 189 156 183 229 256 282 278 211 253 327 332 334,1 1 1 1 0.97 1 1 0.91 0.99 1 0.96 0.99 0.93 1 1 1 0.93 0.85 1 0.82 0.91 0.99 0.96 1 1 1 0.99 0.92 0.96 0.99 0.87 0.96 0.98 1 0.95 1 0.98 0.63 0.51,aegis_wheel8 circle_of_dawn8 arrowfall8 arcweb8 soul_siphon8 razorgale8 | spirit_companion3 sanctify1 static_charge1 grave_call2 hunters_mark1 perennial5 velocity3 vitality2 serration4 evasion2 recovery4
4,32707,warden,worn_oathblade,shield_bash,1,pack,none,1,1,30.38,0,45.00,,0,39876,71,79,1.76,0.190,0.211,49318,23.0,0.000,3,3,glass_cannon hunters_mark,blast:1702 Thicket Tusker:1686 Greymuzzle:1671 Longtooth Wolf:823,8 15 19 22 25 26 29 30 32 34 36 37 39 40 41 43 44 45 47 48 49 50 51 53 54 54 56 57 57 59 60 60 62 63 64 65 67 68 69 69 70 70 71 71 71,37 48 56 55 65 91 88 87 99 84 119 95 102 110 99 142 121 99 121 97 114 123 141 145 114 100 95 125 106 151 147 178 220 171 187 217 261 326 337 347 355 356 359 416 371,1 1 1 1 0.98 0.95 0.96 0.99 1 0.98 1 1 1 0.97 1 0.95 1 1 1 1 1 1 1 1 1 1 1 1 1 1 1 1 1 1 1 0.99 1 1 1 1 1 0.84 0.26 1 1,oathkeeper8 iron_palms8 rend_and_mend8 knifestorm8 lunar_brand8 thornbloom8 | glass_cannon1 grave_call2 dread_command1 dark_bargain2 blood_scent1 hunters_mark2 vitality5 ironhide5 recovery4 ferocity4 perennial5 fortune4
5,40626,warden,judgement_disc_item,shield_bash,1,pack,none,1,1,30.40,0,45.00,,0,40732,74,82,1.82,0.378,0.378,49318,24.0,0.000,0,2,bloodthirst glass_cannon,Thicket Tusker:2558 Longtooth Wolf:1490 blast:1415 Greymuzzle:662,11 16 19 24 26 28 30 32 34 35 36 38 40 41 42 43 43 45 47 48 49 51 52 53 54 55 57 58 59 60 61 62 63 64 65 67 68 69 70 71 71 72 73 73 74,37 47 55 52 56 81 80 80 107 92 117 98 109 163 138 151 170 126 140 160 132 166 161 146 170 177 123 132 130 158 184 208 204 218 293 309 310 317 338 318 348 362 350 374 379,1 1 1 1 1 1 1 1 1 1 1 1 1 1 1 1 1 1 1 1 1 1 0.94 1 1 1 1 1 1 1 1 1 1 1 1 1 1 1 0.92 0.84 0.92 1 1 1 1,aegis_wheel8 seeking_motes8 razorgale8 reavers_wheel8 tether_of_anguish8 harrowing8 | bloodthirst2 dark_bargain1 grave_call2 soul_harvest1 pack_leader1 glass_cannon1 expanse5 ironhide5 wisdom4 serration4 velocity3 blood_scent1 perennial5
6,1034,warden,worn_oathblade,shield_bash,1,dead,none,1,0,,1,20.59,barrow_knight,10,9149,35,40,1.94,0.000,0.000,0,0.0,,3,1,iron_vow arcane_overflow,Barrow Knight:842 bolt_bone:508 frost_orb:115,5 9 11 13 15 17 18 20 22 23 25 26 27 28 29 31 32 33 34 35,33 42 50 62 69 75 79 85 106 110 116 120 132 140 145 162 168 168 186 192,1 1 1 1 1 0.98 1 0.87 1 1 1 1 0.95 1 1 0.94 1 1 0.98 1,oathblade8 verdant_lance6 axe_gyre8 arcweb5 spirit_herd6 iron_palms5 | iron_vow1 static_charge1 grave_call1 plague_bearer1 dread_command1 arcane_overflow1
7,8953,warden,judgement_disc_item,shield_bash,1,dead,none,1,1,31.33,0,45.00,,0,25892,54,61,1.36,0.536,0.552,39834,79.9,0.000,0,2,arcane_overflow arcane_overflow,bolt_bone:2473 frost_orb:824 Risen:148 Barrow Knight:81,5 9 11 14 14 16 17 20 21 23 25 27 28 29 31 32 33 34 35 36 36 38 38 40 40 41 42 42 44 44 45 45 46 47 48 49 50 51 51 52 53 53 53 54 54,38 43 44 60 63 73 87 99 98 108 123 126 127 128 141 151 165 170 168 189 195 191 214 225 226 236 233 254 229 285 53 299 286 288 299 303 316 323 348 344 354 352 371 389 380,1 1 1 1 1 0.99 1 1 0.99 1 1 0.97 1 1 0.95 1 1 1 1 1 0.75 1 0.95 1 0.96 1 1 1 1 1 1 1 1 1 1 1 1 0.9 1 1 1 1 1 0.88 1,aegis_wheel8 great_herd8 glacier_spear8 arrowfall8 arcweb8 iron_palms8 | arcane_overflow2 grave_call2 soul_harvest1 deep_chill1 dark_bargain1 pack_leader1 perennial4 ferocity3 velocity3 serration1 greed2 vitality1
8,16872,warden,worn_oathblade,bulwark,1,dead,none,1,1,30.69,0,45.00,,0,28580,58,65,1.44,0.284,0.284,39834,41.2,0.000,3,2,ember_tithe hunters_mark,bolt_bone:3610 Barrow Knight:677 frost_orb:449 Risen Shieldman:240,7 10 12 14 16 19 20 22 23 25 27 28 30 31 32 33 34 35 36 37 38 39 41 42 43 44 45 46 47 47 48 49 50 51 52 53 53 54 55 55 55 56 57 57 58,42 43 54 56 62 69 84 91 107 111 116 118 131 133 148 159 164 163 174 198 182 207 205 216 220 239 247 254 256 245 265 284 275 267 304 309 307 337 332 339 348 356 361 363 376,1 1 1 0.97 1 1 0.98 1 0.98 0.97 1 1 1 0.96 1 1 1 0.96 1 1 1 0.99 1 0.95 1 1 0.9 1 0.95 1 1 0.95 0.97 1 1 1 0.94 0.98 1 1 0.91 1 1 1 1,graveedge8 circle_of_dawn8 thousand_cuts8 everbloom8 spirit_herd8 cinderfall8 | ember_tithe1 grave_call3 pack_leader1 butchers_mark1 hunters_mark1 serration4 precision3 ironhide3 velocity3 thorns2 vitality2 kindling1
9,24791,warden,judgement_disc_item,bulwark,1,dead,none,1,1,30.93,0,45.00,,0,29214,54,61,1.36,0.166,0.166,39834,55.9,0.000,3,2,hunters_mark spirit_companion,bolt_bone:1813 Barrow Knight:1128 frost_orb:470 Risen Shieldman:288,6 9 11 13 15 18 19 21 23 25 26 28 29 30 32 33 34 35 36 36 38 39 40 40 42 43 43 44 45 46 46 46 47 48 49 49 50 50 51 51 52 52 53 53 54,39 39 47 55 72 78 92 85 91 107 115 117 125 138 147 149 155 179 183 167 202 181 208 224 216 238 239 239 264 241 113 273 276 286 299 311 309 333 339 345 346 348 355 364 365,1 1 1 1 1 0.98 0.88 1 1 1 0.97 1 1 1 0.96 1 0.95 1 1 1 0.95 1 1 1 1 1 1 1 1 1 0.7 0.97 1 1 1 1 1 1 1 1 0.9 1 0.89 1 1,reckoning8 steel_flurry8 razorgale8 thornbloom8 reavers_wheel8 rend_and_mend8 | hunters_mark3 blood_scent1 grave_call2 spirit_companion1 pack_leader1 fortune1 might1 vitality3 fleetfoot1 serration1 thorns1
10,32710,warden,worn_oathblade,shield_bash,1,dead,none,1,0,,1,30.51,barrow_knight,14,16117,44,50,1.64,0.000,0.000,39834,30.6,0.783,3,2,stormborn stormborn,bolt_bone:1375 Barrow Knight:818 frost_orb:254 Risen Shieldman:21,6 9 11 14 15 18 19 21 23 24 26 27 28 29 30 31 32 32 34 35 36 36 38 39 40 40 41 42 43 43,37 39 52 60 59 83 84 94 93 83 107 125 127 139 141 151 152 178 193 161 191 199 207 207 244 245 238 234 253 275,1 1 1 0.96 1 1 0.95 0.97 1 0.94 1 1 0.89 1 1 1 1 0.87 1 0.91 0.94 0.95 1 1 0.99 1 1 1 1 1,oathblade8 thunder_palm8 axe_gyre8 arcweb8 knifestorm8 seeking_motes8 | stormborn2 storm_caller1 blood_scent1 grave_call1 static_charge1 pack_leader1 haste1 velocity1
11,40629,warden,judgement_disc_item,shield_bash,1,dead,none,1,1,31.06,1,36.10,grave_caller,17,22593,49,55,1.52,0.000,0.222,39834,63.7,0.000,3,2,duelists_grace duelists_grace,bolt_bone:1778 frost_orb:581 Barrow Knight:430 Risen Shieldman:193,6 9 12 14 16 17 18 19 21 22 24 26 27 29 30 31 32 33 34 35 36 37 38 39 40 41 42 43 43 45 45 46 47 47 48 49,37 48 50 63 68 76 81 87 95 103 110 117 130 144 148 155 174 159 177 181 194 218 203 221 223 238 240 234 261 207 42 288 296 289 308 305,1 1 1 1 1 1 1 1 1 0.95 1 1 1 0.93 1 1 1 0.99 1 1 1 1 0.96 1 1 1 0.94 0.94 1 1 0.78 1 1 0.81 1 0.33,reckoning8 cinderfall8 steel_flurry8 skybreak8 lunar_brand8 gale_chakram8 | duelists_grace2 soul_harvest1 grave_call1 pyre_burst1 static_charge1 kindling1 fleetfoot1 fortune1 precision1 perennial1
12,1037,warden,worn_oathblade,shield_bash,1,lamplings,none,1,1,31.30,0,45.00,,0,39279,56,63,1.4,0.687,0.758,43628,77.7,0.000,0,2,duelists_grace bloodthirst,firepot:5865 blast:1309 Lampling Tunneler:575 burning ground:253,5 10 12 15 18 20 22 24 25 27 29 30 31 32 33 34 35 36 37 38 39 40 41 42 43 44 44 45 46 47 47 48 48 49 50 51 52 53 53 54 54 55 55 55 56,38 44 55 67 66 78 67 70 74 75 95 99 94 102 105 135 128 160 110 172 174 196 165 214 166 171 219 199 142 161 35 240 245 232 263 236 234 334 344 335 349 357 351 372 373,1 1 1 1 1 1 0.89 1 1 1 1 1 1 0.96 1 1 1 1 1 1 1 1 0.96 1 1 1 1 1 1 1 1 1 1 1 1 1 1 0.8 1 1 0.91 1 1 1 1,oathkeeper8 steel_flurry8 rimeshard8 temple_breaker8 lunar_brand8 strangleroot8 | duelists_grace2 blood_scent1 deep_chill1 grave_call1 bloodthirst1 pack_leader1 evasion2 chilling3 fortune1 ironhide2 fleetfoot1 perennial2 butchers_mark1
13,8956,warden,judgement_disc_item,shield_bash,1,lamplings,none,1,1,30.59,0,45.00,,0,45714,64,71,1.58,0.625,0.759,43628,35.1,0.000,0,3,ember_tithe arcane_overflow,firepot:6214 Lampling Tunneler:2480 blast:1392 burning ground:301,10 13 16 19 21 23 26 27 29 30 31 33 34 35 36 37 38 39 40 41 42 43 44 45 46 47 48 49 49 50 51 52 53 54 55 56 57 58 59 60 61 62 62 63 64,39 39 50 63 52 78 55 90 75 79 64 86 90 120 105 108 106 95 179 105 105 129 141 117 117 108 158 126 143 163 141 137 140 134 174 183 261 289 334 259 273 376 353 390 392,1 1 1 1 1 1 1 1 1 1 0.93 0.96 0.89 1 1 1 0.93 0.95 1 0.94 1 1 1 1 1 1 1 1 1 1 0.95 0.92 1 0.94 1 1 1 0.98 1 0.87 1 1 1 1 0.99,reckoning8 tempest_coil8 soul_siphon8 verdant_gaze8 thunder_palm8 tether_of_anguish8 | ember_tithe2 grave_call2 plague_bearer1 static_charge1 arcane_overflow1 pack_leader1 fortune4 greed5 vitality3 haste2 recovery4 expanse4
14,16875,warden,worn_oathblade,bulwark,1,lamplings,none,1,1,30.47,0,45.00,,0,48003,59,66,1.47,0.650,0.709,43628,28.2,0.000,0,4,cinderwake momentum,firepot:3539 blast:1329 burning ground:384 Lampling Tunneler:162,6 11 14 17 19 21 22 25 27 28 29 31 31 33 34 35 36 37 38 38 40 40 41 42 43 44 45 46 46 47 48 49 49 50 51 52 53 54 55 56 57 58 58 59 59,39 50 54 58 58 83 71 60 68 68 79 71 83 113 96 107 102 111 106 88 122 119 120 125 109 130 124 133 124 147 141 204 158 148 165 227 252 190 168 254 250 225 269 372 303,1 1 1 1 1 1 0.97 1 1 1 1 0.99 0.94 1 1 0.84 1 1 1 0.94 1 1 1 0.92 1 1 1 0.99 1 1 1 0.85 1 0.98 1 1 1 1 0.98 0.91 0.81 1 1 1 0.97,oathkeeper8 reavers_wheel8 temple_breaker8 aegis_wheel8 glacier_spear8 razorgale8 | cinderwake2 grave_call1 soul_harvest1 deep_chill1 momentum1 pack_leader1 ironhide5 serration3 velocity3 recovery1 evasion2 vitality3 shatter1
15,24794,warden,judgement_disc_item,bulwark,1,lamplings,none,1,1,30.26,0,45.00,,0,48174,62,69,1.53,0.528,0.528,43628,15.5,0.000,0,3,momentum cinderwake,firepot:3480 blast:1238 Lampling Tunneler:286 burning ground:197,7 12 14 17 19 22 24 25 27 28 30 31 33 33 35 36 37 38 39 40 41 42 43 44 44 46 46 47 48 49 50 51 52 52 53 54 55 56 57 58 59 60 61 62 62,32 48 53 55 61 79 56 79 61 71 67 87 84 75 81 99 115 81 95 117 96 108 128 123 137 148 156 152 118 92 139 163 133 129 143 188 159 311 291 218 262 275 361 365 212,1 1 1 1 1 1 1 1 0.97 1 1 1 1 1 1 0.97 1 1 1 1 1 1 1 1 1 1 1 0.96 1 1 1 1 1 0.98 1 0.87 1 1 1 0.93 1 0.95 1 1 0.95,aegis_wheel8 mote_cascade8 razorgale8 sanctified_earth8 reavers_wheel8 thousand_cuts8 | momentum2 sanctify1 blood_scent1 butchers_mark1 dark_bargain1 cinderwake1 serration3 vitality5 perennial5 duplicity1 ironhide2 fleetfoot3 consecration1
16,32713,warden,worn_oathblade,shield_bash,1,lamplings,none,1,1,32.26,0,45.00,,0,37445,55,62,1.38,0.574,0.574,43628,135.7,0.000,0,2,duelists_grace bloodthirst,firepot:5870 blast:1348 Lampling Tunneler:1032 burning ground:353,6 9 13 16 18 21 23 25 26 27 29 30 31 32 33 34 35 36 37 38 39 39 41 41 42 43 44 44 45 46 46 47 47 48 49 50 50 51 52 52 53 53 54 54 55,41 42 49 54 43 64 85 71 81 100 77 106 88 123 93 119 167 127 115 86 196 204 214 147 196 203 215 196 250 265 50 37 151 288 299 322 303 225 324 352 330 355 360 386 398,1 1 1 1 1 1 1 1 0.97 0.96 0.99 0.95 0.88 0.98 0.97 1 1 1 1 1 1 1 0.94 1 0.94 1 1 1 0.93 0.94 1 1 1 1 1 1 0.82 0.93 0.96 1 1 1 1 1 1,oathkeeper8 reavers_wheel8 rend_and_mend8 circle_of_dawn8 thunder_palm8 verdant_lance8 | duelists_grace2 soul_harvest1 dread_command1 plague_bearer1 bloodthirst1 grave_call1 ironhide2 perennial1 haste1 vitality1 serration1 static_charge1
17,40632,warden,judgement_disc_item,shield_bash,1,lamplings,none,1,1,31.84,0,45.00,,0,38070,55,62,1.38,0.289,0.705,43628,110.4,0.000,1,2,restless_hands spirit_companion,firepot:5302 Lampling Tunneler:2064 blast:1321 burning ground:255,7 12 14 17 19 21 23 25 26 28 29 30 31 33 33 34 35 37 37 38 39 40 41 42 43 43 44 45 46 46 47 47 48 49 49 50 51 51 52 53 53 54 54 55 55,34 44 57 55 64 70 79 89 67 64 89 96 121 115 95 146 119 147 167 143 185 134 211 193 120 142 229 184 249 271 33 144 251 295 324 330 305 328 338 334 361 370 382 359 362,1 1 1 1 1 1 0.91 1 1 1 1 1 1 1 1 1 1 1 1 1 1 1 1 0.84 1 1 1 0.92 0.84 0.92 0.95 0.91 0.71 0.95 0.9 1 1 1 1 0.89 0.9 1 1 0.58 0.84,aegis_wheel8 starseeker8 rend_and_mend8 knifestorm8 circle_of_dawn8 axe_gyre8 | restless_hands1 butchers_mark1 grave_call2 soul_harvest1 spirit_companion1 consecration1 vitality3 might1 precision1 recovery1 expanse1 blood_scent1 fleetfoot1
18,1040,warden,worn_oathblade,shield_bash,1,kerchiefs,none,1,0,,1,30.36,enforcer,14,22019,56,63,2.08,0.000,0.000,45524,21.3,0.229,3,2,momentum restless_hands,firepot:3695 Kerchief Enforcer:742 burning ground:630 Kerchief Footpad:243,5 11 17 20 22 25 28 29 31 33 34 35 37 38 40 41 42 44 45 45 46 46 46 47 49 51 52 53 54 55,43 42 57 62 59 70 86 93 99 107 137 118 135 142 149 131 164 166 180 194 194 203 213 209 162 177 226 197 213 231,0.95 0.97 1 1 1 0.96 1 1 0.85 1 1 1 1 1 1 1 0.94 0.94 0.67 1 0.42 0.56 0.75 0.92 0.99 0.91 1 1 1 1,oathkeeper8 ruin_bolt8 sunbreak8 spirit_herd8 verdant_gaze8 thunder_palm8 | momentum1 sanctify1 grave_call3 pack_leader1 restless_hands1 might1 expanse2 haste2 velocity1 ironhide2 plague_bearer1
19,8959,warden,judgement_disc_item,shield_bash,1,kerchiefs,none,1,1,30.45,0,45.00,,0,47551,75,83,1.84,0.300,0.325,45524,27.2,0.000,2,4,arcane_overflow restless_hands,firepot:6712 burning ground:1367 Kerchief Footpad:615 Kerchief Enforcer:597,9 15 19 23 26 27 31 32 34 35 37 39 41 42 43 45 46 47 49 49 50 52 53 54 55 55 55 55 55 57 58 59 60 62 63 64 66 66 68 69 70 71 73 73 75,39 47 52 57 64 67 79 89 85 99 90 113 99 119 108 87 140 109 114 101 153 106 102 126 106 132 144 159 166 115 120 151 155 168 168 206 173 239 177 196 247 263 280 303 311,1 1 1 1 1 0.95 0.92 0.89 0.9 1 1 0.95 1 1 1 1 0.94 1 0.95 1 1 1 1 1 0.38 1 0.47 1 1 1 1 1 0.91 1 0.9 1 1 0.9 1 0.49 1 1 0.99 0.72 0.85,reckoning8 glacier_spear8 moonfall8 circle_of_dawn8 fallen_star8 plaguebloom8 | arcane_overflow1 grave_call1 pyre_burst1 consecration1 dread_command1 fracture1 restless_hands1 precision5 vitality5 velocity3 expanse5 perennial5 shatter1 might5 plague_bearer1
20,16878,warden,worn_oathblade,bulwark,1,kerchiefs,none,1,1,31.10,0,45.00,,0,40556,74,82,1.82,0.218,0.282,45524,65.8,0.000,3,2,stormborn bloodthirst,firepot:4474 Kerchief Footpad:3216 Kerchief Bruiser:1897 burning ground:773,10 15 17 22 24 26 30 31 32 34 36 38 39 39 42 43 44 46 47 48 50 50 52 53 54 56 57 58 59 60 61 62 63 64 65 66 67 68 69 70 71 72 73 73 74,46 40 54 60 46 79 89 87 92 106 115 116 128 136 157 150 169 177 143 142 157 152 194 177 178 187 174 173 187 167 38 194 261 229 307 318 332 324 313 330 359 332 358 366 381,1 1 1 1 1 0.97 1 1 1 0.94 0.91 1 0.99 1 0.93 1 1 1 1 1 1 1 1 1 1 0.99 1 1 1 1 1 1 1 1 1 1 1 1 1 1 1 1 0.83 1 1,graveedge8 plaguebloom8 thornbloom8 thousand_cuts8 soul_siphon8 verdant_gaze8 | stormborn2 blood_scent1 plague_bearer1 soul_harvest1 butchers_mark1 grave_call1 bloodthirst2 expanse5 greed5 recovery4 serration4 perennial5 ferocity4
21,24797,warden,judgement_disc_item,bulwark,1,kerchiefs,none,1,1,30.71,1,33.68,footpad,15,28373,65,72,2.14,0.000,0.238,45524,42.5,0.000,3,2,restless_hands arcane_overflow,firepot:1515 Kerchief Footpad:537 burning ground:437 Kerchief Bruiser:368,9 13 16 19 23 26 29 30 31 33 35 37 38 40 41 43 44 45 47 48 50 51 53 54 55 56 58 59 61 62 62 64 65,40 45 52 60 72 74 85 76 77 92 115 116 142 121 151 154 163 148 171 186 185 146 142 164 131 237 204 172 223 264 263 229 245,1 1 1 1 0.97 1 0.96 1 1 0.9 0.96 1 1 0.99 1 0.91 0.93 0.97 1 1 1 0.97 1 1 1 1 1 0.91 1 1 0.72 1 1,reckoning8 umbral_bolt8 verdant_gaze8 thousand_cuts8 thornbloom8 great_herd8 | restless_hands1 plague_bearer1 butchers_mark1 pack_leader1 blood_scent1 soul_harvest1 arcane_overflow1 wisdom3 serration3 perennial5 fortune4 evasion3 grave_call1 warding1
22,32716,warden,worn_oathblade,shield_bash,1,kerchiefs,none,1,1,30.66,1,38.66,enforcer,18,26149,67,74,1.91,0.000,0.115,45524,39.6,0.000,3,2,ember_tithe cinderwake,firepot:3866 Kerchief Bruiser:1803 Kerchief Enforcer:1542 Kerchief Footpad:1535,11 15 19 22 25 27 29 31 33 34 36 37 38 40 42 43 44 45 46 47 49 51 52 54 55 56 57 59 60 61 62 63 64 64 65 66 66 67,42 46 50 53 70 77 89 89 98 108 119 126 128 137 141 152 171 179 169 184 157 174 197 209 237 228 251 262 252 270 292 282 289 301 289 304 329 319,1 1 1 1 1 0.95 0.95 0.98 1 1 1 0.95 1 1 1 1 1 1 1 1 1 1 1 1 1 1 1 1 1 0.92 1 1 1 1 1 1 1 1,graveedge8 thousand_cuts8 arrowfall8 tether_of_anguish8 pyre_of_faith8 moonfall8 | ember_tithe1 butchers_mark1 consecration1 blood_scent1 grave_call1 sanctify1 cinderwake2 greed5 perennial5 velocity3 serration4 recovery4 searing4
23,40635,warden,judgement_disc_item,shield_bash,1,kerchiefs,none,1,1,30.15,0,45.00,,0,38500,70,78,1.73,0.350,0.350,45524,8.9,0.000,0,4,hunters_mark stormborn,firepot:2972 burning ground:1016 Kerchief Enforcer:622 Kerchief Bruiser:262,11 15 19 21 22 26 26 29 31 33 35 37 38 39 41 42 43 44 45 46 47 48 49 50 51 53 54 55 55 55 56 57 57 59 60 61 63 64 65 66 66 67 68 69 70,35 45 56 50 39 67 62 51 66 71 118 114 135 102 155 126 152 164 127 137 198 203 186 193 230 132 160 116 92 73 149 109 181 199 211 328 321 271 324 340 349 370 361 392 361,1 1 1 1 0.97 0.96 0.63 1 0.95 1 0.87 1 0.92 0.98 1 0.99 1 0.95 1 1 1 1 0.93 1 1 1 0.99 0.93 0.93 1 1 1 1 1 1 1 1 1 1 1 1 1 1 1 1,aegis_wheel8 sanctified_earth8 soul_siphon8 rend_and_mend8 iron_palms8 predators_volley8 | hunters_mark3 sanctify1 grave_call2 soul_harvest1 stormborn1 recovery4 serration4 vitality4 precision5 perennial5 ironhide4 pack_leader1
24,1062,warden,worn_oathblade,shield_bash,2,pack,none,4,1,31.09,0,45.00,,0,41247,75,83,1.84,0.432,0.565,75792,65.1,0.000,0,2,iron_vow spirit_companion,Thicket Tusker:2079 blast:1298 Greymuzzle:859 Longtooth Wolf:707,8 13 19 22 25 28 30 32 34 35 37 38 39 41 42 43 45 46 47 48 50 51 52 53 55 56 57 58 59 60 61 62 63 64 65 67 68 69 70 71 72 73 74 74 75,42 53 57 67 68 79 97 80 83 79 130 133 148 126 96 174 182 159 182 150 133 148 151 168 138 151 147 177 201 166 27 195 225 256 212 351 362 325 347 440 386 387 402 397 396,1 1 1 1 1 1 1 1 1 1 0.93 1 1 1 1 1 1 1 1 1 1 1 1 1 1 1 1 1 1 1 1 1 1 1 0.98 1 0.84 0.8 0.74 1 1 1 1 1 1,oathblade8 thunder_palm8 moonfall8 steel_flurry8 seeking_motes8 blighted_earth8 | iron_vow2 blood_scent1 plague_bearer1 grave_call2 spirit_companion1 wisdom4 greed5 fleetfoot5 haste5 chilling3 static_charge1 recovery4 shatter1
25,8981,warden,judgement_disc_item,shield_bash,2,pack,none,4,1,30.45,0,45.00,,0,41299,71,79,1.76,0.146,0.146,75792,27.0,0.000,3,2,iron_vow restless_hands,Thicket Tusker:1740 Greymuzzle:1596 Longtooth Wolf:1067 blast:703,10 15 20 25 26 29 31 33 35 36 38 39 40 42 43 44 45 46 48 49 50 51 52 53 54 56 57 58 59 60 60 61 62 63 64 65 67 67 68 69 69 70 70 70 71,43 53 58 49 49 72 64 65 64 71 83 88 102 89 96 96 128 122 104 109 140 117 99 103 106 169 145 138 133 114 138 179 214 248 198 271 358 362 365 383 382 395 392 383 388,1 1 1 1 1 1 1 1 1 1 0.98 0.99 1 1 1 1 1 1 1 1 0.92 1 1 0.74 1 1 1 1 0.93 1 1 1 1 0.93 1 0.88 1 1 0.77 1 1 1 1 1 1,reckoning8 pyre_of_faith8 razorgale8 arrowfall8 arcweb8 iron_palms8 | iron_vow2 static_charge1 storm_caller1 consecration1 sanctify1 restless_hands1 serration4 velocity3 fleetfoot5 perennial5 searing4 fortune4 pack_leader1 grave_call1
26,16900,warden,worn_oathblade,bulwark,2,pack,none,4,1,31.58,0,45.00,,0,44750,73,81,1.8,0.720,0.720,75792,94.8,0.000,0,3,stormborn spirit_companion,blast:1900 Thicket Tusker:1165 Longtooth Wolf:122 Greymuzzle:40,7 14 19 21 25 28 30 31 33 34 37 38 39 40 42 43 44 46 47 48 49 49 50 51 53 54 55 56 57 58 59 59 60 62 62 64 65 66 67 68 69 71 72 73 73,40 47 51 55 75 78 85 65 109 115 98 137 122 148 109 127 146 123 131 130 153 159 171 228 203 160 177 211 260 143 48 231 176 191 195 234 235 277 308 238 298 266 290 352 318,1 1 1 1 1 1 0.94 1 1 1 0.87 0.93 0.98 1 0.98 1 1 1 1 1 1 1 0.93 1 1 1 1 1 1 1 1 0.98 1 1 1 1 1 1 1 1 1 1 1 1 1,oathkeeper8 axe_gyre8 circle_of_dawn8 steel_flurry8 temple_breaker8 deepwinter8 | stormborn1 soul_harvest1 consecration1 shatter1 blood_scent1 deep_chill1 spirit_companion2 fleetfoot5 vitality5 ironhide5 evasion4 haste5 grave_call1 velocity3
27,24819,warden,judgement_disc_item,bulwark,2,pack,none,4,1,30.26,0,45.00,,0,42341,72,80,1.78,0.245,0.776,75792,15.4,0.000,2,3,bloodthirst momentum,Thicket Tusker:2669 blast:2244 Longtooth Wolf:1443 Blight-Sick Wolf:396,9 15 17 22 26 28 30 31 33 35 37 38 40 41 42 44 44 46 47 48 50 51 52 53 54 55 56 57 58 59 60 61 62 63 65 65 66 68 68 69 70 71 71 72 72,41 54 54 63 68 82 99 92 106 95 101 107 110 115 118 122 152 175 125 129 138 131 139 163 217 138 176 141 176 153 201 188 314 295 255 350 368 364 326 388 350 403 395 392 382,1 1 1 1 1 1 1 1 1 1 0.97 0.97 1 1 1 0.93 1 1 1 1 1 1 1 1 1 1 1 1 1 1 0.98 1 1 1 1 1 1 1 1 1 1 1 1 1 1,reckoning8 glacier_spear8 steel_flurry8 sunbreak8 thornbloom8 living_flame8 | bloodthirst2 soul_harvest1 fracture1 emberseekers1 butchers_mark1 momentum1 might4 fleetfoot5 fortune4 greed5 perennial5 consecration1 velocity3 grave_call1
28,32738,warden,worn_oathblade,shield_bash,2,pack,none,4,1,30.21,0,45.00,,0,48302,75,83,1.84,0.805,0.805,75792,12.4,0.000,0,4,hunters_mark bloodthirst,blast:651 Thicket Tusker:598 Longtooth Wolf:259 Greymuzzle:128,6 15 19 22 26 27 31 32 34 36 37 38 39 41 43 44 45 46 47 49 50 51 51 51 53 54 54 55 56 58 59 59 61 62 63 64 65 67 68 69 70 71 73 74 75,41 51 43 41 66 65 65 70 65 72 93 103 101 86 74 102 107 127 101 94 115 93 75 71 85 102 97 100 104 152 98 143 125 158 156 153 188 230 219 210 218 186 190 187 292,0.83 1 1 1 1 1 1 1 1 1 0.95 1 1 1 0.97 1 1 1 1 1 1 1 1 1 1 1 1 1 1 1 1 1 1 1 1 1 1 1 1 1 1 1 1 1 1,oathkeeper8 moonfall8 predators_volley8 rimeshard8 mote_cascade8 sunbreak8 | hunters_mark3 sanctify1 deep_chill1 consecration1 bloodthirst1 evasion4 duplicity3 might5 precision5 ironhide5 fracture1 greed5 shatter1
29,40657,warden,judgement_disc_item,shield_bash,2,pack,none,4,1,30.73,0,45.00,,0,36388,78,86,1.91,0.542,0.543,75792,43.8,0.000,0,2,duelists_grace ember_tithe,Thicket Tusker:4013 Longtooth Wolf:3419 Blight-Sick Wolf:1668 blast:1648,6 15 20 24 26 29 32 34 35 36 38 40 41 42 44 46 47 48 50 51 52 54 55 57 58 60 61 63 64 65 66 67 69 70 71 72 73 74 75 75 76 77 77 78 78,42 54 65 57 74 97 94 101 101 91 127 131 146 162 160 168 175 189 203 202 216 229 155 168 140 132 196 203 169 190 190 221 324 340 336 343 360 361 369 377 379 397 394 398 411,0.93 1 1 1 1 1 1 0.97 1 1 0.96 1 1 1 1 0.98 1 1 1 1 1 1 1 1 1 1 1 1 1 1 1 1 1 1 1 1 1 1 1 1 1 1 1 1 1,judgement_disc8 seeking_motes8 tempest_coil8 moonfall8 tether_of_anguish8 soul_siphon8 | duelists_grace1 dark_bargain3 static_charge1 grave_call1 ember_tithe1 recovery4 thorns5 expanse5 greed5 soul_harvest1 chilling3 haste5 deep_chill1
30,1065,warden,worn_oathblade,shield_bash,2,dead,none,4,0,,1,20.78,barrow_knight,12,9825,38,43,2.07,0.000,0.000,0,0.0,,3,1,cinderwake cinderwake,Barrow Knight:788 bolt_bone:755 frost_orb:110 Risen:7,1 7 10 13 14 16 19 21 22 24 24 27 28 30 31 32 34 34 36 37,51 48 52 64 76 84 94 94 115 112 127 131 148 130 164 172 178 190 208 209,0.98 1 1 0.96 1 0.99 1 1 0.96 1 1 1 0.99 1 1 1 0.94 1 0.96 1,oathblade4 thornbloom7 cinderfall7 iron_palms8 axe_gyre8 dawnpulse6 | cinderwake2 pyre_burst1 soul_harvest1 dread_command1 kindling1
31,8984,warden,judgement_disc_item,shield_bash,2,dead,none,4,1,31.36,0,45.00,,0,31489,57,64,1.42,0.238,0.816,61217,81.4,0.000,3,2,iron_vow momentum,bolt_bone:2177 frost_orb:741 Risen Shieldman:682 Risen:323,7 9 13 15 16 18 21 23 25 27 27 28 29 29 32 32 34 35 36 37 38 39 40 41 42 43 44 45 46 47 48 48 49 50 51 52 53 53 54 54 55 55 56 56 57,41 46 55 64 72 83 92 103 111 117 128 148 145 162 153 176 189 195 191 203 223 227 235 232 248 253 252 291 257 252 46 310 320 320 329 345 357 366 383 380 389 405 394 389 404,1 1 1 1 1 1 1 1 1 1 1 1 1 0.89 1 1 1 1 1 1 1 1 1 1 1 0.95 1 1 1 1 1 1 0.97 1 1 1 1 1 1 1 1 0.94 0.69 0.43 1,reckoning8 ruin_bolt8 deepwinter8 thunder_palm8 rend_and_mend8 blightfield8 | iron_vow2 grave_call1 soul_harvest1 plague_bearer1 pack_leader1 momentum1 dread_command1 precision1 might3 recovery3 vitality2 thorns2 haste1
32,16903,warden,worn_oathblade,bulwark,2,dead,none,4,1,30.58,0,45.00,,0,33118,64,71,1.58,0.148,0.148,61217,34.8,0.000,2,3,ember_tithe bloodthirst,bolt_bone:8265 Barrow Knight:4825 frost_orb:1682 Risen:98,7 10 13 15 17 19 21 23 25 26 28 29 30 32 33 35 36 38 39 40 42 43 44 45 47 48 49 49 51 52 53 54 55 56 57 58 58 60 61 62 63 63 63 64 64,38 46 51 67 70 98 94 96 110 118 125 142 159 151 162 163 180 198 245 210 217 229 242 242 248 278 274 286 278 293 300 330 316 322 331 353 365 366 401 392 384 382 399 392 400,1 1 1 1 1 1 1 1 1 1 1 1 1 1 1 1 1 1 1 1 1 0.95 1 1 1 1 1 1 1 1 0.97 1 1 1 0.94 1 1 1 1 1 1 1 1 0.93 1,graveedge8 razorgale8 temple_breaker8 circle_of_dawn8 pyre_of_faith8 thornbloom8 | ember_tithe2 grave_call2 sanctify1 pack_leader1 bloodthirst2 evasion3 duplicity3 serration4 vitality4 searing3 perennial5
33,24822,warden,judgement_disc_item,bulwark,2,dead,none,4,1,32.52,0,45.00,,0,16141,45,51,1.13,0.208,0.807,61217,151.3,0.000,3,2,bloodthirst arcane_overflow,bolt_bone:2017 Risen Shieldman:676 Risen:570 Barrow Knight:163,7 10 13 14 16 17 20 21 22 24 25 27 28 29 30 31 32 33 34 35 35 36 36 37 37 39 39 40 40 41 41 42 42 42 42 43 43 43 44 44 44 44 45 45 45,37 49 53 64 74 88 89 102 105 116 129 140 149 157 158 176 186 183 208 199 202 236 227 250 252 263 264 264 274 289 68 76 305 317 330 335 345 357 353 390 379 398 401 389 390,1 1 1 0.98 0.99 1 1 1 1 1 1 1 0.97 1 1 1 1 1 1 1 0.98 1 1 1 1 1 1 1 1 1 1 1 1 1 0.93 1 1 0.51 0.75 1 1 1 1 0.72 0.33,reckoning8 knifestorm8 predators_volley8 rimeshard8 umbral_bolt8 starseeker8 | bloodthirst1 blood_scent1 butchers_mark1 grave_call1 soul_harvest1 arcane_overflow1 deep_chill1 precision3 serration1
34,32741,warden,worn_oathblade,shield_bash,2,dead,none,4,1,30.52,0,45.00,,0,35862,59,66,1.47,0.190,0.190,61217,31.2,0.000,3,3,cinderwake duelists_grace,bolt_bone:3567 Barrow Knight:1439 frost_orb:892 Risen:51,1 2 4 8 13 16 19 20 22 25 26 28 30 31 33 34 35 36 37 38 38 39 41 41 42 44 45 45 47 48 48 49 50 51 52 52 53 54 55 56 56 57 58 59 59,51 45 55 70 76 85 90 96 112 129 108 140 147 146 164 173 174 187 197 194 201 227 226 241 252 235 273 286 277 229 315 275 290 312 336 356 344 368 375 396 394 405 410 418 387,0.98 1 1 1 0.99 0.97 1 1 0.97 0.98 0.97 1 1 1 1 0.89 0.88 1 0.97 0.85 1 1 1 0.95 0.89 1 1 1 1 1 1 1 1 1 1 0.97 0.93 1 0.96 1 0.93 1 0.9 0.74 1,oathkeeper8 circle_of_dawn8 seeking_motes8 blighted_earth8 hailwheel8 aegis_wheel8 | cinderwake1 consecration1 sanctify1 grave_call1 soul_harvest1 duelists_grace1 plague_bearer1 vitality1 chilling2 ironhide1 serration4 haste4 perennial5 blood_scent1
35,40660,warden,judgement_disc_item,shield_bash,2,dead,none,4,1,30.41,0,45.00,,0,43923,68,75,1.67,0.211,0.273,61217,24.5,0.000,2,4,arcane_overflow ember_tithe,bolt_bone:2976 Barrow Knight:906 frost_orb:814 Risen Shieldman:196,8 11 13 16 17 20 22 24 26 27 28 29 31 32 34 35 37 38 39 41 42 43 44 45 47 47 49 50 51 52 53 54 55 56 57 58 59 60 61 62 64 65 66 67 68,39 46 50 60 75 106 87 102 106 122 129 135 144 152 158 172 177 187 158 190 215 198 181 213 156 249 190 240 207 262 252 226 236 224 287 362 291 325 279 300 373 405 377 361 402,1 1 1 1 1 1 1 1 1 1 1 0.97 1 0.87 1 1 1 1 1 1 1 1 1 1 1 1 1 1 1 1 1 1 1 0.86 1 1 1 1 0.91 1 1 1 1 0.87 1,judgement_disc8 pyre_of_faith8 fallen_star8 dawnpulse8 plaguebloom8 steel_flurry8 | arcane_overflow2 grave_call1 dread_command1 blood_scent1 consecration1 ember_tithe1 sanctify1 expanse5 searing4 haste5 fleetfoot5 perennial5 duplicity3
36,1068,warden,worn_oathblade,shield_bash,2,lamplings,none,4,1,30.73,0,45.00,,0,48080,64,71,1.58,0.208,0.398,67047,43.7,0.000,2,4,glass_cannon duelists_grace,firepot:7124 blast:1395 Lampling Tunneler:648 burning ground:316,8 12 17 20 22 24 26 28 29 31 32 33 35 36 37 38 39 40 41 42 43 44 45 45 47 48 48 49 50 51 51 52 53 54 55 56 57 58 59 59 60 61 62 63 64,43 47 50 56 47 50 83 85 62 79 98 88 83 133 67 103 82 116 107 140 115 140 102 127 109 130 105 125 130 112 134 147 128 147 170 190 161 234 221 176 261 234 279 278 269,1 1 1 1 1 1 1 1 1 1 0.97 0.81 0.93 1 1 1 0.92 0.91 0.93 1 0.94 1 0.91 0.96 1 1 1 1 0.89 1 0.76 1 0.89 1 0.77 0.83 0.81 0.91 0.76 0.79 1 1 0.59 1 1,graveedge8 deepwinter8 plaguebloom8 skybreak8 rend_and_mend8 reckoning8 | glass_cannon1 fracture1 dark_bargain1 storm_caller1 grave_call2 duelists_grace1 precision5 perennial5 recovery4 fleetfoot5 serration3 plague_bearer1 haste2
37,8987,warden,judgement_disc_item,shield_bash,2,lamplings,none,4,1,30.50,0,45.00,,0,48464,62,69,1.53,0.669,0.704,67047,30.0,0.000,0,4,glass_cannon bloodthirst,firepot:5590 blast:1758 Lampling Tunneler:938 burning ground:438,8 12 15 19 21 23 25 27 28 29 31 32 33 35 36 37 37 39 40 41 42 42 43 44 45 46 47 47 48 49 50 51 52 52 53 54 55 56 57 58 58 59 60 61 62,31 49 56 46 50 66 64 68 62 70 67 82 99 86 96 115 88 131 146 115 137 89 144 132 127 130 113 123 169 122 126 147 172 137 155 147 161 234 204 213 274 216 307 240 361,1 1 1 1 1 0.94 0.94 1 1 1 1 0.92 1 1 1 1 1 1 1 1 1 1 1 1 1 1 1 1 0.97 1 0.95 1 1 0.89 1 1 1 1 1 1 1 1 1 0.83 1,aegis_wheel8 rend_and_mend8 blighted_earth8 gyrestorm8 moonfall8 thousand_cuts8 | glass_cannon1 plague_bearer1 blood_scent1 grave_call3 pack_leader1 bloodthirst1 recovery4 chilling3 ferocity4 ironhide5 serration2 greed5
38,16906,warden,worn_oathblade,bulwark,2,lamplings,none,4,1,31.11,0,45.00,,0,47379,61,68,1.51,0.679,0.716,67047,66.6,0.000,0,3,restless_hands restless_hands,firepot:2400 Lampling Tunneler:1050 blast:629 burning ground:285,8 11 15 18 20 22 25 27 28 29 31 32 33 34 35 36 38 38 39 40 41 42 43 44 45 46 46 47 48 49 49 50 51 52 53 53 54 55 56 57 58 58 60 60 61,44 55 53 59 58 74 78 86 62 75 88 95 83 94 97 111 109 93 134 95 117 114 128 134 101 149 123 178 84 156 24 146 162 188 163 217 190 178 212 199 246 286 252 318 185,0.98 1 1 1 1 0.73 0.95 0.97 1 1 1 0.97 1 0.95 1 1 1 1 1 0.98 0.92 1 1 0.98 0.97 1 1 0.88 1 1 1 0.98 0.92 1 0.98 0.81 1 1 1 0.96 1 1 1 0.95 0.96,oathkeeper8 pyre_of_faith8 aegis_wheel8 everbloom8 great_herd8 seeking_motes8 | restless_hands3 sanctify1 pack_leader1 soul_harvest1 grave_call1 vitality3 thorns3 perennial5 searing2 ironhide2 pyre_burst1 serration3
39,24825,warden,judgement_disc_item,bulwark,2,lamplings,none,4,1,30.80,0,45.00,,0,47872,61,68,1.51,0.557,0.679,67047,47.7,0.000,0,4,duelists_grace restless_hands,firepot:5413 Lampling Tunneler:1327 blast:1191 burning ground:455,7 12 16 19 21 24 25 27 29 30 31 33 34 35 35 37 38 39 40 40 42 42 43 44 45 46 47 48 48 49 50 50 51 52 53 53 54 55 56 57 58 59 60 60 61,39 54 56 54 64 71 60 61 83 69 78 80 107 80 82 125 106 78 112 108 106 144 104 124 92 178 148 180 142 145 132 134 181 140 150 166 190 237 180 212 262 224 211 361 325,1 1 1 1 1 1 1 0.91 1 1 1 1 0.93 1 1 1 0.97 1 0.95 1 1 1 1 1 1 1 1 1 1 1 1 1 1 0.96 0.9 0.99 0.95 1 1 0.94 0.99 0.82 0.8 1 1,reckoning8 glacier_spear8 dawnpulse8 reavers_wheel8 pyre_of_faith8 living_flame8 | duelists_grace1 deep_chill1 pyre_burst1 consecration1 grave_call2 restless_hands1 kindling1 fortune3 perennial5 velocity1 serration3 searing3 ironhide3
40,32744,warden,worn_oathblade,shield_bash,2,lamplings,none,4,1,31.97,0,45.00,,0,41668,59,66,1.47,0.442,0.781,67047,118.0,0.000,0,2,iron_vow iron_vow,firepot:2829 Lampling Tunneler:1020 blast:498 burning ground:149,6 12 14 18 20 21 24 25 27 29 30 31 33 34 35 36 37 38 39 40 41 41 42 43 44 45 46 46 47 48 49 49 49 50 51 52 53 54 54 55 56 56 57 58 59,40 49 60 66 72 91 96 103 93 78 135 96 118 92 131 145 120 100 102 152 205 183 142 222 148 221 154 311 247 205 45 59 258 325 183 335 287 314 323 374 342 405 411 287 387,1 1 1 1 1 1 1 1 1 1 1 1 1 1 1 1 1 1 1 1 1 1 1 1 1 1 1 1 1 0.95 1 1 1 1 0.99 0.92 1 1 1 1 0.97 1 1 1 1,oathkeeper8 rend_and_mend8 hailwheel8 mote_cascade8 living_flame8 lunar_brand8 | iron_vow2 soul_harvest1 kindling1 pyre_burst1 pack_leader1 grave_call1 perennial2 vitality1 duplicity2 ironhide4 fortune2 dread_command1 chilling1
41,40663,warden,judgement_disc_item,shield_bash,2,lamplings,none,4,1,31.25,0,45.00,,0,46629,61,68,1.51,0.340,0.340,67047,75.2,0.000,0,3,duelists_grace duelists_grace,"firepot:7862 Lampling Tunneler:1741 blast:1180 Grimtunnel, Roused:461",8 12 15 19 21 23 25 27 28 29 31 32 33 34 36 36 37 38 39 40 41 42 43 44 45 45 47 47 48 49 49 50 51 52 52 53 54 55 56 57 58 58 59 60 61,40 49 48 54 60 75 69 80 76 67 98 83 110 84 88 120 111 115 136 121 180 134 155 145 133 173 101 105 125 128 22 199 202 150 276 268 252 255 225 219 301 369 366 418 388,1 1 1 1 1 1 1 0.97 1 0.88 1 1 0.96 1 1 1 1 1 0.94 0.94 0.83 1 1 0.87 1 0.93 0.94 1 1 0.93 0.92 1 1 1 0.92 0.89 1 1 1 1 1 1 1 1 1,aegis_wheel8 soul_siphon8 living_flame8 pyre_of_faith8 rend_and_mend8 circle_of_dawn8 | duelists_grace2 consecration1 grave_call2 pyre_burst1 dread_command1 perennial4 searing4 velocity3 recovery2 vitality5 sanctify1 greed2
42,1071,warden,worn_oathblade,shield_bash,2,kerchiefs,none,4,1,30.77,1,42.81,pillager,26,41457,78,86,2.01,0.000,0.127,69962,46.3,0.000,3,3,cinderwake stormborn,firepot:8371 burning ground:2054 Kerchief Footpad:1735 Kerchief Bruiser:1451,6 15 21 24 28 30 32 34 36 38 39 42 43 45 46 47 49 50 51 53 53 54 56 57 59 60 61 63 64 65 66 67 68 69 70 72 73 74 75 76 77 78,41 51 56 62 71 73 84 89 84 105 131 117 116 122 127 125 113 158 144 70 166 148 167 219 197 179 158 168 176 155 204 211 261 245 249 309 358 366 363 378 399 384,0.96 1 1 1 0.92 0.91 0.91 0.96 0.87 0.94 0.83 0.93 0.92 1 1 0.99 1 1 1 0.93 1 0.71 0.92 1 0.92 0.92 0.94 1 1 0.94 1 0.99 0.93 1 0.99 1 0.98 0.97 0.99 0.84 1 1,oathblade8 blighted_earth8 hallowed_ring8 hailwheel8 ruin_bolt8 reckoning8 | cinderwake2 plague_bearer1 consecration1 dark_bargain1 sanctify1 stormborn1 fortune4 might5 chilling3 perennial5 recovery4 grave_call1 vitality5 pack_leader1
43,8990,warden,judgement_disc_item,shield_bash,2,kerchiefs,none,4,1,30.68,0,45.00,,0,46504,86,94,2.09,0.462,0.462,69962,41.0,0.000,0,4,momentum hunters_mark,firepot:5407 burning ground:831 Kerchief Footpad:226 Kerchief Enforcer:56,8 14 19 22 26 28 30 32 34 35 36 38 41 41 44 45 47 48 49 51 53 53 55 56 57 58 60 61 63 64 64 66 67 69 71 72 74 75 77 78 80 81 83 85 86,41 51 59 65 74 83 92 109 96 109 131 139 134 109 159 122 132 140 169 126 153 116 104 123 115 137 161 162 115 122 169 179 215 159 190 201 234 206 294 256 309 226 246 244 257,0.97 0.97 0.97 1 0.93 0.93 0.95 1 0.94 0.97 0.95 0.91 1 0.63 0.9 1 0.99 1 1 1 0.93 0.81 0.6 1 1 1 1 0.95 0.96 0.98 1 1 1 1 1 1 1 0.94 1 0.92 1 1 0.88 1 1,aegis_wheel8 gale_chakram8 moonfall8 thunder_palm8 sanctified_earth8 deepwinter8 | momentum1 grave_call1 fracture1 shatter1 dread_command1 deep_chill1 hunters_mark2 expanse5 wisdom4 haste5 ironhide5 greed5 searing4 sanctify1
44,16909,warden,worn_oathblade,bulwark,2,kerchiefs,none,4,1,31.35,0,45.00,,0,34595,70,78,1.73,0.022,0.132,69962,81.1,0.000,3,2,glass_cannon restless_hands,firepot:3110 burning ground:992 Kerchief Enforcer:95 Kerchief Footpad:95,10 15 19 21 24 26 29 31 32 33 36 37 39 40 40 42 44 45 46 48 49 50 52 53 54 55 57 58 60 61 61 61 62 62 63 64 65 66 67 67 68 68 69 69 70,44 47 61 62 68 81 94 101 107 111 127 135 147 161 161 169 186 183 205 213 220 216 183 212 258 214 233 237 242 268 43 311 314 287 321 347 365 373 396 393 401 426 385 391 400,1 1 1 1 0.71 0.54 0.94 1 1 0.92 1 0.79 1 1 1 0.99 0.87 1 1 0.97 0.99 1 0.95 1 1 1 0.98 1 1 0.99 0.81 0.76 0.48 0.44 0.96 1 1 1 1 0.7 1 1 1 0.93 0.75,oathblade8 gale_chakram8 axe_gyre8 steel_flurry8 deepwinter8 ruin_bolt8 | glass_cannon1 soul_harvest1 grave_call2 pack_leader1 deep_chill1 restless_hands1 fleetfoot5 expanse5 haste5 might5 velocity3 searing4 blood_scent1 dread_command1
45,24828,warden,judgement_disc_item,bulwark,2,kerchiefs,none,4,0,,1,20.27,enforcer,12,14735,51,57,2.81,0.000,0.000,0,0.0,,3,1,glass_cannon cinderwake,firepot:1840 burning ground:408 Kerchief Enforcer:200 Kerchief Footpad:191,9 14 20 22 27 28 30 33 35 37 38 40 42 43 44 46 47 48 50 51,43 50 62 60 70 90 89 76 49 96 125 83 117 102 114 144 141 103 119 125,1 1 1 1 0.96 0.97 1 0.93 1 0.9 1 1 0.99 1 1 0.99 1 1 0.77 1,reckoning8 tether_of_anguish8 circle_of_dawn8 living_flame8 gale_chakram8 iron_palms8 | glass_cannon3 grave_call1 dread_command2 cinderwake1 precision1 recovery1 perennial1
46,32747,warden,worn_oathblade,shield_bash,2,kerchiefs,none,4,1,30.80,0,45.00,,0,30739,71,79,1.76,0.643,0.643,69962,47.7,0.000,0,3,arcane_overflow restless_hands,firepot:5394 Kerchief Footpad:803 burning ground:650 Kerchief Enforcer:629,4 10 13 16 21 23 26 28 31 32 33 34 35 35 37 39 39 41 41 43 44 45 46 47 47 49 49 51 51 53 54 56 58 59 61 62 63 64 66 66 68 68 70 70 71,39 50 55 61 77 85 96 100 97 109 129 137 123 164 154 177 186 183 188 206 210 215 234 257 249 270 271 262 272 263 191 207 206 169 248 280 352 289 374 385 393 412 400 395 443,1 1 1 1 1 1 1 1 0.95 1 1 1 0.96 1 1 1 1 1 1 1 1 1 1 0.98 1 1 1 1 1 1 1 1 1 1 1 1 1 1 1 0.98 0.95 0.99 1 1 0.95,oathkeeper8 sanctified_earth8 deathcoil8 great_herd8 rend_and_mend8 moonfall8 | arcane_overflow3 sanctify1 pack_leader1 dread_command1 restless_hands1 might5 perennial5 duplicity3 ironhide5 grave_call2 greed3 vitality5
47,40666,warden,judgement_disc_item,shield_bash,2,kerchiefs,none,4,0,,0,45.00,,0,29509,66,73,1.62,0.218,0.218,69962,900.0,0.750,1,2,cinderwake momentum,firepot:7348 Kerchief Footpad:1423 burning ground:774 Kerchief Enforcer:450,9 16 21 24 25 29 31 33 35 36 38 40 42 43 44 45 47 49 50 51 51 52 53 54 55 57 58 59 60 61 62 63 63 63 63 64 64 64 64 65 65 65 65 66 66,42 52 53 66 64 104 83 104 83 123 123 124 128 103 155 135 132 155 131 167 188 176 184 213 206 198 217 203 171 174 35 37 39 34 40 39 49 62 68 78 95 122 130 105 139,0.99 1 1 1 1 1 1 1 1 1 0.98 1 1 1 1 1 0.96 1 1 1 1 1 0.94 1 1 0.99 1 1 1 0.93 1 1 1 1 1 1 1 1 1 0.98 1 1 1 1 0.96,aegis_wheel8 tempest_coil8 plaguebloom8 pyre_of_faith8 great_herd8 tether_of_anguish8 | cinderwake3 plague_bearer1 pack_leader1 soul_harvest1 momentum1 searing4 perennial5 recovery4 expanse2 dread_command1 vitality3 greed1
48,1093,warden,worn_oathblade,shield_bash,3,pack,none,7,1,30.53,0,45.00,,0,47199,81,89,1.98,0.292,0.292,109671,32.0,0.000,2,4,momentum cinderwake,Greymuzzle:3803 blast:2705 Thicket Tusker:2529 Longtooth Wolf:787,7 17 21 25 28 30 32 34 36 37 39 41 42 43 44 46 47 48 49 50 52 53 54 55 56 57 59 60 61 62 62 64 65 66 68 69 70 72 73 75 76 78 79 80 81,44 55 52 54 75 69 77 55 70 66 98 97 86 102 84 129 99 97 120 116 88 100 128 136 103 97 113 130 131 113 161 164 186 215 189 188 286 232 238 195 244 239 418 393 347,1 1 0.99 1 0.96 1 0.96 1 1 0.9 0.94 1 0.97 1 1 1 1 1 0.97 1 1 1 1 1 1 1 1 1 1 1 1 1 1 1 1 1 0.97 1 1 1 1 0.97 0.58 1 1,oathkeeper8 everbloom8 knifestorm8 fallen_star8 temple_breaker8 soul_siphon8 | momentum1 blood_scent1 emberseekers1 pyre_burst1 kindling1 butchers_mark1 cinderwake2 recovery4 ironhide5 expanse5 evasion4 wisdom4 thorns5 grave_call1
49,9012,warden,judgement_disc_item,shield_bash,3,pack,none,7,1,30.52,0,45.00,,0,47863,78,86,1.91,0.490,0.798,109671,30.9,0.000,0,4,momentum glass_cannon,Thicket Tusker:2760 blast:2269 Longtooth Wolf:1027 Greymuzzle:393,8 12 17 23 25 29 32 33 34 37 38 40 41 43 44 45 47 48 49 50 51 52 54 55 56 57 58 59 60 61 62 63 64 64 65 67 67 69 70 71 73 74 75 76 78,46 61 63 51 47 90 81 70 96 74 88 116 113 110 99 131 110 80 114 131 107 107 105 86 115 95 97 147 134 151 166 163 142 173 149 238 212 191 254 266 344 252 277 319 422,0.99 0.98 1 0.98 1 1 0.95 1 1 1 1 1 1 1 1 0.9 1 1 1 1 1 1 1 1 1 0.95 1 1 1 1 1 1 1 1 1 1 0.93 1 1 1 1 1 1 1 1,reckoning8 thunder_palm8 glacier_spear8 soul_siphon8 plaguebloom8 rend_and_mend8 | momentum2 grave_call1 plague_bearer1 soul_harvest1 shatter1 glass_cannon1 precision5 velocity3 vitality5 perennial5 recovery4 deep_chill1 haste5 dark_bargain1
50,16931,warden,worn_oathblade,bulwark,3,pack,none,7,1,30.46,0,45.00,,0,41828,73,81,1.8,0.253,0.253,109671,27.6,0.000,3,2,spirit_companion spirit_companion,Thicket Tusker:2638 blast:1500 Greymuzzle:1496 Longtooth Wolf:1014,3 13 19 23 27 30 31 33 35 36 39 40 41 43 44 45 46 48 49 50 51 52 54 55 56 57 58 59 60 61 62 63 64 65 66 67 68 69 70 71 71 72 72 73 73,44 51 50 75 65 100 110 94 108 88 101 147 109 143 106 108 128 131 123 135 146 149 140 139 225 221 153 185 166 169 178 254 212 282 348 395 367 277 392 418 419 384 446 387 404,0.98 0.98 1 1 1 0.94 1 0.96 1 1 1 1 1 0.97 0.93 1 1 1 1 1 1 1 1 1 1 1 0.99 1 1 1 0.98 1 1 1 0.99 1 0.95 0.99 1 1 1 1 1 1 0.88,oathkeeper8 grave_tether8 reavers_wheel8 razorgale8 skybreak8 starseeker8 | spirit_companion3 soul_harvest1 storm_caller1 static_charge1 grave_call1 ironhide5 precision5 perennial5 serration4 blood_scent1 evasion3 fortune4 pack_leader1
51,24850,warden,judgement_disc_item,bulwark,3,pack,none,7,1,30.17,0,45.00,,0,48631,76,84,1.87,0.611,0.611,109671,9.9,0.000,0,4,duelists_grace hunters_mark,blast:2338 Greymuzzle:1860 Thicket Tusker:1197 Longtooth Wolf:1032,13 16 22 26 28 30 33 34 36 37 39 41 42 42 44 45 46 48 49 50 51 52 53 53 55 56 57 57 58 60 60 61 62 63 64 65 66 67 69 70 71 72 74 75 76,50 50 49 67 84 88 79 77 80 106 105 116 89 130 110 104 127 113 113 109 139 118 58 71 94 90 79 91 62 92 105 82 93 176 79 112 134 122 125 169 195 217 196 163 196,1 1 1 1 1 0.95 0.98 1 1 1 0.96 0.94 1 1 1 0.96 1 1 1 0.99 1 0.99 1 1 1 1 1 1 1 1 1 1 1 1 1 1 1 1 1 1 1 1 1 1 0.99,reckoning8 predators_volley8 living_flame8 gale_chakram8 steel_flurry8 tether_of_anguish8 | duelists_grace1 kindling1 blood_scent1 emberseekers1 butchers_mark1 grave_call2 hunters_mark1 perennial5 fleetfoot5 precision5 recovery4 dread_command1 thorns5 velocity3
52,32769,warden,worn_oathblade,shield_bash,3,pack,none,7,1,30.59,0,45.00,,0,40359,72,80,1.78,0.249,0.249,109671,35.7,0.000,2,2,hunters_mark spirit_companion,blast:2632 Thicket Tusker:2314 Greymuzzle:939 Longtooth Wolf:468,6 16 21 23 27 30 32 34 35 37 39 40 42 43 44 44 47 48 48 50 51 53 54 55 56 57 58 59 60 61 62 62 64 65 66 67 67 68 69 70 70 71 71 72 72,45 47 66 64 82 79 80 87 77 95 114 127 137 98 105 177 146 163 122 130 161 145 119 136 139 146 186 143 154 181 169 228 241 214 219 390 386 401 384 395 387 400 420 389 273,0.95 0.99 1 1 0.9 0.93 1 1 1 1 0.89 1 1 1 0.96 1 0.91 1 1 1 0.97 1 1 0.95 1 1 0.97 1 1 1 1 1 1 1 0.96 1 1 1 0.94 1 1 1 1 1 1,oathkeeper8 dawnpulse8 hailwheel8 thunder_palm8 gyrestorm8 steel_flurry8 | hunters_mark3 sanctify1 consecration1 blood_scent1 butchers_mark1 ironhide5 spirit_companion2 ferocity4 haste5 fortune4 fleetfoot5 chilling3
53,40688,warden,judgement_disc_item,shield_bash,3,pack,none,7,1,31.24,0,45.00,,0,34558,72,80,1.78,0.611,0.642,109671,74.1,0.000,0,2,duelists_grace ember_tithe,blast:2423 Thicket Tusker:1799 Longtooth Wolf:1044 Greymuzzle:551,9 17 19 21 24 27 29 31 34 36 37 39 40 42 43 45 46 48 50 51 52 54 55 56 57 59 60 61 62 64 64 65 66 66 67 68 68 69 70 70 71 71 71 72 72,41 50 59 74 84 88 100 89 84 110 146 132 131 154 204 193 151 135 117 101 153 155 260 120 151 157 189 200 228 162 60 198 358 352 383 369 383 427 393 409 398 394 429 391 395,0.97 1 1 1 0.95 1 1 1 1 0.97 0.93 1 1 1 0.92 0.91 1 0.94 0.97 0.98 1 1 1 1 1 1 1 1 0.97 1 1 1 1 0.93 0.97 1 1 1 1 1 1 1 1 0.92 0.7,aegis_wheel8 axe_gyre8 arrowfall8 steel_flurry8 temple_breaker8 living_flame8 | duelists_grace2 soul_harvest1 grave_call2 blood_scent1 pyre_burst1 butchers_mark1 ember_tithe1 vitality5 velocity3 evasion4 precision5 perennial5 fleetfoot5
54,1096,warden,worn_oathblade,shield_bash,3,dead,none,7,1,32.30,1,39.88,risen_warrior,24,24298,54,61,1.53,0.000,0.267,88580,137.9,0.000,3,2,duelists_grace momentum,bolt_bone:5720 Barrow Knight:3065 Risen Shieldman:1262 frost_orb:1259,2 6 9 11 13 16 17 20 21 23 25 26 27 29 31 31 33 35 36 37 37 39 40 41 42 43 43 44 45 45 47 47 47 48 50 50 51 52 53,53 47 62 75 81 90 106 117 120 129 139 150 169 173 172 191 205 205 219 231 242 247 260 265 274 285 289 296 342 328 67 74 349 374 405 383 389 403 412,0.95 1 1 1 1 0.99 1 0.92 0.86 0.94 1 1 1 0.97 1 1 0.87 0.96 0.82 1 0.62 1 0.73 0.74 1 0.66 0.95 0.95 1 0.96 1 0.95 1 0.95 1 0.64 0.75 0.91 0.68,oathkeeper8 ruin_bolt8 great_herd8 razorgale8 thousand_cuts8 reavers_wheel8 | duelists_grace1 grave_call3 pack_leader1 blood_scent1 momentum1 might3 ironhide1 serration1 perennial1 ferocity2 dark_bargain1
55,9015,warden,judgement_disc_item,shield_bash,3,dead,none,7,1,31.87,0,45.00,,0,24768,54,61,1.36,0.313,0.728,88580,112.4,0.000,1,2,iron_vow spirit_companion,Barrow Knight:1341 bolt_bone:1256 Risen:1084 Risen Shieldman:918,7 10 13 16 18 20 22 25 26 28 28 30 31 33 34 35 36 37 37 38 39 39 40 41 41 42 43 44 45 45 46 47 47 48 48 49 49 51 51 52 52 53 53 53 54,45 54 64 78 84 99 99 111 118 119 145 144 162 170 180 185 198 203 208 228 241 187 257 277 268 294 294 300 308 315 52 195 338 361 365 377 395 402 391 390 390 398 391 382 390,1 1 1 1 1 1 1 1 1 1 1 1 1 1 1 1 1 1 1 1 1 1 1 1 1 1 1 0.96 1 1 1 1 1 1 1 1 0.96 1 1 1 1 0.99 0.85 1 1,aegis_wheel8 great_herd8 tether_of_anguish8 soul_siphon8 seeking_motes8 living_flame8 | iron_vow1 grave_call1 pyre_burst1 pack_leader1 soul_harvest1 spirit_companion2 ironhide5 perennial1 haste1 velocity1 recovery1 kindling1
56,16934,warden,worn_oathblade,bulwark,3,dead,none,7,0,,1,20.62,risen_archer,14,11241,40,46,2.23,0.000,0.000,0,0.0,,3,1,glass_cannon arcane_overflow,bolt_bone:1228 Barrow Knight:605 frost_orb:64 Risen Shieldman:59,4 8 11 14 16 19 20 23 25 27 28 29 31 33 34 35 36 37 38 40,47 52 66 71 85 94 102 109 126 120 132 155 162 165 184 188 194 206 227 242,0.96 1 1 1 0.96 0.93 0.85 0.95 0.93 1 1 1 1 1 0.95 0.85 0.96 1 0.88 1,oathblade8 cinderfall6 iron_palms6 volley8 seeking_motes6 moonbrand8 | glass_cannon1 kindling1 pyre_burst1 grave_call1 emberseekers1 arcane_overflow1 pack_leader1
57,24853,warden,judgement_disc_item,bulwark,3,dead,none,7,0,,1,20.58,barrow_knight,14,10776,40,46,2.24,0.000,0.000,0,0.0,,3,1,hunters_mark stormborn,bolt_bone:1212 Barrow Knight:1034 frost_orb:228 Risen Shieldman:71,7 11 15 16 20 21 24 25 27 29 30 30 32 33 33 35 36 37 38 39,44 56 62 78 78 94 106 110 121 123 147 154 160 181 173 188 203 210 217 219,1 1 1 0.98 1 0.94 0.98 1 1 1 0.85 1 0.98 1 1 0.86 1 0.95 0.96 1,judgement_disc7 gale_chakram8 arcweb6 umbral_bolt7 axe_gyre8 iron_palms8 | hunters_mark3 grave_call1 pack_leader1 stormborn1 static_charge1
58,32772,warden,worn_oathblade,shield_bash,3,dead,none,7,0,,1,30.53,barrow_knight,18,17832,47,53,1.74,0.000,0.000,88580,32.0,0.498,3,2,stormborn duelists_grace,bolt_bone:1968 Barrow Knight:1236 frost_orb:264,5 10 13 15 16 19 21 22 23 25 26 28 29 30 31 32 34 35 37 38 39 40 40 42 42 43 44 45 46 47,44 49 65 69 83 100 100 112 124 129 135 146 159 168 187 190 187 214 207 168 214 242 263 276 272 281 313 304 317 334,1 1 1 1 1 0.88 0.99 0.94 1 1 1 0.94 1 1 1 1 0.92 1 1 1 1 1 1 0.93 0.89 0.96 1 1 1 1,oathblade8 hallowed_ring8 verdant_lance8 circle_of_dawn8 axe_gyre8 moonfall8 | stormborn1 sanctify1 consecration1 soul_harvest1 pack_leader1 duelists_grace1 plague_bearer1 vitality2 greed1 ferocity1
59,40691,warden,judgement_disc_item,shield_bash,3,dead,none,7,0,,1,38.89,risen_archer,24,22365,51,57,1.47,0.000,0.000,88580,533.5,0.998,3,2,arcane_overflow momentum,bolt_bone:2465 frost_orb:472 Barrow Knight:170 Risen Shieldman:16,7 12 14 17 19 21 24 25 26 28 29 31 32 34 35 36 36 38 39 40 41 42 43 43 44 46 46 47 48 49 49 49 50 50 50 50 51 51,43 47 61 80 87 91 103 109 125 129 140 153 156 171 188 186 205 209 204 238 241 236 264 247 212 285 241 299 267 250 41 55 49 40 50 53 47 38,1 1 1 0.99 1 0.86 1 1 1 1 1 1 1 1 1 0.97 1 1 1 1 1 0.92 1 1 1 1 1 1 0.91 1 1 1 0.87 1 0.56 1 1 0.65,reckoning8 deepwinter8 cinderfall8 volley8 sunbreak8 steel_flurry8 | arcane_overflow1 shatter1 emberseekers1 blood_scent1 pyre_burst1 momentum1 soul_harvest1 might3 searing1 fleetfoot2 fortune1 haste1
60,1099,warden,worn_oathblade,shield_bash,3,lamplings,none,7,1,31.91,0,45.00,,0,41925,60,67,1.49,0.452,0.692,97017,114.3,0.000,0,2,restless_hands cinderwake,firepot:6251 blast:1564 Lampling Tunneler:1054 burning ground:465,5 12 15 17 20 21 25 27 28 30 31 33 34 35 36 37 38 39 40 41 42 43 44 44 46 47 48 48 49 50 50 51 51 52 53 54 55 56 56 57 58 58 59 59 60,40 49 60 64 78 96 86 91 74 80 150 134 77 106 135 109 114 150 191 101 237 216 131 145 155 151 151 132 185 165 48 125 255 283 234 371 272 281 395 408 415 447 382 404 404,1 1 1 1 1 1 1 0.97 0.96 0.96 1 0.91 0.85 1 0.95 1 0.89 1 1 0.94 1 1 1 1 1 0.82 0.85 1 1 0.98 0.74 1 1 1 0.9 1 1 0.92 0.77 0.92 0.91 0.75 1 1 1,oathblade8 temple_breaker8 gyrestorm8 knifestorm8 gale_chakram8 reckoning8 | restless_hands1 grave_call2 butchers_mark1 soul_harvest1 blood_scent1 cinderwake2 perennial5 fortune2 precision5 recovery4 evasion2 ferocity2
61,9018,warden,judgement_disc_item,shield_bash,3,lamplings,none,7,1,31.06,0,45.00,,0,47519,65,72,1.6,0.710,0.710,97017,63.7,0.000,0,4,restless_hands iron_vow,firepot:3318 blast:1010 Lampling Tunneler:382 burning ground:195,6 13 16 20 22 24 27 29 30 32 33 34 36 37 38 39 40 41 42 43 44 45 46 47 48 49 49 50 52 52 53 54 54 55 56 57 58 59 60 61 62 62 64 64 65,42 56 62 56 84 74 83 87 84 80 93 90 120 141 102 142 101 121 110 110 116 105 114 117 102 130 144 104 139 127 25 127 155 157 149 251 172 204 151 178 195 284 284 266 371,1 1 1 1 1 0.91 1 1 1 1 0.95 1 1 1 0.72 0.99 1 1 1 1 1 1 0.98 1 1 1 1 1 1 1 1 1 1 1 1 1 1 0.97 1 0.95 1 1 1 1 0.93,aegis_wheel8 glacier_spear8 strangleroot8 sanctified_earth8 iron_palms8 ruin_bolt8 | restless_hands1 shatter1 sanctify1 dark_bargain1 grave_call1 iron_vow1 deep_chill1 ironhide5 velocity3 chilling3 precision5 might5 recovery4 consecration1
62,16937,warden,worn_oathblade,bulwark,3,lamplings,none,7,1,32.04,0,45.00,,0,44989,60,67,1.49,0.742,0.870,97017,122.3,0.000,0,2,bloodthirst arcane_overflow,firepot:4887 Lampling Tunneler:2599 blast:1724 burning ground:1223,4 8 14 16 19 22 25 27 27 28 31 32 33 35 36 37 38 40 41 42 43 44 45 46 47 47 49 49 50 51 52 52 53 54 55 55 56 58 58 59 60 60 60 60 60,53 48 62 69 63 102 104 83 112 126 146 158 156 163 132 179 183 148 192 174 237 194 204 125 135 267 185 158 129 155 25 30 239 139 259 245 217 217 232 213 222 237 267 242 283,1 1 1 1 1 1 1 1 0.99 1 1 1 1 1 1 1 1 1 1 1 1 1 1 1 1 1 1 1 1 1 1 1 1 1 1 1 1 1 1 1 1 1 1 0.88 1,oathblade8 harrowing8 wild_hunt8 moonfall8 thunder_palm8 arrowfall8 | bloodthirst2 soul_harvest1 dark_bargain1 pack_leader1 arcane_overflow1 grave_call1 expanse2 fleetfoot1 recovery4 haste2 emberseekers1 velocity1 chilling2
63,24856,warden,judgement_disc_item,bulwark,3,lamplings,none,7,1,30.84,0,45.00,,0,48064,63,70,1.56,0.401,0.706,97017,50.3,0.000,0,3,iron_vow glass_cannon,firepot:2117 blast:954 Lampling Tunneler:542 burning ground:165,8 11 17 20 22 25 27 28 29 31 32 34 35 36 37 38 39 40 41 42 43 44 45 46 46 47 48 49 50 51 51 52 53 54 54 55 56 57 58 59 60 61 62 62 63,48 54 60 70 57 97 66 92 69 75 87 82 71 94 97 100 116 96 94 102 106 109 106 100 141 136 115 137 134 108 136 137 140 119 134 171 229 241 249 194 253 273 269 318 244,1 1 1 1 1 1 1 1 1 0.98 1 1 1 1 0.95 1 0.89 1 1 1 1 0.8 0.91 1 1 1 1 1 1 1 1 1 1 0.98 0.9 1 1 1 1 1 1 1 1 0.99 0.88,aegis_wheel8 sanctified_earth8 ruin_bolt8 hailwheel8 gyrestorm8 verdant_gaze8 | iron_vow2 grave_call1 pack_leader1 consecration1 dread_command1 glass_cannon1 soul_harvest1 ferocity4 ironhide5 expanse4 might1 greed5 chilling3
64,32775,warden,worn_oathblade,shield_bash,3,lamplings,none,7,1,31.07,0,45.00,,0,46837,70,78,1.73,0.505,0.674,97017,64.2,0.000,0,3,arcane_overflow ember_tithe,firepot:6256 blast:2143 Lampling Tunneler:739 burning ground:371,6 11 16 19 21 23 25 28 29 31 32 33 34 35 36 38 39 40 41 43 44 45 46 47 48 49 50 51 52 53 53 55 55 57 58 59 61 62 63 64 65 67 68 69 70,49 56 61 54 78 78 108 85 118 77 100 128 89 121 100 104 124 137 119 96 129 103 120 124 137 125 158 169 151 134 34 179 181 206 185 201 297 255 290 348 392 315 284 408 327,1 1 1 1 1 1 0.96 1 0.89 0.9 1 1 0.91 1 1 1 0.94 1 1 1 1 1 1 1 1 1 1 1 1 1 1 1 0.91 0.82 1 1 1 1 1 1 1 0.96 1 0.99 1,oathblade8 starseeker8 wild_hunt8 steel_flurry8 dawnpulse8 blightfield8 | arcane_overflow1 soul_harvest1 pack_leader1 dread_command1 blood_scent1 ember_tithe2 sanctify1 fleetfoot5 precision5 searing4 wisdom4 velocity3 ferocity4 plague_bearer1
65,40694,warden,judgement_disc_item,shield_bash,3,lamplings,none,7,1,30.86,0,45.00,,0,47964,63,70,1.56,0.723,0.805,97017,51.5,0.000,0,4,bloodthirst momentum,firepot:6743 blast:2025 burning ground:494 Lampling Tunneler:254,6 13 17 20 23 25 27 28 29 31 32 33 34 35 36 37 39 40 41 42 42 44 44 45 46 47 48 49 50 50 51 51 52 53 54 55 56 57 58 59 60 60 61 62 63,46 54 64 65 47 82 57 74 59 56 92 81 104 80 95 95 96 84 103 143 135 139 119 115 144 129 145 113 129 133 147 185 122 153 144 153 161 184 192 219 224 158 210 286 234,1 1 1 1 1 1 1 1 1 0.99 1 1 1 1 1 1 1 1 1 1 1 1 0.94 0.98 0.99 0.94 1 1 0.96 1 1 1 1 1 1 0.93 1 1 1 0.99 1 1 1 0.91 0.94,aegis_wheel8 razorgale8 reavers_wheel8 circle_of_dawn8 arcweb8 deepwinter8 | bloodthirst1 sanctify1 deep_chill1 static_charge1 consecration1 momentum1 shatter1 haste3 recovery4 ironhide5 perennial3 velocity3 pack_leader1 serration4
66,1102,warden,worn_oathblade,shield_bash,3,kerchiefs,none,7,1,32.40,1,37.97,enforcer,23,19004,61,68,1.79,0.000,0.204,101235,144.3,0.000,3,2,spirit_companion spirit_companion,firepot:4122 Kerchief Bruiser:2407 Kerchief Enforcer:1555 Kerchief Footpad:1374,3 10 13 17 19 23 26 27 29 31 32 33 35 36 36 38 39 41 42 42 44 45 46 46 47 49 51 53 54 55 56 56 57 58 58 60 61,51 49 67 71 82 95 97 115 122 130 139 142 157 162 177 187 200 208 214 226 227 241 258 255 264 270 224 237 302 315 52 48 363 368 371 376 385,0.97 1 1 1 0.96 1 0.97 1 0.99 0.95 0.8 0.96 1 1 1 1 0.93 1 1 1 1 1 1 1 1 0.66 1 1 1 1 1 0.95 0.99 0.68 0.99 0.84 1,oathkeeper8 steel_flurry8 thunder_palm8 reavers_wheel8 rend_and_mend8 verdant_lance8 | spirit_companion2 pack_leader1 dread_command2 blood_scent1 plague_bearer1 recovery3 ironhide3 fleetfoot1 haste3 grave_call1 serration1 perennial2
67,9021,warden,judgement_disc_item,shield_bash,3,kerchiefs,none,7,1,31.32,1,38.76,enforcer,23,25218,65,72,1.86,0.000,0.187,101235,78.9,0.000,3,2,iron_vow iron_vow,firepot:2504 Kerchief Bruiser:1654 Kerchief Footpad:1368 Kerchief Enforcer:1367,10 12 15 21 23 25 29 31 33 34 36 38 40 41 43 44 45 45 47 48 49 51 51 53 54 55 57 57 59 59 60 61 62 62 63 64 65 65,43 51 66 71 79 98 102 113 126 132 139 154 163 180 173 186 207 215 215 204 236 254 263 261 280 254 294 315 301 298 36 347 341 364 375 378 385 412,1 1 1 1 1 0.94 1 1 1 0.93 0.9 1 0.95 1 0.79 1 1 0.59 0.73 0.57 1 1 0.96 0.59 1 0.91 1 1 1 1 1 1 0.93 1 1 1 1 0.86,aegis_wheel8 gale_chakram8 knifestorm8 axe_gyre8 fallen_star8 iron_palms8 | iron_vow3 grave_call3 butchers_mark1 searing4 velocity3 thorns2 expanse2 might4 ironhide4 sanctify1
68,16940,warden,worn_oathblade,bulwark,3,kerchiefs,none,7,1,31.20,0,45.00,,0,42562,86,94,2.09,0.227,0.318,101235,72.1,0.000,3,2,restless_hands ember_tithe,firepot:5200 burning ground:1745 Kerchief Enforcer:1022 Kerchief Footpad:629,2 14 19 23 25 26 30 33 34 37 37 40 42 43 45 46 48 49 51 52 54 55 57 59 60 62 63 64 66 67 68 68 70 71 73 75 76 78 79 81 82 83 85 86 86,57 56 66 70 69 90 98 111 102 116 125 152 162 162 117 178 208 201 172 170 170 225 159 152 137 186 174 217 220 240 38 234 199 270 199 237 347 231 280 267 401 392 408 400 407,1 1 0.97 0.99 0.9 0.97 0.99 0.91 0.95 0.73 0.97 1 0.94 0.94 0.91 1 0.98 1 0.99 1 1 1 1 0.93 1 1 0.96 0.97 1 1 0.74 1 0.99 1 0.87 1 1 1 0.99 1 1 0.98 0.68 1 0.78,oathblade8 axe_gyre8 thunder_palm8 sunbreak8 gale_chakram8 steel_flurry8 | restless_hands1 consecration1 blood_scent1 sanctify1 grave_call1 soul_harvest1 ember_tithe2 haste5 thorns5 expanse5 might5 greed5 storm_caller1 fleetfoot5
69,24859,warden,judgement_disc_item,bulwark,3,kerchiefs,none,7,0,,1,30.43,enforcer,18,23660,61,68,2.23,0.000,0.000,101235,25.5,0.335,3,2,spirit_companion stormborn,firepot:2763 Kerchief Enforcer:1594 burning ground:799 Kerchief Footpad:596,6 13 18 23 25 28 31 32 34 36 38 38 41 42 42 44 46 47 49 50 51 52 53 54 55 55 57 58 59 60,47 54 62 79 82 93 104 118 98 121 159 139 136 172 198 189 204 162 173 153 249 183 201 163 224 197 172 255 185 294,0.99 0.97 1 1 0.99 1 1 0.96 1 0.96 1 0.98 0.89 1 0.99 1 1 0.97 0.79 0.99 1 0.58 0.93 0.94 1 0.66 0.93 1 0.7 1,reckoning8 great_herd8 predators_volley8 razorgale8 dawnpulse8 reavers_wheel8 | spirit_companion1 soul_harvest1 sanctify1 grave_call1 consecration1 dread_command1 stormborn1 precision1 perennial3 serration3 pack_leader1 greed1 fleetfoot1 haste2
70,32778,warden,worn_oathblade,shield_bash,3,kerchiefs,none,7,0,,1,26.84,pillager,15,15416,50,56,2.09,0.000,0.000,0,0.0,,3,2,hunters_mark hunters_mark,firepot:1923 Kerchief Footpad:834 Kerchief Bruiser:624 burning ground:539,4 8 12 18 21 25 27 30 32 34 35 36 38 39 40 41 41 43 44 45 46 49 50 50 50 50,57 52 65 74 82 95 106 121 124 127 141 157 164 160 182 180 196 204 209 219 243 197 189 192 201 241,1 0.95 1 1 0.97 1 0.96 0.94 1 1 1 0.91 1 1 1 1 1 0.83 1 1 1 1 0.77 1 0.5 0.76,oathblade8 great_herd8 steel_flurry8 aegis_wheel8 verdant_lance8 axe_gyre8 | hunters_mark2 pack_leader1 grave_call1 blood_scent1 soul_harvest1 dark_bargain1 perennial2 fleetfoot1 vitality1 expanse1
71,40697,warden,judgement_disc_item,shield_bash,3,kerchiefs,none,7,1,31.29,0,45.00,,0,42484,78,86,1.91,0.559,0.807,101235,77.3,0.000,0,3,arcane_overflow restless_hands,firepot:4705 burning ground:1261 Kerchief Footpad:1122 Kerchief Bruiser:530,5 14 18 23 26 29 31 34 36 36 39 40 42 43 45 46 48 49 51 52 53 54 56 56 57 58 60 61 62 63 64 64 66 66 68 69 71 72 73 74 75 76 77 77 78,47 49 65 72 82 76 109 99 86 131 142 143 149 162 142 86 126 122 99 82 155 167 189 171 107 143 157 213 155 168 44 246 260 148 180 309 209 237 315 229 355 319 303 393 376,1 1 1 1 1 1 1 0.97 1 1 0.98 1 1 1 0.95 1 1 1 1 1 0.92 1 1 1 1 1 1 1 1 0.99 1 1 1 1 1 1 1 0.99 1 1 1 1 1 1 1,aegis_wheel8 seeking_motes8 tether_of_anguish8 glacier_spear8 razorgale8 soul_siphon8 | arcane_overflow1 soul_harvest1 pack_leader1 deep_chill1 grave_call2 shatter1 velocity3 restless_hands2 vitality5 evasion4 perennial5 serration4 recovery4
72,1031,reaver,butchers_cleaver,leap,1,pack,none,1,1,30.58,0,45.00,,0,42075,69,76,1.69,0.218,0.220,49318,34.8,0.000,3,3,stormborn hunters_mark,blast:3391 Thicket Tusker:2416 Greymuzzle:1266 Longtooth Wolf:965,11 15 19 22 25 27 29 31 32 34 36 37 38 40 41 42 43 45 46 47 47 49 50 51 52 53 54 55 56 57 57 59 60 61 62 63 64 65 65 66 67 68 68 69 69,40 48 49 46 50 76 81 75 71 100 106 96 133 114 90 147 126 169 189 115 188 139 135 107 165 145 146 135 145 198 189 240 183 222 222 288 334 323 333 343 363 358 367 410 365,0.99 1 1 1 1 1 1 0.96 0.95 1 0.89 0.97 0.97 0.9 0.85 1 1 1 0.96 1 1 0.96 0.96 0.92 1 1 0.91 1 0.91 1 1 0.91 1 1 1 0.93 1 1 1 1 1 1 1 1 1,whirlwind8 gyrestorm8 verdant_lance8 aegis_wheel8 sunbreak8 ruin_bolt8 | stormborn2 blood_scent1 consecration1 grave_call1 sanctify1 hunters_mark1 ferocity4 might5 perennial5 ironhide5 recovery4 soul_harvest1 duplicity3
73,8950,reaver,gyre_axes,leap,1,pack,none,1,1,30.71,0,45.00,,0,41828,74,82,1.82,0.302,0.689,49318,42.4,0.000,1,2,arcane_overflow duelists_grace,blast:2087 Thicket Tusker:1330 Longtooth Wolf:659 Blight-Sick Wolf:255,11 15 17 19 23 26 28 30 31 33 34 36 37 38 40 41 42 44 45 47 48 49 50 51 53 54 55 57 58 59 60 61 62 64 65 67 68 69 70 71 72 73 73 74 74,32 46 55 60 67 70 98 69 106 87 106 130 117 110 134 116 109 107 89 126 142 151 134 170 88 132 148 165 132 126 160 196 244 183 226 244 329 325 352 338 355 342 373 374 365,1 1 1 1 1 1 1 0.97 1 0.95 0.9 1 1 1 0.94 1 1 1 0.96 1 1 0.97 0.96 1 1 0.96 1 1 1 1 1 1 1 1 1 1 1 1 1 1 1 1 1 1 1,gyrestorm8 glacier_spear8 reckoning8 gale_chakram8 ruin_bolt8 reaving_arc8 | arcane_overflow3 deep_chill1 soul_harvest1 grave_call2 duelists_grace1 wisdom4 velocity3 precision5 ferocity4 fleetfoot5 might5 dread_command1
74,16869,reaver,butchers_cleaver,warcry,1,pack,none,1,1,30.64,0,45.00,,0,39550,72,80,1.78,0.153,0.292,49318,38.3,0.000,3,2,duelists_grace cinderwake,Thicket Tusker:2530 blast:2348 Greymuzzle:1262 Longtooth Wolf:1224,10 14 18 23 25 27 29 32 34 36 37 39 40 42 43 44 46 47 48 50 51 52 53 55 55 57 58 59 60 61 62 63 64 65 66 67 68 68 69 69 70 71 72 72 72,34 44 52 51 71 72 75 82 82 76 80 99 111 92 126 124 107 109 107 138 118 167 187 142 121 178 172 176 217 167 225 238 244 293 298 311 321 334 330 339 365 354 378 370 370,1 1 1 1 1 0.98 1 1 1 0.98 0.87 1 0.79 1 1 0.96 0.96 1 1 1 0.73 1 0.91 0.93 1 0.96 0.93 1 1 1 1 1 1 1 1 1 1 0.93 1 0.78 0.15 1 1 1 1,whirlwind8 plaguebloom8 iron_palms8 volley8 hallowed_ring8 reavers_wheel8 | duelists_grace1 plague_bearer1 consecration1 dark_bargain2 sanctify1 cinderwake1 perennial5 warding3 fleetfoot5 duplicity3 serration4 vitality5 dread_command1 grave_call1
75,24788,reaver,gyre_axes,warcry,1,pack,none,1,1,30.76,0,45.00,,0,47060,75,83,1.84,0.253,0.253,49318,45.8,0.000,2,3,spirit_companion stormborn,Thicket Tusker:4752 blast:3397 Longtooth Wolf:1799 Greymuzzle:1277,10 16 19 21 24 26 29 31 32 33 35 37 38 39 41 41 43 44 45 46 47 48 50 51 52 53 54 55 56 57 58 58 60 61 62 64 65 66 67 68 70 71 73 74 75,42 45 48 51 61 76 79 85 81 74 104 88 93 105 105 107 130 162 116 131 136 134 155 109 144 167 142 151 115 145 164 149 174 186 153 179 181 220 251 251 316 267 311 366 373,0.98 1 1 1 1 1 1 1 1 0.99 0.96 1 0.98 0.94 0.98 0.92 0.91 0.89 0.98 0.97 0.95 0.98 1 1 0.93 1 1 1 1 1 1 1 0.96 0.96 0.87 0.95 1 1 1 0.8 0.6 1 0.92 1 1,axe_gyre8 rend_and_mend8 circle_of_dawn8 blighted_earth8 hailwheel8 seeking_motes8 | spirit_companion1 sanctify1 plague_bearer1 grave_call2 pack_leader1 consecration1 stormborn1 vitality5 searing4 expanse5 chilling3 storm_caller1 perennial5 wisdom4
76,32707,reaver,butchers_cleaver,leap,1,pack,none,1,1,30.27,1,34.74,wolf_blighted,17,32060,61,68,1.96,0.000,0.084,49318,16.0,0.000,3,2,glass_cannon glass_cannon,blast:2491 Thicket Tusker:1727 Greymuzzle:506 Longtooth Wolf:132,8 15 17 21 24 26 28 30 31 33 34 36 37 38 40 41 42 44 45 46 47 48 49 50 51 53 54 55 56 57 58 59 60 61,40 44 44 49 64 81 81 83 76 105 114 118 123 129 127 150 134 170 112 125 166 160 175 149 148 140 158 122 160 141 164 150 233 157,1 1 1 1 0.92 1 1 1 0.97 1 0.95 1 1 1 0.99 1 0.93 0.95 0.78 1 0.94 0.81 1 1 1 0.86 1 1 1 1 1 1 0.93 0.95,bonesplitter8 reavers_wheel8 sunbreak8 tempest_coil8 thousand_cuts8 rend_and_mend8 | glass_cannon2 blood_scent1 grave_call1 dread_command1 sanctify1 consecration1 velocity2 might3 recovery2 expanse2 pack_leader1 perennial1 serration1
77,40626,reaver,gyre_axes,leap,1,pack,none,1,1,30.21,0,45.00,,0,43649,73,81,1.8,0.718,0.768,49318,12.4,0.000,0,4,bloodthirst hunters_mark,blast:2012 Thicket Tusker:1659 Longtooth Wolf:1431 Greymuzzle:1174,10 15 20 23 26 27 30 32 33 35 36 38 39 41 42 43 45 46 47 48 49 51 52 53 54 55 56 57 58 59 60 61 63 64 65 66 67 68 68 69 70 71 71 72 73,38 44 49 61 68 68 73 72 63 102 118 110 79 92 87 121 184 118 138 120 120 130 163 166 113 146 103 142 161 156 155 183 174 138 225 241 215 326 339 341 406 358 381 374 372,1 1 1 1 1 1 1 1 1 1 1 1 1 1 1 1 1 1 1 1 1 1 1 1 1 1 1 1 1 1 1 1 1 1 0.98 1 1 0.97 1 1 1 0.96 1 1 0.99,reavers_wheel8 sanctified_earth8 aegis_wheel8 circle_of_dawn8 razorgale8 thousand_cuts8 | bloodthirst2 blood_scent1 dark_bargain1 consecration1 butchers_mark1 hunters_mark2 serration4 vitality5 ironhide5 fortune4 duplicity3 greed5 sanctify1
78,1034,reaver,butchers_cleaver,leap,1,dead,none,1,0,,0,45.00,,0,15377,44,50,1.11,0.612,0.612,39834,900.0,0.199,0,2,iron_vow cinderwake,bolt_bone:1225 frost_orb:272 Barrow Knight:220 Risen:175,1 2 5 8 10 14 15 18 20 22 23 25 26 26 27 29 29 31 31 32 33 34 35 35 36 37 38 39 39 40 41 41 41 41 41 42 42 43 43 43 43 43 44 44 44,45 42 46 58 64 79 83 83 104 100 122 127 128 136 139 144 165 162 168 181 183 202 199 214 215 239 231 257 252 270 69 121 122 143 152 120 150 103 167 165 164 172 169 165 163,1 1 1 1 1 1 1 1 1 1 1 1 1 1 1 1 1 1 1 1 1 1 1 1 1 0.94 1 1 1 1 1 1 1 0.99 1 1 0.99 0.9 1 1 1 1 1 1 1,cleaver8 axe_gyre8 knifestorm8 gale_chakram8 spirit_herd8 deathcoil8 | iron_vow1 blood_scent1 butchers_mark1 pack_leader1 cinderwake1 soul_harvest1 dread_command1 duplicity1 ferocity1
79,8953,reaver,gyre_axes,leap,1,dead,none,1,1,31.73,0,45.00,,0,19558,48,54,1.2,0.302,0.635,39834,103.7,0.000,1,2,arcane_overflow spirit_companion,bolt_bone:2634 frost_orb:326 Risen Shieldman:266 Risen:206,4 9 11 13 15 17 19 20 21 22 23 24 26 27 28 30 30 31 32 33 34 35 36 36 37 37 38 39 39 40 41 41 42 42 43 43 44 45 45 46 46 46 47 47 48,32 40 46 59 62 76 85 84 98 98 119 122 126 144 153 150 160 161 181 177 186 203 209 215 215 226 236 265 270 266 88 288 279 283 294 313 310 308 325 339 334 346 380 428 367,1 1 1 1 1 1 0.96 1 1 1 1 1 1 1 1 1 1 0.99 1 0.96 1 1 1 1 1 1 1 0.94 1 1 1 1 1 1 0.99 1 0.92 0.86 0.88 1 1 1 0.86 1 1,axe_gyre8 tempest_coil8 dawnpulse8 lunar_brand8 grave_tether8 rimeshard8 | arcane_overflow1 static_charge1 shatter1 soul_harvest1 deep_chill1 spirit_companion2 fortune2 expanse1
80,16872,reaver,butchers_cleaver,warcry,1,dead,none,1,1,31.40,1,37.80,risen_archer,19,28291,56,63,1.67,0.000,0.159,39834,83.9,0.000,3,2,ember_tithe arcane_overflow,bolt_bone:2046 Barrow Knight:1365 frost_orb:905 Risen Shieldman:124,2 5 9 12 14 17 19 21 23 25 27 28 30 31 32 34 35 37 38 39 40 41 43 43 44 45 47 47 49 49 50 51 52 52 53 54 55,51 39 51 63 63 68 87 88 92 100 109 121 136 123 148 157 162 171 172 170 198 191 196 209 217 246 198 265 226 260 67 218 245 285 317 309 308,0.98 1 1 0.97 0.98 1 1 0.96 1 0.97 1 1 0.97 0.98 1 1 1 1 1 1 0.84 0.91 1 1 1 1 1 1 1 1 1 0.87 1 1 1 1 1,whirlwind8 arrowfall8 reavers_wheel8 plaguebloom8 great_herd8 thornbloom8 | ember_tithe1 blood_scent1 plague_bearer1 grave_call3 arcane_overflow1 evasion2 perennial2 serration3 fleetfoot3 velocity1 ironhide1 dread_command1
81,24791,reaver,gyre_axes,warcry,1,dead,none,1,0,,1,30.25,barrow_knight,14,13266,41,47,1.55,0.000,0.000,39834,14.9,0.823,3,2,hunters_mark spirit_companion,bolt_bone:992 Barrow Knight:885 frost_orb:87 Risen:13,3 7 10 12 14 15 18 18 21 22 24 26 27 28 29 30 31 32 33 34 35 35 36 37 38 38 39 40 40 41,45 39 53 58 67 78 88 91 100 106 120 121 132 132 140 159 157 164 184 202 188 204 206 217 222 226 235 242 261 262,1 1 1 1 0.99 1 1 0.98 0.97 1 0.97 0.99 1 1 1 0.96 1 1 0.87 1 0.95 0.95 1 0.95 0.95 1 1 0.83 1 0.94,axe_gyre8 spirit_herd8 dawnpulse7 seeking_motes8 umbral_bolt7 volley8 | hunters_mark2 consecration1 pack_leader1 soul_harvest1 spirit_companion1 sanctify1
82,32710,reaver,butchers_cleaver,leap,1,dead,none,1,1,35.12,1,43.95,barrow_knight,23,14609,46,52,1.18,0.000,0.304,39834,307.3,0.000,3,2,stormborn ember_tithe,bolt_bone:1627 Barrow Knight:795 frost_orb:371 Risen:205,6 9 11 13 15 16 18 18 20 22 22 24 24 26 26 28 29 30 31 32 32 33 34 35 36 36 37 38 39 39 40 40 41 41 41 42 42 43 43 44 44 45 45,33 44 45 54 65 78 83 90 94 104 107 127 139 133 154 150 157 188 175 182 184 191 212 216 221 231 255 240 241 263 69 93 138 105 148 302 306 318 375 324 333 353 366,1 1 1 0.98 1 1 1 1 1 1 1 1 1 1 1 1 1 0.96 1 1 1 1 1 1 1 1 1 1 1 1 1 0.87 0.56 0.58 1 0.82 1 1 1 1 1 1 1,cleaver8 harrowing8 moonfall8 volley8 fallen_star8 iron_palms8 | stormborn3 grave_call1 ember_tithe1 pyre_burst1 storm_caller1 expanse1
83,40629,reaver,gyre_axes,leap,1,dead,none,1,1,31.30,1,41.13,risen_archer,23,15890,45,51,1.24,0.000,0.272,39834,78.0,0.000,3,2,duelists_grace iron_vow,bolt_bone:1897 Barrow Knight:952 Risen Shieldman:432 frost_orb:388,2 6 9 11 12 14 16 17 19 20 22 22 24 24 27 28 29 30 31 32 33 33 34 35 35 36 36 37 38 39 40 40 40 41 41 42 43 43 43 44 45,41 43 49 56 62 69 82 84 93 103 121 118 126 147 149 148 161 166 186 191 182 193 210 209 233 236 248 243 238 257 81 277 281 330 292 300 319 317 321 331 351,1 1 1 0.97 0.97 0.95 0.97 1 1 1 0.99 1 1 1 1 1 1 1 1 1 1 1 1 1 0.96 1 1 1 1 1 1 1 1 0.99 1 1 1 1 1 0.77 0.63,axe_gyre8 verdant_gaze8 iron_palms8 reaving_arc8 glacier_spear8 hallowed_ring8 | duelists_grace2 consecration1 sanctify1 iron_vow1 deep_chill1 fracture1 velocity1 evasion1
84,1037,reaver,butchers_cleaver,leap,1,lamplings,none,1,1,33.03,0,45.00,,0,40818,57,64,1.42,0.441,0.717,43628,182.0,0.000,0,2,duelists_grace momentum,firepot:4851 blast:2393 Lampling Tunneler:1067 burning ground:406,5 11 14 16 18 21 22 24 26 27 29 30 31 32 33 34 35 36 37 38 39 40 41 42 43 44 44 45 46 47 47 48 48 48 49 50 51 52 53 54 54 55 56 57 57,42 44 50 62 58 71 69 67 64 93 69 91 100 111 78 142 97 98 107 103 119 165 120 139 101 151 135 159 166 154 35 38 34 192 310 323 236 284 323 345 295 345 361 364 378,1 1 1 1 1 0.98 0.97 1 0.96 1 1 1 0.9 1 0.78 1 1 1 1 1 0.93 1 1 1 1 1 1 1 0.97 1 1 0.94 1 0.92 1 1 0.91 1 1 1 0.88 0.76 0.85 0.99 1,cleaver8 rend_and_mend8 hallowed_ring8 reavers_wheel8 razorgale8 everbloom8 | duelists_grace1 grave_call2 sanctify1 blood_scent1 soul_harvest1 momentum1 perennial4 vitality3 wisdom1 serration3 evasion1 thorns2 pack_leader1
85,8956,reaver,gyre_axes,leap,1,lamplings,none,1,1,31.10,0,45.00,,0,44806,64,71,1.58,0.795,0.795,43628,65.8,0.000,0,2,ember_tithe bloodthirst,firepot:3114 blast:1739 Lampling Tunneler:968 burning ground:229,9 13 16 18 21 23 25 27 28 30 31 33 34 35 36 37 38 39 41 41 42 43 44 45 46 47 48 49 50 51 51 52 53 54 55 56 57 58 59 60 61 62 63 63 64,38 45 46 61 60 74 76 59 97 98 101 113 83 128 119 157 155 160 91 138 126 201 151 167 154 135 224 136 149 145 35 276 195 266 178 249 274 202 305 311 341 369 353 435 389,1 1 1 1 1 1 0.93 1 1 1 1 0.97 0.95 1 1 1 1 1 1 1 1 0.92 0.94 1 1 1 1 1 1 0.99 1 1 1 1 1 1 1 1 1 1 1 1 1 1 1,gyrestorm8 soul_siphon8 sanctified_earth8 verdant_gaze8 great_herd8 rend_and_mend8 | ember_tithe1 plague_bearer1 soul_harvest1 dread_command1 dark_bargain2 bloodthirst1 consecration1 ironhide5 ferocity2 perennial5 recovery4 velocity3 evasion3
86,16875,reaver,butchers_cleaver,warcry,1,lamplings,none,1,1,30.84,1,37.15,lampling_sapper,19,35348,53,59,1.59,0.000,0.530,43628,50.2,0.000,3,3,cinderwake glass_cannon,firepot:4732 blast:1418 Lampling Tunneler:994 burning ground:256,6 11 14 17 19 20 23 25 26 27 29 29 31 32 33 34 35 37 38 38 39 40 41 42 43 44 44 45 46 47 47 48 49 50 51 52 52,37 44 51 61 64 68 71 69 62 102 83 96 74 82 84 114 110 124 136 97 119 114 143 135 116 130 120 151 121 141 159 144 169 146 169 185 150,1 1 1 1 1 1 0.92 1 0.87 1 1 1 0.96 0.93 1 1 0.93 0.82 1 1 1 0.9 1 1 1 0.88 0.74 1 1 1 1 1 1 1 0.75 1 1,bonesplitter8 harrowing8 everbloom8 fallen_star8 plaguebloom8 verdant_gaze8 | cinderwake1 grave_call1 kindling1 butchers_mark1 pyre_burst1 glass_cannon1 plague_bearer1 thorns5 expanse1 might3 greed1 perennial1 velocity1
87,24794,reaver,gyre_axes,warcry,1,lamplings,none,1,1,30.95,0,45.00,,0,46793,59,66,1.47,0.405,0.614,43628,56.9,0.000,0,4,momentum hunters_mark,firepot:5353 blast:1888 Lampling Tunneler:1292 burning ground:386,7 12 15 17 19 22 24 25 27 28 29 30 32 32 34 35 36 37 38 39 39 40 41 42 43 44 45 46 46 47 47 48 49 50 51 51 52 53 54 55 56 56 57 58 59,30 57 47 53 47 72 83 66 63 60 77 87 106 102 82 92 100 134 137 141 107 131 119 115 97 158 133 153 141 146 76 197 297 319 172 273 235 299 249 259 270 349 276 319 298,1 1 1 1 1 1 0.92 1 1 1 0.8 0.94 0.95 1 1 1 1 1 1 1 0.93 0.95 1 1 1 1 0.92 1 0.92 0.86 1 0.95 0.9 1 0.91 1 1 1 0.91 1 0.85 0.75 1 0.41 0.89,reavers_wheel8 starseeker8 rend_and_mend8 arrowfall8 pyre_of_faith8 glacier_spear8 | momentum1 grave_call2 sanctify1 soul_harvest1 hunters_mark1 consecration1 recovery2 serration4 searing3 velocity3 ironhide5 precision3 shatter1
88,32713,reaver,butchers_cleaver,leap,1,lamplings,none,1,1,30.49,0,45.00,,0,38189,57,64,1.42,0.614,0.653,43628,29.5,0.000,0,2,duelists_grace momentum,firepot:5572 blast:1013 Lampling Tunneler:470 burning ground:145,5 8 11 16 18 21 23 24 26 28 29 31 32 33 34 35 36 37 38 39 40 41 42 43 43 45 46 46 47 48 49 50 50 51 52 53 53 54 55 55 55 56 56 57 57,35 44 57 51 72 79 77 86 104 104 141 135 135 109 108 148 161 144 175 195 196 200 176 180 203 229 184 251 167 126 153 160 213 303 240 311 322 336 321 324 340 356 354 367 372,1 1 1 1 1 0.99 0.95 0.95 1 1 1 1 0.95 0.87 1 0.94 1 1 0.94 1 1 1 1 1 1 1 0.9 1 1 1 0.85 1 1 1 1 1 1 0.88 1 1 1 1 1 1 1,cleaver8 knifestorm8 lunar_brand8 cinderfall8 reckoning8 arrowfall8 | duelists_grace1 blood_scent1 dark_bargain1 grave_call2 momentum1 dread_command1 fortune3 ironhide3 vitality3 recovery3 velocity2 greed1 pyre_burst1
89,40632,reaver,gyre_axes,leap,1,lamplings,none,1,1,30.77,0,45.00,,0,45797,59,66,1.47,0.211,0.356,43628,46.5,0.000,2,3,restless_hands glass_cannon,firepot:4497 blast:1901 Lampling Tunneler:1668 burning ground:289,6 11 15 16 19 21 23 25 27 27 29 30 32 33 34 35 36 37 38 39 40 41 41 42 43 44 45 46 47 47 48 49 49 50 51 52 53 53 54 55 56 57 57 58 59,45 39 50 49 61 57 76 57 74 75 68 94 106 83 114 109 107 116 99 87 163 95 135 143 106 149 156 191 146 197 146 164 174 153 196 251 282 348 289 347 261 361 329 389 363,1 1 1 1 1 1 0.95 1 0.97 0.95 1 1 1 1 0.96 1 1 0.91 1 1 1 1 1 0.82 1 1 0.99 1 0.9 1 0.82 1 0.86 0.89 1 1 1 1 0.86 1 1 0.99 1 0.68 1,gyrestorm8 fallen_star8 harrowing8 umbral_bolt8 aegis_wheel8 sunlance8 | restless_hands1 emberseekers1 pyre_burst1 grave_call1 plague_bearer1 glass_cannon1 pack_leader1 searing4 expanse3 ironhide3 ferocity1 fleetfoot5 dread_command1 velocity2
90,1040,reaver,butchers_cleaver,leap,1,kerchiefs,none,1,1,30.26,0,45.00,,0,39472,76,84,1.87,0.197,0.605,45524,15.4,0.000,1,3,momentum restless_hands,firepot:5179 Kerchief Footpad:725 Kerchief Bruiser:579 burning ground:530,4 10 14 18 23 25 27 28 30 33 35 37 38 40 42 42 44 45 46 48 49 50 52 53 55 56 57 59 60 62 62 64 65 66 68 69 70 71 72 73 74 75 75 76 76,41 45 53 59 67 81 91 101 102 109 121 132 135 138 137 164 164 177 164 171 191 120 168 145 135 204 156 187 178 154 183 237 226 301 269 323 323 320 336 375 366 342 375 360 375,0.99 1 1 1 1 0.99 1 1 1 1 1 1 1 0.94 1 0.93 0.87 1 0.99 0.79 1 1 1 1 1 1 1 0.98 0.91 0.88 1 1 0.86 0.62 1 1 1 1 1 1 1 1 0.66 0.91 0.76,bonesplitter8 moonbrand8 spirit_herd8 thousand_cuts8 razorgale8 reckoning8 | momentum2 grave_call1 blood_scent1 dark_bargain1 butchers_mark1 restless_hands1 precision5 might5 thorns5 serration4 emberseekers1 chilling3 velocity3 fracture1
91,8959,reaver,gyre_axes,leap,1,kerchiefs,none,1,1,30.62,1,44.46,pillager,25,41512,78,86,1.93,0.000,0.585,45524,37.4,0.000,3,3,arcane_overflow arcane_overflow,firepot:4382 Kerchief Bruiser:2017 Kerchief Footpad:1682 burning ground:833,7 13 16 21 24 27 29 31 33 35 36 37 39 41 42 44 45 46 48 49 50 51 52 54 55 57 58 59 61 62 63 64 66 67 68 70 72 72 74 75 76 77 77 78,37 42 51 65 63 67 72 91 84 82 112 123 128 138 146 115 138 147 123 159 129 164 190 137 138 171 183 190 187 165 236 198 252 218 157 315 274 343 350 297 312 358 363 366,1 1 1 1 1 1 1 0.98 1 0.9 1 1 1 0.93 1 0.93 1 1 1 1 1 1 1 1 1 1 0.95 1 1 1 1 0.91 1 1 1 1 1 0.74 1 0.7 1 1 0.81 0.55,reavers_wheel8 thousand_cuts8 living_flame8 everbloom8 plaguebloom8 rend_and_mend8 | arcane_overflow2 pyre_burst1 grave_call1 plague_bearer1 butchers_mark1 blood_scent1 serration4 perennial5 vitality5 wisdom4 warding3 pack_leader1 thorns5 dread_command1
92,16878,reaver,butchers_cleaver,warcry,1,kerchiefs,none,1,1,30.68,1,37.78,enforcer,18,34734,68,75,1.99,0.000,0.130,45524,40.7,0.000,3,2,stormborn bloodthirst,firepot:3268 Kerchief Enforcer:1643 burning ground:982 Kerchief Footpad:692,6 14 16 18 22 26 28 30 32 34 35 37 38 40 42 43 44 46 47 48 50 51 52 53 54 55 56 58 59 60 61 62 63 64 64 66 67,37 47 52 58 71 82 78 97 80 106 118 119 125 143 138 166 164 139 146 117 122 118 149 204 194 142 224 233 153 176 213 188 244 213 180 267 261,1 1 1 1 0.98 1 0.96 1 0.95 0.99 0.76 0.77 0.88 1 0.93 0.99 1 0.97 1 1 1 1 1 1 1 1 1 0.94 1 1 1 1 1 1 1 1 1,cleaver8 reavers_wheel8 great_herd8 moonfall8 plaguebloom8 tempest_coil8 | stormborn1 grave_call1 butchers_mark1 pack_leader1 blood_scent1 soul_harvest1 bloodthirst1 expanse5 fortune4 perennial5 serration4 static_charge1 velocity3 haste4
93,24797,reaver,gyre_axes,warcry,1,kerchiefs,none,1,1,30.64,0,45.00,,0,37469,71,79,1.76,0.003,0.705,45524,38.4,0.000,3,2,restless_hands stormborn,Kerchief Footpad:4485 firepot:4393 Kerchief Bruiser:3299 burning ground:970,6 14 17 20 22 23 27 28 31 33 33 36 37 39 40 41 42 44 46 47 48 50 51 52 53 55 56 57 58 59 60 61 62 63 64 65 66 67 68 69 69 70 71 71 71,40 39 59 57 68 70 77 97 87 99 122 124 137 147 148 152 163 143 177 170 171 156 167 195 260 167 194 223 163 183 288 239 282 292 275 303 308 319 329 346 353 344 366 358 395,1 1 1 1 0.96 0.99 1 0.95 1 1 1 1 1 1 0.95 1 1 1 0.97 1 1 1 1 0.93 1 1 1 1 1 1 1 1 1 1 1 1 1 1 0.9 0.62 0.77 0.62 1 0.35 0.72,reavers_wheel8 verdant_gaze8 moonfall8 tether_of_anguish8 great_herd8 thornbloom8 | restless_hands2 plague_bearer1 dread_command2 pack_leader1 soul_harvest1 stormborn1 serration4 expanse5 perennial5 recovery4 fleetfoot5 vitality5 butchers_mark1
94,32716,reaver,butchers_cleaver,leap,1,kerchiefs,none,1,0,,0,45.00,,0,20845,63,70,1.56,0.218,0.218,45524,900.0,0.202,3,2,ember_tithe arcane_overflow,firepot:6525 Kerchief Footpad:1336 burning ground:726 Kerchief Bruiser:692,10 14 19 22 24 27 29 31 33 34 35 37 37 38 39 41 42 43 44 46 47 47 49 51 51 53 54 56 57 58 59 59 59 60 60 60 60 61 61 61 62 62 62 62 63,37 39 58 59 65 74 93 84 92 104 109 117 138 142 143 148 152 169 179 179 186 194 203 223 229 234 239 229 299 263 48 50 59 55 83 109 107 137 145 158 163 160 161 137 110,1 1 1 1 1 0.89 1 1 1 1 1 1 0.86 0.99 1 1 1 0.98 1 1 1 1 0.99 1 1 1 0.92 1 1 1 1 1 1 1 1 1 0.92 1 0.79 0.85 1 1 1 0.64 0.98,whirlwind8 pyre_of_faith8 rimeshard8 great_herd8 rend_and_mend8 soul_siphon8 | ember_tithe1 consecration1 fracture1 sanctify1 soul_harvest1 arcane_overflow1 shatter1 perennial3 duplicity1 vitality1 recovery3 searing4 pack_leader1 ferocity2
95,40635,reaver,gyre_axes,leap,1,kerchiefs,none,1,1,30.64,0,45.00,,0,34488,79,87,1.93,0.144,0.673,45524,38.6,0.000,3,2,hunters_mark ember_tithe,firepot:6836 burning ground:1544 Kerchief Footpad:909 Kerchief Bruiser:886,9 13 16 19 22 25 28 29 31 32 35 36 37 39 40 41 43 44 45 47 49 49 51 52 54 56 58 59 61 62 63 65 67 68 70 71 72 74 75 76 77 77 78 78 79,37 50 54 59 70 73 85 93 99 108 119 125 142 150 155 157 167 142 177 184 189 198 219 195 191 216 247 207 197 227 263 277 246 295 313 304 320 318 331 331 363 345 353 364 371,0.97 1 1 1 1 1 0.84 1 1 0.91 1 1 1 0.93 1 0.83 1 0.91 1 0.91 1 0.85 1 1 1 0.92 1 1 0.85 1 0.86 0.9 1 0.87 1 1 1 0.77 1 0.98 0.64 0.54 1 0.77 1,reavers_wheel8 thousand_cuts8 thunder_palm8 volley8 thornbloom8 deepwinter8 | hunters_mark3 grave_call2 pack_leader1 blood_scent1 ember_tithe2 wisdom4 perennial5 might5 serration4 fortune4 haste5
96,1062,reaver,butchers_cleaver,leap,2,pack,none,4,1,30.63,0,45.00,,0,25455,63,70,1.56,0.239,0.239,75792,37.7,0.000,2,2,iron_vow iron_vow,Thicket Tusker:1023 Greymuzzle:851 blast:599 Longtooth Wolf:519,4 14 18 22 25 28 30 32 34 34 36 38 39 41 41 43 44 44 46 46 47 48 49 50 51 52 52 53 54 55 56 57 57 58 58 59 59 59 60 60 61 62 62 62 63,43 50 55 61 64 90 94 99 106 117 131 137 153 125 171 169 176 198 197 208 223 225 240 246 252 255 274 278 286 294 317 316 313 327 329 336 365 361 365 364 379 389 390 390 388,1 1 1 1 1 1 1 1 1 1 1 1 1 1 1 1 1 1 1 1 1 1 1 1 1 1 1 1 1 1 1 1 1 1 1 1 1 1 1 1 0.91 1 1 1 1,whirlwind8 aegis_wheel8 axe_gyre8 thunder_palm8 steel_flurry8 soul_siphon8 | iron_vow3 dark_bargain1 blood_scent1 soul_harvest1 grave_call1 vitality4 fleetfoot3 thorns5 haste3 recovery4 precision1 static_charge1
97,8981,reaver,gyre_axes,leap,2,pack,none,4,1,30.60,0,45.00,,0,42200,75,83,1.84,0.335,0.335,75792,36.0,0.000,0,2,iron_vow arcane_overflow,Thicket Tusker:2088 blast:1696 Greymuzzle:1450 Longtooth Wolf:982,7 13 18 22 26 28 29 32 33 35 36 38 39 41 41 43 45 45 47 48 49 50 52 53 54 55 57 57 59 60 60 62 63 64 65 67 68 69 70 71 71 73 73 74 75,49 51 48 67 70 88 96 103 90 115 108 138 115 122 132 119 175 133 135 93 130 116 136 114 131 164 130 169 142 141 232 162 193 180 260 308 361 372 361 390 387 412 400 402 388,1 1 1 1 1 1 1 0.99 1 0.96 0.84 1 1 1 0.97 0.98 0.99 1 1 1 1 0.96 0.98 1 1 1 1 1 1 1 1 1 1 1 1 1 1 1 1 1 1 1 1 1 1,reavers_wheel8 razorgale8 rend_and_mend8 ruin_bolt8 sunbreak8 arcweb8 | iron_vow1 grave_call3 static_charge1 dread_command1 arcane_overflow1 might5 serration4 fortune4 wisdom4 vitality5 recovery4 blood_scent1 consecration1
98,16900,reaver,butchers_cleaver,warcry,2,pack,none,4,1,31.23,0,45.00,,0,43108,72,80,1.78,0.403,0.403,75792,73.9,0.000,0,2,stormborn arcane_overflow,blast:1811 Thicket Tusker:1671 Greymuzzle:1106 Longtooth Wolf:895,9 15 20 24 26 27 31 32 33 35 37 38 40 41 42 44 45 46 47 48 50 51 52 53 54 55 56 57 58 59 60 60 61 62 63 65 66 67 68 69 70 70 71 72 72,39 55 50 51 77 75 77 99 83 88 70 91 74 99 100 125 147 141 112 132 133 179 173 176 132 196 144 195 204 202 47 155 225 243 285 230 325 262 374 346 398 402 398 412 445,1 0.98 1 1 1 0.96 1 1 1 1 1 0.98 0.99 1 1 1 1 0.88 1 1 1 1 1 0.98 1 0.93 0.97 1 1 1 1 1 1 1 1 0.92 0.93 1 1 1 1 1 1 1 0.94,whirlwind8 temple_breaker8 rend_and_mend8 volley8 plaguebloom8 seeking_motes8 | stormborn3 blood_scent1 soul_harvest1 grave_call1 plague_bearer1 arcane_overflow2 vitality5 fleetfoot5 evasion4 perennial5 ironhide5 expanse4
99,24819,reaver,gyre_axes,warcry,2,pack,none,4,1,30.90,0,45.00,,0,33490,65,72,1.6,0.267,0.445,75792,53.8,0.000,2,2,bloodthirst cinderwake,Thicket Tusker:3515 blast:2374 Greymuzzle:2004 Longtooth Wolf:1037,7 16 20 22 25 28 30 32 33 35 36 37 39 40 41 42 43 44 46 47 48 49 51 52 53 54 55 56 57 58 58 59 60 61 62 62 63 63 64 64 65 65 65 65 65,45 51 56 51 64 79 73 90 130 119 108 122 103 132 117 156 165 148 119 160 198 198 224 229 175 188 225 296 247 297 170 320 226 300 341 328 350 361 414 412 379 390 393 389 452,1 1 1 1 1 1 1 1 0.94 1 1 0.97 0.98 1 1 0.99 1 1 1 1 1 1 1 1 1 1 1 1 1 1 1 1 1 1 1 1 1 1 1 0.94 0.94 1 1 1 0.52,axe_gyre8 circle_of_dawn8 steel_flurry8 temple_breaker8 aegis_wheel8 pyre_of_faith8 | bloodthirst2 consecration1 soul_harvest1 butchers_mark1 pack_leader1 cinderwake1 recovery4 vitality5 fleetfoot5 evasion3 precision2 searing4 blood_scent1
100,32738,reaver,butchers_cleaver,leap,2,pack,none,4,1,30.57,0,45.00,,0,46404,78,86,1.91,0.808,0.808,75792,34.1,0.000,0,4,hunters_mark bloodthirst,blast:2379 Thicket Tusker:1197 Longtooth Wolf:505 Greymuzzle:70,7 15 19 23 26 29 30 32 34 36 37 39 40 41 42 44 45 46 47 49 50 51 52 53 54 56 56 58 59 60 61 62 63 64 66 67 68 70 71 73 74 75 76 77 78,46 45 56 53 72 94 61 80 80 63 124 134 98 105 133 126 144 82 136 109 148 103 149 99 141 152 163 181 141 138 192 198 173 146 178 224 292 169 257 305 326 249 408 357 336,0.94 1 1 1 1 1 1 1 1 0.99 0.92 0.99 0.93 1 1 1 1 1 1 1 1 0.99 1 1 1 1 1 1 1 0.96 1 1 1 1 1 1 1 1 1 1 1 1 1 1 1,whirlwind8 verdant_gaze8 steel_flurry8 gale_chakram8 rimeshard8 starseeker8 | hunters_mark3 deep_chill1 grave_call1 shatter1 bloodthirst1 ironhide5 fleetfoot5 fortune4 expanse5 wisdom4 precision5 blood_scent1 emberseekers1
101,40657,reaver,gyre_axes,leap,2,pack,none,4,1,30.76,0,45.00,,0,45459,73,81,1.8,0.260,0.260,75792,45.5,0.000,2,3,duelists_grace duelists_grace,blast:2976 Thicket Tusker:2721 Longtooth Wolf:2252 Greymuzzle:1357,8 15 17 22 25 27 30 32 34 35 37 38 40 40 42 43 45 46 47 48 49 50 52 52 54 55 56 57 58 59 60 61 62 63 63 65 66 67 68 69 70 71 72 73 73,49 45 57 61 51 85 85 92 112 54 98 69 133 128 84 113 113 127 100 119 90 128 127 119 107 169 136 117 134 141 156 231 153 203 205 260 273 331 239 250 383 417 413 402 408,1 1 1 1 0.97 0.97 1 1 1 0.99 1 0.94 1 1 1 0.94 1 0.86 1 0.94 1 1 1 1 1 1 0.9 1 1 1 1 0.97 1 0.93 0.86 1 1 1 1 1 1 1 1 1 1,reavers_wheel8 harrowing8 sunbreak8 living_flame8 razorgale8 plaguebloom8 | duelists_grace2 emberseekers1 kindling1 grave_call3 sanctify1 dread_command1 perennial5 expanse5 might5 evasion4 serration4 fleetfoot5
102,1065,reaver,butchers_cleaver,leap,2,dead,none,4,1,32.99,0,45.00,,0,25912,57,64,1.42,0.308,0.527,61217,179.3,0.000,1,2,cinderwake hunters_mark,bolt_bone:3073 frost_orb:453 Barrow Knight:183 Risen:172,2 3 6 8 10 13 16 17 18 19 22 23 25 25 27 28 29 31 32 33 35 36 37 38 38 40 41 42 43 45 45 45 46 46 48 49 50 51 52 53 54 55 56 57 57,44 43 57 64 73 90 91 96 108 118 125 139 138 156 158 171 183 191 208 222 208 226 239 232 257 259 253 265 286 238 76 74 78 327 335 347 373 383 359 356 395 385 392 391 397,1 1 1 1 1 1 1 0.98 1 0.99 0.94 0.96 0.97 1 0.98 1 1 0.95 1 1 1 1 1 1 1 1 1 1 0.96 1 0.95 1 1 0.96 1 1 1 1 1 1 1 0.78 1 1 1,cleaver8 reavers_wheel8 rend_and_mend8 razorgale8 verdant_gaze8 glacier_spear8 | cinderwake1 blood_scent1 dark_bargain1 deep_chill1 hunters_mark1 plague_bearer1 shatter1 serration2 velocity3 vitality2 perennial4 haste1 expanse1 grave_call1
103,8984,reaver,gyre_axes,leap,2,dead,none,4,1,31.84,0,45.00,,0,22443,51,57,1.27,0.278,0.559,61217,110.3,0.000,1,2,iron_vow iron_vow,bolt_bone:561 Barrow Knight:329 Risen Shieldman:179 frost_orb:84,4 9 11 13 15 17 19 20 22 24 26 27 28 29 29 30 32 32 33 33 35 36 37 38 39 40 41 42 43 44 44 44 45 45 46 47 47 47 48 49 49 49 50 51 51,41 49 53 62 75 86 94 97 110 114 122 137 158 150 153 172 183 190 183 194 228 212 228 237 258 262 263 268 280 292 93 229 309 321 349 343 338 359 363 340 385 400 423 396 401,1 1 1 1 1 1 1 1 1 1 1 1 1 1 1 1 1 1 1 1 1 1 1 1 1 1 1 1 1 1 1 1 1 1 1 1 0.93 1 1 1 1 0.91 0.85 0.99 1,reavers_wheel8 sanctified_earth8 spirit_herd8 temple_breaker8 volley8 dawnpulse8 | iron_vow3 sanctify1 consecration1 soul_harvest1 pack_leader1 serration3 ironhide2 evasion1 ferocity1 velocity1
104,16903,reaver,butchers_cleaver,warcry,2,dead,none,4,1,30.33,1,36.03,barrow_knight,20,23283,55,62,1.72,0.000,0.195,61217,19.9,0.000,3,2,ember_tithe iron_vow,Barrow Knight:3085 bolt_bone:1800 frost_orb:468 Risen:16,3 7 11 14 16 18 20 21 23 25 26 28 29 30 31 33 34 35 36 37 38 40 40 42 42 43 44 46 47 48 49 50 51 53 54 55,52 43 57 66 72 80 92 100 115 114 131 132 144 151 168 181 168 186 196 215 211 224 237 241 244 252 264 264 346 228 279 264 259 281 265 308,0.98 1 1 1 0.98 1 1 1 1 0.97 1 1 1 1 0.96 1 0.84 1 1 1 1 0.94 1 1 0.96 0.99 1 1 1 0.97 1 1 1 1 1 0.37,whirlwind8 axe_gyre8 hallowed_ring8 circle_of_dawn8 thunder_palm8 tempest_coil8 | ember_tithe1 sanctify1 butchers_mark1 consecration1 static_charge1 iron_vow1 haste1 blood_scent1 vitality3 expanse5 velocity3 greed1 fleetfoot1 soul_harvest1
105,24822,reaver,gyre_axes,warcry,2,dead,none,4,1,30.64,1,36.68,barrow_knight,20,20428,51,57,1.55,0.000,0.448,61217,38.6,0.000,3,2,bloodthirst spirit_companion,bolt_bone:4251 Barrow Knight:1551 frost_orb:1272 Risen Shieldman:110,6 8 11 13 15 17 19 20 22 23 25 26 28 29 31 32 33 34 35 36 37 38 39 40 41 42 42 43 44 45 46 47 47 48 49 50,42 49 53 69 74 106 87 94 106 114 121 134 142 155 159 172 186 183 197 203 212 230 241 252 235 254 258 275 296 287 308 320 320 314 344 352,1 1 1 1 1 1 1 0.98 1 0.97 1 1 1 1 0.99 0.99 0.96 1 1 1 1 0.97 0.97 1 1 1 1 0.96 1 1 0.98 0.91 1 1 1 0.92,gyrestorm8 living_flame8 rimeshard8 sunbreak8 iron_palms8 gale_chakram8 | bloodthirst1 pyre_burst1 grave_call2 emberseekers1 dark_bargain1 spirit_companion1 might2 ferocity1 duplicity1 wisdom1 warding2 perennial1
106,32741,reaver,butchers_cleaver,leap,2,dead,none,4,1,42.61,0,45.00,,0,14538,44,50,1.11,0.531,0.580,61217,756.6,0.000,0,2,cinderwake bloodthirst,bolt_bone:2032 Barrow Knight:425 frost_orb:365 Risen:101,6 9 12 14 15 17 18 20 21 23 25 26 27 28 28 30 30 31 32 33 34 34 35 36 36 37 38 39 39 40 40 41 41 41 42 42 42 42 43 43 43 44 44 44 44,38 48 53 62 78 81 97 96 107 117 131 140 141 156 157 159 182 180 194 208 214 228 252 232 243 262 258 276 301 291 59 77 112 151 148 165 133 168 163 149 162 167 457 390 383,1 1 1 1 0.96 1 1 0.99 0.94 1 1 1 1 1 1 1 1 1 1 1 1 1 1 0.96 0.93 1 1 1 1 1 1 0.96 1 1 1 1 0.95 0.89 1 0.97 1 1 1 0.92 1,cleaver8 cinderfall8 rimeshard8 reckoning8 iron_palms8 axe_gyre8 | cinderwake2 blood_scent1 pyre_burst1 fracture1 bloodthirst1 deep_chill1 precision1 haste1
107,40660,reaver,gyre_axes,leap,2,dead,none,4,1,31.67,0,45.00,,0,38251,61,68,1.51,0.173,0.714,61217,100.2,0.000,3,3,arcane_overflow bloodthirst,bolt_bone:3231 Barrow Knight:1051 frost_orb:867 Risen Shieldman:116,3 9 11 13 16 18 20 22 23 25 27 29 30 31 33 34 34 36 37 38 39 40 41 42 43 44 45 46 47 48 49 49 50 51 52 53 54 55 56 57 58 59 59 60 61,44 44 54 66 71 92 96 101 107 122 134 130 142 150 164 183 191 190 208 198 209 231 227 221 253 252 226 256 205 293 56 296 321 316 300 332 318 346 377 374 304 353 416 399 292,1 1 1 1 1 1 1 1 1 1 1 1 0.97 1 1 0.99 1 1 1 1 1 1 1 1 1 1 1 1 1 1 0.94 1 1 0.93 1 1 1 1 1 1 1 1 1 0.83 1,reavers_wheel8 razorgale8 glacier_spear8 rend_and_mend8 verdant_gaze8 strangleroot8 | arcane_overflow1 grave_call1 deep_chill1 plague_bearer1 shatter1 bloodthirst1 emberseekers1 serration4 chilling3 recovery4 expanse4 precision3 velocity3 dread_command1
108,1068,reaver,butchers_cleaver,leap,2,lamplings,none,4,1,30.74,0,45.00,,0,45520,65,72,1.6,0.520,0.680,67047,44.1,0.000,0,3,glass_cannon ember_tithe,firepot:6392 blast:1936 Lampling Tunneler:948 burning ground:202,5 11 14 18 20 22 24 26 27 29 31 32 33 34 35 36 38 39 40 41 42 44 44 45 47 48 49 50 51 52 52 53 54 55 56 57 58 59 60 61 62 63 64 64 65,42 50 64 56 71 81 59 81 103 66 120 110 126 114 88 113 102 89 149 121 118 124 142 165 123 128 140 172 135 150 187 234 193 165 117 280 214 372 354 290 296 389 391 406 313,1 1 1 1 1 0.94 1 1 1 0.96 0.95 1 0.94 1 1 1 1 1 1 1 1 1 1 1 0.94 1 1 1 1 1 1 1 1 1 0.95 0.97 1 1 1 1 1 1 1 1 1,whirlwind8 living_flame8 verdant_gaze8 arrowfall8 aegis_wheel8 tether_of_anguish8 | glass_cannon1 pyre_burst1 grave_call3 dread_command1 ember_tithe1 dark_bargain1 perennial5 fleetfoot5 ironhide3 recovery4 expanse5 velocity2
109,8987,reaver,gyre_axes,leap,2,lamplings,none,4,1,31.00,0,45.00,,0,43889,63,70,1.56,0.208,0.603,67047,60.1,0.000,3,3,glass_cannon iron_vow,firepot:4656 blast:2381 Lampling Tunneler:616 burning ground:261,9 13 15 17 20 23 25 27 28 30 31 33 34 35 36 37 38 39 40 41 42 43 44 45 46 47 48 49 50 50 51 52 53 53 54 55 56 57 58 59 60 61 61 62 63,47 52 58 42 61 90 82 68 76 78 114 67 84 85 92 118 155 197 128 115 154 128 115 129 107 158 193 140 152 199 33 271 180 321 287 318 357 365 383 377 405 416 394 400 387,1 1 1 1 1 0.81 0.95 1 0.92 1 0.71 1 1 1 0.99 1 1 1 0.9 0.91 1 1 0.92 1 0.99 1 0.99 1 0.87 1 1 1 1 1 1 0.81 1 1 1 0.78 1 0.72 1 1 0.75,axe_gyre8 thunder_palm8 gale_chakram8 predators_volley8 steel_flurry8 reaving_arc8 | glass_cannon1 soul_harvest1 grave_call1 dark_bargain1 butchers_mark1 iron_vow1 pack_leader1 fleetfoot4 wisdom3 precision5 searing3 duplicity3 haste5 consecration1
110,16906,reaver,butchers_cleaver,warcry,2,lamplings,none,4,1,30.80,0,45.00,,0,46526,61,68,1.51,0.435,0.457,67047,47.8,0.000,0,3,restless_hands spirit_companion,firepot:7498 Lampling Tunneler:2096 blast:1769 burning ground:340,5 12 15 18 19 22 23 26 27 28 30 31 33 33 35 36 37 38 39 40 41 42 42 43 44 45 45 47 47 48 49 50 50 51 52 53 54 55 56 57 57 58 59 60 61,39 44 62 55 59 88 89 89 99 77 103 79 112 109 104 114 138 126 134 139 194 135 224 115 170 137 163 142 197 181 153 267 223 210 166 212 282 213 320 240 270 332 395 464 412,1 1 1 1 1 0.93 0.96 0.95 1 0.96 1 0.96 0.95 0.95 1 1 1 1 1 0.88 1 0.73 0.88 1 0.86 1 1 1 0.9 1 1 1 1 1 0.92 0.89 0.88 0.91 1 0.87 1 1 1 1 1,whirlwind8 wild_hunt8 circle_of_dawn8 sunlance8 arrowfall8 tempest_coil8 | restless_hands2 plague_bearer1 grave_call1 dread_command1 consecration1 spirit_companion1 static_charge1 searing4 velocity3 expanse4 fleetfoot5 vitality1 evasion4
111,24825,reaver,gyre_axes,warcry,2,lamplings,none,4,1,31.33,0,45.00,,0,46860,61,68,1.51,0.623,0.753,67047,79.5,0.000,0,3,duelists_grace duelists_grace,firepot:6313 Lampling Tunneler:3139 blast:2566 burning ground:483,9 14 16 19 21 23 26 27 29 30 31 32 33 34 35 37 37 38 39 40 41 42 43 44 45 46 46 47 48 49 49 50 51 51 52 53 54 55 56 57 57 58 59 60 61,48 52 52 43 52 56 56 74 70 78 112 83 60 79 97 115 108 117 92 100 128 112 101 106 100 117 140 126 149 140 34 162 127 179 156 172 184 230 206 271 202 332 331 409 412,1 1 1 1 1 1 1 0.95 0.98 1 1 0.96 1 1 1 0.97 1 1 1 1 1 0.94 1 0.87 1 1 0.91 0.89 1 0.88 1 1 1 0.9 1 1 1 1 0.91 0.94 0.93 1 1 0.88 1,reavers_wheel8 arcweb8 great_herd8 soul_siphon8 rend_and_mend8 plaguebloom8 | duelists_grace2 static_charge1 dread_command1 storm_caller1 pack_leader1 soul_harvest1 serration4 duplicity3 recovery4 fortune4 perennial4 vitality5 plague_bearer1
112,32744,reaver,butchers_cleaver,leap,2,lamplings,none,4,1,31.63,0,45.00,,0,45561,60,67,1.49,0.498,0.625,67047,97.9,0.000,0,3,iron_vow restless_hands,firepot:3361 blast:1342 Lampling Tunneler:454 burning ground:248,6 11 15 18 20 23 25 26 28 29 31 32 33 34 35 36 37 38 39 40 41 42 43 44 44 45 46 47 48 49 49 49 50 51 52 53 54 55 56 56 57 58 59 59 60,39 49 57 51 74 57 97 67 97 64 112 82 96 88 96 115 152 148 157 135 206 170 125 112 152 205 197 141 134 151 28 156 163 181 208 248 206 291 276 243 405 419 337 394 400,1 1 1 1 1 1 1 1 1 0.99 1 0.99 1 1 1 1 0.88 0.9 1 1 1 1 1 1 1 1 1 0.92 0.95 1 1 1 1 1 1 1 1 0.73 0.86 0.86 1 1 0.99 1 1,whirlwind8 reaving_arc8 sunbreak8 plaguebloom8 glacier_spear8 reavers_wheel8 | iron_vow2 plague_bearer1 consecration1 fracture1 blood_scent1 restless_hands1 serration3 fleetfoot2 perennial5 might1 velocity2 duplicity1 sanctify1
113,40663,reaver,gyre_axes,leap,2,lamplings,none,4,1,30.85,0,45.00,,0,46143,63,70,1.56,0.483,0.483,67047,50.8,0.000,0,3,duelists_grace momentum,firepot:6405 blast:2048 Lampling Tunneler:1136 burning ground:376,6 10 13 17 20 22 25 26 27 29 31 32 33 35 36 37 38 39 40 41 42 43 44 45 46 47 48 48 49 50 51 52 52 53 54 55 56 56 58 59 59 60 61 62 63,46 46 59 64 61 72 78 60 91 90 76 92 105 97 79 91 111 109 138 118 141 120 95 104 134 119 145 150 191 167 146 154 162 141 213 280 188 344 197 326 365 368 271 412 345,1 1 1 1 1 1 1 1 0.9 0.96 0.96 0.96 0.96 1 0.97 1 0.94 0.88 1 1 0.89 0.87 1 1 1 1 1 1 1 1 1 1 1 1 1 1 0.94 1 0.9 1 1 1 1 1 0.9,reavers_wheel8 living_flame8 rend_and_mend8 steel_flurry8 mote_cascade8 plaguebloom8 | duelists_grace2 pyre_burst1 plague_bearer1 dark_bargain1 momentum1 blood_scent1 duplicity2 fleetfoot5 serration1 perennial5 haste3 soul_harvest1 vitality4
114,1071,reaver,butchers_cleaver,leap,2,kerchiefs,none,4,1,30.53,1,42.82,bruiser,24,21825,65,72,1.68,0.000,0.046,69962,32.0,0.000,3,2,cinderwake glass_cannon,firepot:4994 Kerchief Bruiser:1287 Kerchief Enforcer:744 Kerchief Footpad:432,4 12 16 20 24 25 27 28 31 32 33 34 35 35 36 37 38 38 39 41 42 43 44 45 46 47 48 49 51 53 54 56 57 58 59 60 61 62 63 64 64 65,39 47 56 66 77 83 96 102 112 124 119 133 144 149 150 175 179 187 189 213 218 218 221 247 272 260 256 287 223 251 300 318 318 329 337 340 355 363 373 370 384 383,1 1 1 0.99 1 0.96 0.82 1 1 0.94 1 1 1 1 1 1 1 1 1 1 0.79 1 0.94 1 1 0.73 1 1 1 1 1 1 1 1 1 1 1 1 0.7 0.89 1 0.82,bonesplitter8 ruin_bolt8 aegis_wheel8 thousand_cuts8 predators_volley8 circle_of_dawn8 | cinderwake2 blood_scent1 grave_call1 sanctify1 dark_bargain1 glass_cannon1 vitality5 chilling3 might1 precision3 greed4 shatter1 serration4
115,8990,reaver,gyre_axes,leap,2,kerchiefs,none,4,0,,1,30.54,enforcer,16,25694,62,69,2.26,0.000,0.000,69962,32.2,0.055,3,2,momentum glass_cannon,firepot:2485 Kerchief Enforcer:510 burning ground:500 Kerchief Footpad:189,9 17 20 24 27 29 31 33 35 36 38 40 40 43 44 45 47 48 49 51 52 53 54 56 57 57 59 59 61 62,44 47 58 69 77 88 95 84 100 115 130 114 150 134 155 135 153 167 122 138 170 131 126 162 211 179 163 155 150 239,1 1 0.97 1 1 1 1 0.88 1 0.96 0.95 0.95 1 1 1 0.81 1 1 1 0.72 1 0.89 1 0.96 0.98 0.62 0.96 0.59 1 1,gyrestorm8 verdant_gaze8 ruin_bolt8 spirit_herd8 razorgale8 thousand_cuts8 | momentum1 plague_bearer1 grave_call2 blood_scent1 pack_leader1 might2 glass_cannon1 ferocity4 serration4 duplicity3 expanse2 soul_harvest1 thorns2
116,16909,reaver,butchers_cleaver,warcry,2,kerchiefs,none,4,0,,1,20.89,pillager,11,12092,47,53,2.54,0.000,0.000,0,0.0,,3,2,glass_cannon iron_vow,firepot:2203 Kerchief Enforcer:362 burning ground:344 Kerchief Footpad:60,5 12 16 19 23 26 29 30 32 34 36 37 38 39 41 42 44 45 47 47,42 52 50 70 71 88 97 101 91 103 127 125 157 130 173 144 182 185 171 210,1 1 1 1 1 0.88 0.93 0.92 0.92 0.77 0.96 0.87 0.96 0.88 1 0.88 1 1 0.81 0.79,bonesplitter8 axe_gyre8 reaving_arc8 sunbreak8 cinderfall8 knifestorm8 | glass_cannon1 consecration1 blood_scent1 sanctify1 pyre_burst1 grave_call1 iron_vow1 might2 searing1 recovery1
117,24828,reaver,gyre_axes,warcry,2,kerchiefs,none,4,1,30.33,1,40.63,enforcer,25,40749,70,78,1.92,0.000,0.159,69962,19.9,0.000,3,3,glass_cannon cinderwake,firepot:2651 burning ground:921 Kerchief Enforcer:787 Kerchief Footpad:30,9 16 20 24 27 29 32 34 36 38 40 41 43 44 46 46 48 49 49 50 52 53 54 54 55 55 56 57 58 58 59 61 61 62 64 64 66 67 69 70,48 52 53 50 69 76 81 87 60 88 102 138 76 103 72 130 83 106 96 103 91 119 86 130 79 132 151 281 96 130 237 202 211 198 140 227 229 347 237 210,1 1 1 1 1 1 0.94 1 0.85 1 1 0.99 1 1 1 1 1 0.91 1 1 0.99 1 1 1 1 1 1 0.87 1 1 1 1 1 1 1 0.74 1 1 0.97 1,reavers_wheel8 sanctified_earth8 reckoning8 deathcoil8 living_flame8 ruin_bolt8 | glass_cannon1 sanctify1 kindling1 pyre_burst1 dark_bargain1 soul_harvest1 perennial5 might3 cinderwake1 precision4 ironhide3 serration4 duplicity3 pack_leader1 emberseekers1
118,32747,reaver,butchers_cleaver,leap,2,kerchiefs,none,4,1,30.99,0,45.00,,0,39600,75,83,1.84,0.319,0.484,69962,59.6,0.000,2,3,arcane_overflow duelists_grace,firepot:5268 burning ground:1315 Kerchief Footpad:912 Kerchief Enforcer:428,2 10 16 18 24 25 28 30 32 34 36 37 39 40 41 43 44 45 46 47 47 49 50 51 52 54 55 55 56 58 58 59 61 62 63 65 66 67 69 70 71 73 74 75 75,53 53 50 70 72 87 92 100 104 125 127 140 129 153 159 144 174 180 192 209 232 231 152 241 244 146 182 167 174 248 47 305 183 275 331 318 342 367 363 399 367 248 299 404 394,0.98 1 1 1 0.91 0.92 0.9 0.85 1 0.95 0.93 0.92 0.89 1 1 1 0.93 0.93 1 1 0.58 1 0.99 1 1 1 1 0.86 1 1 1 1 0.93 1 0.88 1 1 1 1 1 0.83 1 1 0.83 1,whirlwind8 verdant_gaze8 glacier_spear8 thousand_cuts8 soul_siphon8 iron_palms8 | arcane_overflow1 plague_bearer1 deep_chill1 shatter1 butchers_mark1 grave_call1 duelists_grace1 fortune4 serration4 fleetfoot5 expanse5 velocity3 soul_harvest1 recovery4 blood_scent1
119,40666,reaver,gyre_axes,leap,2,kerchiefs,none,4,1,31.00,0,45.00,,0,30134,69,76,1.69,0.325,0.325,69962,60.2,0.000,1,2,cinderwake stormborn,firepot:4442 Kerchief Footpad:1223 Kerchief Bruiser:1138 Kerchief Enforcer:696,5 10 14 17 19 22 26 29 32 33 35 37 38 39 41 41 43 43 45 45 46 47 48 49 51 52 53 55 56 57 58 59 60 61 62 63 64 65 66 66 67 67 68 68 69,44 52 56 66 69 92 95 85 101 119 135 139 151 124 170 172 176 196 201 208 210 218 242 169 173 261 252 171 185 234 40 306 325 337 227 349 350 359 365 376 384 397 389 452 394,0.99 1 1 0.98 0.98 1 0.97 1 0.94 0.94 0.95 1 1 1 0.89 1 0.85 0.94 0.87 1 1 1 0.92 0.79 1 0.92 1 0.6 1 0.94 0.71 1 0.93 0.89 0.57 1 1 0.87 1 0.95 0.89 1 1 1 1,reavers_wheel8 thunder_palm8 thousand_cuts8 ruin_bolt8 cinderfall8 reaving_arc8 | cinderwake3 grave_call1 blood_scent1 kindling1 stormborn1 might5 fortune4 serration4 ferocity4 ironhide4 pack_leader1 haste3
120,1093,reaver,butchers_cleaver,leap,3,pack,none,7,1,30.92,1,42.69,wolf_alpha,22,30364,69,76,1.78,0.000,0.255,109671,55.1,0.000,3,2,momentum momentum,Greymuzzle:2627 Thicket Tusker:2383 blast:1819 Longtooth Wolf:1598,3 10 17 21 23 25 29 30 32 33 34 36 37 39 40 41 42 43 44 45 46 48 49 51 52 54 55 56 58 59 59 61 62 62 63 64 65 66 67 67 68 69,51 51 62 71 79 113 100 114 118 128 145 149 160 165 175 190 194 209 215 228 238 253 237 151 219 284 297 212 178 252 115 273 366 359 307 376 384 372 394 385 418 405,1 0.98 1 1 1 1 0.96 1 0.99 1 1 1 1 1 1 1 1 1 1 1 0.98 1 0.96 1 0.92 1 0.99 1 0.94 1 1 1 0.95 1 0.87 1 1 1 1 1 1 1,cleaver8 harrowing8 thousand_cuts8 dawnpulse8 reavers_wheel8 arrowfall8 | momentum2 dark_bargain1 blood_scent1 grave_call2 sanctify1 butchers_mark1 greed5 velocity3 serration4 fortune4 perennial5 expanse5
121,9012,reaver,gyre_axes,leap,3,pack,none,7,0,,1,31.03,wolf_alpha,18,26423,63,70,2.26,0.000,0.000,109671,61.5,0.085,3,2,momentum momentum,blast:1833 Greymuzzle:1660 Thicket Tusker:1543 Longtooth Wolf:386,11 17 21 24 27 30 32 33 36 37 39 41 42 43 45 46 48 49 50 51 53 54 55 56 57 59 60 61 62 63 63,48 50 64 59 85 92 100 112 80 107 105 119 118 99 128 121 139 134 108 186 186 158 162 148 168 150 184 198 165 170 52,1 1 1 1 1 0.93 1 1 1 0.98 0.59 1 1 0.94 0.97 1 0.96 1 1 0.97 1 1 1 1 1 1 1 1 0.98 1 0.27,reavers_wheel8 thunder_palm8 harrowing8 steel_flurry8 arrowfall8 plaguebloom8 | momentum3 dark_bargain1 soul_harvest1 grave_call2 dread_command1 perennial5 expanse2 fleetfoot3 haste1 velocity3 serration3
122,16931,reaver,butchers_cleaver,warcry,3,pack,none,7,0,,1,30.35,wolf_alpha,18,25964,61,68,2.24,0.000,0.000,109671,21.2,0.525,3,1,spirit_companion spirit_companion,Thicket Tusker:2100 blast:1915 Greymuzzle:1834 Longtooth Wolf:813,4 10 17 20 25 28 30 33 34 36 38 39 41 42 43 44 46 47 49 50 51 52 53 54 55 57 57 59 59 61,50 52 64 67 70 88 86 84 101 120 142 111 103 125 174 189 120 149 132 139 141 164 228 168 261 209 241 154 207 183,1 1 0.99 1 1 1 0.91 0.95 1 1 1 1 1 0.83 0.93 0.98 0.93 1 1 1 0.99 0.97 0.96 1 0.88 0.98 1 1 0.93 0.96,whirlwind8 thunder_palm8 rend_and_mend8 reavers_wheel8 plaguebloom8 circle_of_dawn8 | spirit_companion3 blood_scent1 butchers_mark1 soul_harvest1 consecration1 haste5 serration2 fleetfoot1 sanctify1 recovery2 perennial1 evasion1
123,24850,reaver,gyre_axes,warcry,3,pack,none,7,1,31.52,1,44.07,boar,28,45121,78,86,1.95,0.000,0.254,109671,91.3,0.000,3,2,duelists_grace duelists_grace,Thicket Tusker:6370 Longtooth Wolf:4503 blast:3404 Greymuzzle:3021,9 17 22 25 28 29 33 34 36 37 39 40 42 43 44 45 47 48 49 50 51 52 54 55 56 57 58 60 61 62 62 63 64 65 66 68 69 70 72 73 75 76 77 78,48 53 61 48 76 99 83 92 75 90 98 98 75 130 98 112 97 158 156 106 174 135 119 164 141 179 134 148 139 158 37 189 228 172 241 277 276 314 286 377 371 255 380 375,1 1 1 0.99 1 0.95 1 0.75 0.96 0.93 1 0.96 1 1 1 1 1 1 1 1 1 1 1 1 1 1 1 0.96 1 0.91 0.92 1 1 0.96 1 1 0.86 1 0.81 1 1 1 1 1,reavers_wheel8 plaguebloom8 razorgale8 harrowing8 everbloom8 tempest_coil8 | duelists_grace2 grave_call3 dread_command1 pack_leader1 expanse5 perennial5 wisdom4 serration4 fleetfoot5 blood_scent1 thorns5 static_charge1
124,32769,reaver,butchers_cleaver,leap,3,pack,none,7,1,30.47,0,45.00,,0,37334,77,85,1.89,0.461,0.461,109671,27.9,0.000,0,2,hunters_mark ember_tithe,Thicket Tusker:2900 blast:2671 Longtooth Wolf:2104 Greymuzzle:1178,4 13 19 21 23 26 28 30 31 33 35 37 37 39 41 43 44 46 47 49 50 51 53 55 56 58 59 61 62 63 64 66 67 68 69 70 71 72 73 74 75 75 76 76 77,47 58 59 70 80 98 99 117 125 112 146 151 162 163 173 184 181 211 205 208 244 248 221 114 133 159 179 154 161 171 185 189 224 358 379 372 386 398 400 396 402 398 396 391 386,1 1 1 1 1 1 1 1 1 1 0.97 1 1 1 1 1 1 1 1 1 1 0.92 1 1 1 1 0.96 0.97 1 1 1 1 1 1 1 0.97 1 1 1 1 1 1 1 1 1,bonesplitter8 arrowfall8 razorgale8 tether_of_anguish8 reavers_wheel8 pyre_of_faith8 | hunters_mark3 blood_scent1 grave_call2 dark_bargain1 ember_tithe1 searing4 recovery4 vitality5 might5 velocity3 serration4 emberseekers1
125,40688,reaver,gyre_axes,leap,3,pack,none,7,1,30.86,0,45.00,,0,46142,76,84,1.87,0.308,0.308,109671,51.3,0.000,1,3,duelists_grace cinderwake,blast:3871 Thicket Tusker:3747 Greymuzzle:3319 Longtooth Wolf:2487,5 13 19 24 26 29 31 33 34 35 38 39 40 41 43 44 46 47 47 49 50 51 52 54 55 56 57 58 59 60 61 62 63 64 65 66 67 68 70 71 72 73 74 75 76,44 48 59 80 74 99 77 110 108 118 149 135 168 169 123 194 147 212 123 181 122 200 163 119 126 147 163 158 126 126 140 181 187 168 169 313 287 231 293 249 223 364 314 426 352,0.99 0.95 1 1 0.95 1 1 1 1 1 1 0.93 0.94 1 1 1 0.97 0.96 0.93 1 1 0.96 1 0.84 1 1 1 0.94 1 0.97 0.85 0.87 1 1 1 0.94 0.65 0.69 1 1 1 0.48 1 1 1,reavers_wheel8 steel_flurry8 sunbreak8 wild_hunt8 starseeker8 iron_palms8 | duelists_grace1 sanctify1 pack_leader1 consecration1 grave_call2 cinderwake1 fleetfoot5 precision5 might5 expanse5 serration4 butchers_mark1 vitality5 blood_scent1
126,1096,reaver,butchers_cleaver,leap,3,dead,none,7,1,38.16,0,45.00,,0,18139,49,55,1.22,0.438,0.438,88580,489.6,0.000,0,2,duelists_grace arcane_overflow,bolt_bone:2460 Risen:1300 Risen Shieldman:1127 Barrow Knight:1033,1 1 2 3 5 7 12 14 15 19 20 22 23 26 27 28 28 31 32 33 35 36 37 38 39 39 40 41 42 42 43 43 43 44 44 45 45 45 46 46 47 48 48 49 49,54 50 58 67 99 107 97 110 112 121 135 154 160 170 178 189 196 198 214 236 233 254 254 273 272 298 295 311 308 331 115 103 107 81 97 155 155 89 391 409 392 454 386 389 404,0.98 1 1 1 1 1 1 1 1 1 1 0.94 0.96 1 0.75 0.99 0.95 1 1 1 1 1 1 1 1 1 0.95 1 1 1 1 0.77 0.98 1 0.59 1 1 1 1 1 1 1 1 1 1,cleaver8 tether_of_anguish8 moonfall8 reavers_wheel8 thornbloom8 seeking_motes8 | duelists_grace1 blood_scent1 butchers_mark1 soul_harvest1 arcane_overflow2 grave_call1 perennial2 greed2 recovery1 serration1
127,9015,reaver,gyre_axes,leap,3,dead,none,7,1,31.03,1,42.44,barrow_knight,27,31339,59,66,1.56,0.000,0.520,88580,61.7,0.000,3,3,iron_vow bloodthirst,Barrow Knight:3532 bolt_bone:1667 frost_orb:706 Risen Shieldman:464,3 7 10 13 15 18 20 23 24 25 27 28 29 30 32 33 34 35 37 37 39 39 40 42 43 44 44 46 47 48 49 49 51 51 52 54 55 56 57 57 58 59,51 51 65 68 84 95 103 115 118 118 139 143 157 158 174 190 194 199 214 203 229 250 267 263 280 275 298 314 316 315 68 353 366 351 339 379 404 389 383 395 396 394,1 1 1 1 1 1 1 1 1 1 1 1 1 1 1 1 1 1 1 1 1 1 1 1 1 1 1 1 1 1 0.89 1 1 1 1 1 1 1 1 1 1 1,reavers_wheel8 thousand_cuts8 razorgale8 living_flame8 great_herd8 circle_of_dawn8 | iron_vow1 butchers_mark1 pyre_burst1 pack_leader1 blood_scent1 bloodthirst2 consecration1 serration4 recovery1 perennial3 ferocity4 thorns4 searing2
128,16934,reaver,butchers_cleaver,warcry,3,dead,none,7,1,32.87,1,42.56,barrow_knight,24,20208,51,57,1.34,0.000,0.173,88580,172.0,0.000,3,2,glass_cannon bloodthirst,bolt_bone:3414 Barrow Knight:1082 frost_orb:928 Risen Shieldman:820,2 3 3 5 6 7 9 14 15 19 19 23 26 27 29 29 32 33 34 35 36 37 38 39 40 40 42 43 44 45 46 46 46 47 47 48 49 49 50 50 50 51,55 49 56 66 81 86 95 111 121 128 140 156 164 171 172 187 195 203 226 254 229 250 260 278 278 295 298 305 317 331 86 76 204 360 366 387 382 397 398 390 395 430,1 1 1 1 0.96 1 1 1 1 1 1 0.52 0.98 1 1 1 1 1 1 1 1 1 1 0.99 1 0.96 1 1 1 1 0.9 1 1 1 1 1 1 1 0.99 1 1 0.8,whirlwind8 rend_and_mend8 axe_gyre8 steel_flurry8 gale_chakram8 aegis_wheel8 | glass_cannon1 blood_scent1 grave_call2 butchers_mark1 pack_leader1 bloodthirst1 fleetfoot1 recovery2 velocity2 vitality1
129,24853,reaver,gyre_axes,warcry,3,dead,none,7,1,30.74,1,35.96,barrow_knight,22,28998,53,59,1.64,0.000,0.164,88580,44.3,0.000,3,2,hunters_mark hunters_mark,bolt_bone:2128 Barrow Knight:1813 frost_orb:471 Risen Shieldman:43,4 9 12 14 16 19 20 22 25 26 28 30 30 32 34 35 36 37 38 39 41 42 43 44 45 47 47 48 48 50 50 50 51 51 52,42 50 63 74 80 87 97 109 119 129 127 147 162 163 173 197 195 205 220 234 232 251 213 211 227 242 157 162 156 160 228 105 264 227 164,0.99 1 1 1 1 1 1 0.99 1 0.99 1 1 1 0.88 1 1 1 1 1 1 1 1 1 1 1 1 1 1 1 1 1 1 1 0.97 1,reavers_wheel8 razorgale8 fallen_star8 tempest_coil8 thousand_cuts8 deathcoil8 | hunters_mark3 pyre_burst1 static_charge1 kindling1 blood_scent1 expanse3 precision1 fortune1 duplicity2 perennial2 serration2
130,32772,reaver,butchers_cleaver,leap,3,dead,none,7,1,33.02,1,40.75,barrow_knight,25,25008,54,61,1.5,0.000,0.200,88580,180.9,0.000,3,2,stormborn stormborn,bolt_bone:2401 Barrow Knight:1389 Risen Shieldman:1092 frost_orb:895,6 9 12 14 16 19 21 22 24 25 27 29 30 31 33 34 34 36 36 38 39 39 41 42 43 44 45 46 47 48 48 49 49 49 50 51 52 52 53 53,52 49 60 66 73 114 92 93 114 127 121 153 156 163 180 185 206 200 222 223 229 234 262 268 335 274 296 297 293 322 69 84 74 364 364 427 379 392 387 402,1 1 1 1 0.99 1 1 1 1 1 1 0.91 1 1 1 1 1 0.99 1 1 1 0.98 0.95 1 0.92 1 0.77 1 1 1 0.91 0.96 1 1 1 1 1 1 0.89 1,bonesplitter8 arrowfall8 rend_and_mend8 razorgale8 thousand_cuts8 arcweb8 | stormborn3 soul_harvest1 storm_caller1 butchers_mark1 pack_leader1 fortune2 velocity1 recovery1 serration1 thorns1 might1 blood_scent1
131,40691,reaver,gyre_axes,leap,3,dead,none,7,0,,0,45.00,,0,14226,45,51,1.13,0.457,0.457,88580,900.0,0.221,0,2,arcane_overflow arcane_overflow,bolt_bone:2269 frost_orb:743 Barrow Knight:619 Risen Shieldman:138,2 7 11 13 15 17 19 20 21 23 24 25 27 28 29 30 31 32 33 34 35 35 36 37 37 37 39 39 40 40 41 42 42 42 43 43 43 44 44 44 44 44 45 45 45,52 51 59 71 80 86 97 106 117 127 135 155 161 167 172 191 190 209 214 236 230 247 258 265 267 289 292 299 314 321 142 107 102 167 142 165 169 169 153 167 166 173 171 165 159,0.97 1 1 1 0.96 1 1 1 1 1 1 1 0.97 1 1 1 1 1 1 1 1 1 1 0.97 1 0.93 1 1 1 0.97 1 1 0.98 0.96 1 0.97 1 0.63 1 1 1 1 1 1 0.49,reavers_wheel8 volley8 umbral_bolt8 razorgale8 reaving_arc8 temple_breaker8 | arcane_overflow2 soul_harvest1 pack_leader1 dread_command1 grave_call2 evasion2 haste1 serration1
132,1099,reaver,butchers_cleaver,leap,3,lamplings,none,7,1,31.35,0,45.00,,0,41608,60,67,1.49,0.588,0.588,97017,80.7,0.000,0,2,restless_hands stormborn,firepot:5603 blast:2314 Lampling Tunneler:352 burning ground:261,6 10 16 18 20 23 25 27 28 29 30 32 33 34 36 36 38 39 40 41 42 43 43 45 45 46 47 48 49 50 50 51 52 52 53 54 55 56 57 58 58 59 59 60 60,49 53 58 74 51 62 90 113 70 79 130 95 124 129 95 105 128 141 146 200 129 139 169 148 170 193 197 210 153 142 29 183 243 159 138 293 379 388 406 409 399 383 399 407 413,1 1 1 0.98 1 1 0.95 0.96 1 0.99 1 1 1 1 1 0.94 1 0.81 1 1 0.87 1 0.78 1 1 1 1 1 1 1 0.73 1 1 0.64 1 1 1 1 0.99 1 1 1 1 0.93 1,whirlwind8 glacier_spear8 hailwheel8 circle_of_dawn8 arcweb8 axe_gyre8 | restless_hands1 blood_scent1 sanctify1 static_charge1 deep_chill1 stormborn1 consecration1 fleetfoot4 ironhide4 chilling1 velocity3 vitality5 perennial5 dark_bargain1
133,9018,reaver,gyre_axes,leap,3,lamplings,none,7,1,31.78,0,45.00,,0,46556,66,73,1.62,0.184,0.661,97017,107.0,0.000,1,4,restless_hands momentum,firepot:5956 blast:2329 Lampling Tunneler:2245 burning ground:451,6 12 16 18 21 23 26 27 28 29 31 32 34 35 36 37 38 39 40 41 42 43 44 45 46 47 47 49 50 51 51 51 52 54 55 56 57 58 59 60 61 63 64 65 66,40 52 52 73 84 88 86 82 109 110 126 99 116 154 116 157 106 141 102 95 179 135 144 139 139 123 159 135 136 153 32 187 191 181 150 169 202 223 294 243 424 342 300 274 166,1 1 1 1 1 0.97 0.92 0.95 1 0.91 1 1 0.85 1 1 1 1 1 0.84 0.94 0.91 1 0.87 1 1 0.98 1 0.93 1 1 0.92 1 1 1 0.75 0.89 1 1 1 1 1 1 1 0.81 1,axe_gyre8 sunlance8 glacier_spear8 arrowfall8 great_herd8 tempest_coil8 | restless_hands1 shatter1 grave_call2 emberseekers1 pack_leader1 momentum1 storm_caller1 might5 searing4 wisdom4 perennial5 expanse5 velocity3
134,16937,reaver,butchers_cleaver,warcry,3,lamplings,none,7,1,31.12,0,45.00,,0,45937,61,68,1.51,0.704,0.704,97017,67.4,0.000,0,3,bloodthirst duelists_grace,firepot:8932 blast:2741 Lampling Tunneler:2343 burning ground:426,8 12 16 18 19 23 25 26 28 30 31 33 34 35 36 36 37 39 40 41 42 42 43 44 45 46 47 48 49 50 50 51 51 52 53 54 55 56 57 58 59 59 60 61 61,43 54 73 56 76 70 100 92 80 90 101 112 92 97 160 148 141 193 179 88 99 142 238 176 215 168 212 189 142 125 35 184 186 197 136 153 227 409 245 299 359 410 396 207 394,1 1 1 1 1 1 0.96 0.99 1 1 1 1 1 0.96 1 1 1 1 1 1 1 1 1 1 1 1 1 1 1 1 0.86 1 1 1 1 1 1 1 1 0.88 1 1 1 1 1,whirlwind8 arrowfall8 seeking_motes8 tempest_coil8 living_flame8 rend_and_mend8 | bloodthirst2 blood_scent1 kindling1 pyre_burst1 duelists_grace1 grave_call1 ferocity4 vitality2 perennial5 velocity3 expanse4 fortune4 static_charge1
135,24856,reaver,gyre_axes,warcry,3,lamplings,none,7,1,31.81,0,45.00,,0,42176,60,67,1.49,0.745,0.745,97017,108.7,0.000,0,2,iron_vow cinderwake,firepot:3561 Lampling Tunneler:1317 blast:1140 Lampling Sapper:316,8 13 16 19 22 25 26 27 29 30 32 33 34 35 36 37 38 40 40 41 42 43 44 45 46 47 47 48 49 50 50 51 51 52 53 54 55 56 56 57 58 58 59 59 60,43 55 63 54 57 74 76 76 54 67 86 95 98 105 98 123 142 103 119 138 148 114 157 134 145 174 221 227 230 145 22 175 293 332 209 324 402 377 390 407 399 396 397 399 409,1 1 1 1 1 1 0.97 1 1 1 1 1 0.97 1 0.91 0.98 1 1 1 1 1 1 1 1 1 0.96 1 1 1 1 1 1 0.91 1 1 1 1 1 1 1 1 1 1 1 1,reavers_wheel8 predators_volley8 verdant_gaze8 aegis_wheel8 razorgale8 tether_of_anguish8 | iron_vow1 grave_call2 plague_bearer1 soul_harvest1 dread_command1 cinderwake1 thorns3 recovery4 evasion2 vitality4 serration2 precision2 blood_scent1
136,32775,reaver,butchers_cleaver,leap,3,lamplings,none,7,1,32.55,0,45.00,,0,45402,62,69,1.53,0.616,0.616,97017,153.0,0.000,0,3,arcane_overflow arcane_overflow,firepot:3370 blast:2931 Lampling Tunneler:532 burning ground:404,4 10 15 18 21 22 25 27 29 30 31 33 34 35 36 37 39 39 40 41 42 43 44 45 46 46 47 48 49 50 50 50 51 52 53 54 55 55 56 57 58 59 60 61 62,47 48 58 64 59 125 76 113 104 115 83 87 88 82 107 145 105 123 100 154 182 146 127 166 114 166 137 211 158 155 36 35 247 183 162 232 296 304 277 161 212 270 189 393 275,1 1 1 1 1 1 0.98 1 1 1 1 1 1 1 0.91 1 1 1 1 1 1 1 1 1 1 1 1 1 0.73 1 0.87 0.98 1 1 0.81 1 1 1 1 0.85 1 1 1 1 1,whirlwind8 reavers_wheel8 harrowing8 temple_breaker8 plaguebloom8 dawnpulse8 | arcane_overflow2 blood_scent1 soul_harvest1 plague_bearer1 grave_call1 consecration1 velocity2 evasion4 serration2 perennial3 fleetfoot4 expanse4 pack_leader1
137,40694,reaver,gyre_axes,leap,3,lamplings,none,7,1,34.10,0,45.00,,0,42325,60,67,1.49,0.452,0.452,97017,245.9,0.000,0,3,bloodthirst restless_hands,firepot:5480 Lampling Tunneler:2528 blast:1958 burning ground:324,5 12 14 18 21 23 25 27 29 30 32 32 34 35 36 37 38 38 40 41 42 43 44 44 46 46 47 48 49 50 50 50 51 51 51 52 53 54 55 56 57 58 59 60 60,47 53 64 64 62 83 81 86 81 65 82 93 79 108 106 169 185 183 151 143 235 185 213 203 167 211 248 189 152 205 33 29 40 45 237 301 400 249 187 390 226 269 315 346 272,1 1 1 1 1 1 1 1 1 0.99 1 1 1 1 1 1 1 1 1 1 1 0.97 1 0.96 0.89 1 0.98 1 0.97 1 0.69 1 0.95 1 1 1 0.91 1 0.91 0.92 1 1 1 0.9 1,gyrestorm8 knifestorm8 great_herd8 glacier_spear8 gale_chakram8 verdant_gaze8 | bloodthirst1 blood_scent1 plague_bearer1 grave_call2 restless_hands1 soul_harvest1 expanse3 perennial3 vitality4 velocity2 ferocity2 evasion2 shatter1
138,1102,reaver,butchers_cleaver,leap,3,kerchiefs,none,7,1,31.11,0,45.00,,0,42851,79,87,1.93,0.128,0.248,101235,66.8,0.000,3,4,spirit_companion bloodthirst,firepot:7571 Kerchief Footpad:1806 burning ground:1592 Kerchief Enforcer:1040,2 6 12 16 22 24 25 29 32 35 36 38 39 42 43 43 45 45 47 49 50 51 53 54 55 57 58 60 61 62 63 63 65 66 68 68 70 71 72 73 74 76 77 78 79,55 49 63 65 70 84 97 114 125 104 141 143 167 170 177 191 209 175 157 235 182 192 205 169 220 197 239 173 189 164 37 232 203 291 322 374 322 292 294 266 296 397 378 322 395,0.97 0.93 0.98 0.98 1 0.99 1 0.88 1 0.79 0.79 1 1 1 0.92 1 1 1 1 1 1 0.96 1 1 1 0.98 1 1 0.93 1 1 1 1 1 1 1 1 1 1 1 1 1 1 0.69 1,whirlwind8 everbloom8 reavers_wheel8 tempest_coil8 glacier_spear8 living_flame8 | spirit_companion2 pack_leader1 shatter1 deep_chill1 pyre_burst1 butchers_mark1 bloodthirst1 perennial5 fleetfoot5 expanse5 thorns5 dread_command1 serration4 velocity3
139,9021,reaver,gyre_axes,leap,3,kerchiefs,none,7,1,30.81,0,45.00,,0,32594,81,89,1.98,0.361,0.361,101235,48.7,0.000,0,2,iron_vow ember_tithe,firepot:1505 Kerchief Enforcer:1192 Kerchief Bruiser:1047 Kerchief Footpad:880,7 14 16 18 20 23 26 29 31 33 34 35 37 38 38 40 42 44 45 47 49 51 54 55 57 59 61 62 63 65 66 68 69 70 72 73 75 76 77 78 79 79 80 81 81,42 47 62 70 78 95 102 99 122 134 145 145 159 164 185 186 180 197 237 234 174 219 146 265 275 286 203 310 310 290 208 262 366 364 376 385 299 242 427 357 388 404 404 405 390,1 1 1 1 1 1 1 1 1 1 0.95 0.95 1 1 1 0.89 0.9 1 1 1 1 0.97 1 1 1 1 1 1 1 1 1 0.98 1 1 1 1 1 1 1 1 1 1 1 1 1,reavers_wheel8 great_herd8 harrowing8 circle_of_dawn8 soul_siphon8 sanctified_earth8 | iron_vow1 grave_call1 pack_leader1 sanctify1 dread_command2 ember_tithe2 perennial5 serration4 expanse5 ironhide5 recovery4 blood_scent1 vitality5
140,16940,reaver,butchers_cleaver,warcry,3,kerchiefs,none,7,1,31.10,1,36.41,enforcer,23,26693,72,80,2.2,0.000,0.045,101235,66.0,0.000,3,2,restless_hands cinderwake,firepot:2460 Kerchief Enforcer:1514 burning ground:838 Kerchief Footpad:491,4 9 15 20 23 24 28 30 33 34 34 36 37 38 41 42 44 44 46 47 49 50 51 53 54 56 58 60 61 63 64 65 67 68 70 71,52 51 59 73 75 106 105 107 122 131 134 143 158 169 176 189 207 209 211 172 220 251 263 259 220 243 255 185 206 241 37 350 233 305 269 378,1 1 1 1 0.86 0.96 0.94 0.95 1 0.95 0.56 0.86 1 0.82 0.92 0.94 0.99 0.73 1 1 1 0.93 0.93 1 1 1 1 1 1 1 0.79 1 0.98 1 1 1,bonesplitter8 great_herd8 temple_breaker8 arrowfall8 ruin_bolt8 verdant_gaze8 | restless_hands2 dark_bargain1 blood_scent1 soul_harvest1 pack_leader1 cinderwake2 expanse5 might5 wisdom4 evasion4 perennial5 velocity3 plague_bearer1
141,24859,reaver,gyre_axes,warcry,3,kerchiefs,none,7,1,30.89,1,44.89,pillager,29,29269,69,76,1.69,0.000,0.076,101235,53.5,0.000,3,1,spirit_companion glass_cannon,firepot:6541 Kerchief Bruiser:2984 Kerchief Footpad:2226 burning ground:1407,4 9 13 15 21 23 24 27 31 32 34 34 36 36 37 39 41 42 43 45 46 47 48 49 50 51 51 52 54 56 57 57 58 60 60 60 61 61 63 64 65 66 67 68,46 52 59 76 81 93 99 112 120 134 145 148 158 162 173 191 193 205 213 233 233 256 255 268 273 283 296 297 363 314 124 297 360 346 383 384 400 420 407 401 413 397 417 355,1 1 1 1 1 0.96 1 1 1 0.89 1 1 1 1 1 1 0.76 1 1 0.86 0.94 1 0.83 1 1 1 1 1 1 1 1 1 0.75 1 0.99 1 1 1 1 1 0.76 1 0.82 0.77,reavers_wheel8 thunder_palm8 reckoning8 tether_of_anguish8 razorgale8 mote_cascade8 | spirit_companion2 grave_call1 pack_leader1 dread_command1 glass_cannon1 soul_harvest1 haste5 recovery4 serration4 duplicity3 static_charge1 precision2 expanse4
142,32778,reaver,butchers_cleaver,leap,3,kerchiefs,none,7,1,30.38,0,45.00,,0,33018,82,90,2,0.537,0.623,101235,22.6,0.000,0,3,hunters_mark ember_tithe,firepot:8685 Kerchief Enforcer:1982 burning ground:1826 Kerchief Bruiser:1325,2 10 13 17 23 24 29 31 34 36 37 37 39 40 41 42 43 44 45 46 47 48 49 50 52 54 56 58 59 61 63 64 66 67 69 70 72 73 75 76 77 79 80 80 82,52 54 65 74 81 90 103 107 141 125 142 150 156 171 180 193 191 200 209 230 235 239 251 268 270 280 300 306 301 219 233 351 303 336 317 388 306 391 405 409 419 390 401 415 392,0.97 1 1 1 1 0.91 0.91 0.73 1 1 0.95 0.99 1 1 0.97 1 0.88 0.89 0.94 0.94 1 0.97 0.94 1 0.71 1 1 1 0.99 1 1 1 1 1 1 0.94 1 0.93 1 0.97 1 1 1 0.98 1,bonesplitter8 glacier_spear8 aegis_wheel8 circle_of_dawn8 gyrestorm8 seeking_motes8 | hunters_mark3 sanctify1 blood_scent1 dark_bargain1 butchers_mark1 ember_tithe1 vitality5 velocity3 might5 haste5 ferocity4 expanse5 fracture1
143,40697,reaver,gyre_axes,leap,3,kerchiefs,none,7,1,32.10,0,45.00,,0,38893,79,87,1.93,0.270,0.507,101235,126.0,0.000,3,2,arcane_overflow restless_hands,firepot:3789 Kerchief Footpad:2151 Kerchief Bruiser:1223 burning ground:532,4 15 18 24 27 29 32 34 36 38 39 40 43 44 45 47 48 50 51 52 53 55 56 57 58 60 61 62 63 64 65 65 66 68 68 70 71 73 74 75 76 76 78 78 79,42 51 68 67 71 93 82 98 105 98 132 125 120 155 98 167 163 164 172 224 139 185 229 163 192 167 246 253 183 279 44 44 245 361 313 425 405 405 403 403 403 399 400 447 414,0.95 1 0.99 1 0.96 1 0.95 0.96 1 1 1 1 0.94 1 1 0.88 1 0.94 0.94 1 1 1 1 0.8 0.97 1 0.91 1 0.99 1 0.94 0.95 0.98 1 0.83 1 1 0.83 1 1 1 1 0.88 1 1,reavers_wheel8 volley8 plaguebloom8 ruin_bolt8 rend_and_mend8 great_herd8 | arcane_overflow3 plague_bearer1 pack_leader1 soul_harvest1 restless_hands1 might5 vitality5 perennial5 serration4 grave_call1 wisdom4 fleetfoot5 blood_scent1
144,1031,arcanist,apprentice_wand,blink,1,pack,none,1,1,30.96,0,45.00,,0,44385,73,81,1.8,0.527,0.674,49318,57.8,0.000,0,3,stormborn restless_hands,blast:1437 Thicket Tusker:687 Longtooth Wolf:163 Blight-Sick Wolf:35,12 15 20 23 26 28 30 32 33 35 37 38 39 41 42 43 44 45 47 48 49 50 51 52 54 55 56 57 58 59 59 60 60 61 63 64 65 66 67 68 69 70 71 72 73,35 46 56 58 54 80 72 85 110 89 100 99 128 99 112 113 106 119 115 135 137 130 147 158 159 155 147 143 119 165 81 162 224 240 243 309 257 327 347 348 382 365 371 372 377,0.97 1 1 1 1 1 1 1 1 0.92 1 1 1 0.88 0.83 0.94 0.93 0.81 1 1 0.75 1 1 1 1 1 1 1 1 1 1 1 1 1 1 1 1 0.98 1 1 1 1 1 1 1,mote_cascade8 steel_flurry8 strangleroot8 blighted_earth8 hailwheel8 glacier_spear8 | stormborn1 grave_call2 pack_leader1 soul_harvest1 deep_chill1 blood_scent1 restless_hands1 velocity3 chilling3 perennial5 duplicity3 fleetfoot5 haste5 plague_bearer1
145,8950,arcanist,ember_staff,blink,1,pack,none,1,1,30.38,0,45.00,,0,44968,78,86,1.91,0.036,0.630,49318,22.9,0.000,3,3,arcane_overflow restless_hands,blast:3482 Thicket Tusker:3322 Longtooth Wolf:1434 Greymuzzle:513,9 14 20 23 25 28 30 32 33 35 37 38 39 41 41 43 44 45 47 48 50 51 52 53 55 56 57 58 60 61 62 63 64 66 67 68 70 71 72 73 74 75 76 77 78,36 52 50 52 47 65 79 92 65 79 100 87 83 77 102 126 112 131 112 132 116 118 127 124 121 130 166 142 165 121 153 166 172 166 212 190 244 324 329 313 351 311 374 381 310,1 1 1 0.98 1 1 0.89 1 1 0.96 1 1 1 1 1 0.98 1 1 1 1 1 1 1 1 1 1 1 1 1 1 1 1 1 1 1 1 1 1 1 1 1 0.97 1 1 1,cinderfall8 tether_of_anguish8 sunlance8 hailwheel8 arrowfall8 axe_gyre8 | arcane_overflow2 pyre_burst1 plague_bearer1 kindling1 emberseekers1 restless_hands1 wisdom4 searing4 greed5 velocity3 might5 chilling3 sanctify1 deep_chill1
146,16869,arcanist,rime_rod,blink,1,pack,none,1,1,30.53,0,45.00,,0,43485,72,80,1.78,0.476,0.476,49318,31.8,0.000,0,3,duelists_grace arcane_overflow,Thicket Tusker:1809 blast:1561 Longtooth Wolf:475 Blight-Sick Wolf:206,9 15 20 23 26 28 30 32 33 35 36 37 39 40 42 43 44 46 47 48 49 49 51 52 54 55 56 57 58 59 59 61 62 63 64 65 66 67 68 69 70 71 72 72 72,35 43 51 50 56 63 66 76 86 69 88 104 125 119 98 101 108 99 158 110 117 107 112 138 150 127 181 145 162 156 175 163 174 173 281 281 326 213 288 358 345 347 350 366 367,1 1 1 1 1 1 1 1 0.69 0.97 1 1 0.83 0.82 1 1 0.94 0.95 1 1 1 1 1 0.92 0.93 1 1 1 1 1 1 1 1 1 1 1 1 1 1 1 1 1 1 0.9 0.88,glacier_spear8 ruin_bolt8 verdant_gaze8 sanctified_earth8 seeking_motes8 thornbloom8 | duelists_grace2 consecration1 deep_chill1 sanctify1 grave_call1 pack_leader1 arcane_overflow1 perennial5 velocity3 evasion4 might5 fortune4 ironhide5 dread_command1
147,24788,arcanist,apprentice_wand,time_slip,1,pack,none,1,1,30.39,0,45.00,,0,45210,80,88,1.96,0.292,0.292,49318,23.2,0.000,1,3,spirit_companion ember_tithe,blast:2937 Longtooth Wolf:2592 Thicket Tusker:2583 Greymuzzle:1308,11 16 20 23 25 27 29 31 33 35 36 38 39 41 41 44 45 46 48 49 50 52 53 54 56 57 58 60 61 62 63 64 65 67 68 69 71 72 74 75 76 77 78 80 80,41 52 55 55 70 68 107 93 128 87 114 114 111 118 111 161 191 123 110 130 147 103 172 131 152 144 127 158 177 139 131 174 196 193 223 311 276 331 336 380 356 390 390 387 424,1 1 1 1 1 1 1 1 1 1 1 1 1 0.94 1 0.95 0.98 1 1 1 0.95 1 1 1 1 1 1 1 1 1 1 0.99 1 1 1 1 0.94 1 1 1 1 1 1 1 1,seeking_motes8 tether_of_anguish8 living_flame8 moonfall8 ruin_bolt8 circle_of_dawn8 | spirit_companion2 pyre_burst1 kindling1 grave_call1 emberseekers1 ember_tithe1 vitality5 might5 wisdom4 greed5 sanctify1 perennial5 searing4 pack_leader1
148,32707,arcanist,ember_staff,time_slip,1,pack,none,1,0,,1,20.12,wolf_alpha,10,14282,47,53,2.63,0.000,0.000,0,0.0,,3,1,glass_cannon glass_cannon,blast:644 Thicket Tusker:452 Greymuzzle:247 Longtooth Wolf:54,9 15 19 22 24 27 29 30 33 34 36 37 39 40 41 42 44 45 46 47,34 39 55 45 71 95 83 77 92 92 118 128 117 100 104 130 98 158 129 155,0.96 1 1 1 1 1 1 1 1 0.87 0.37 1 0.85 1 1 1 0.68 1 1 1,cinderfall8 knifestorm8 circle_of_dawn8 iron_palms8 gale_chakram8 pyre_of_faith8 | glass_cannon2 pyre_burst1 consecration1 blood_scent1 sanctify1 emberseekers1 recovery1 searing1
149,40626,arcanist,rime_rod,time_slip,1,pack,none,1,1,30.60,0,45.00,,0,48068,81,89,1.98,0.212,0.761,49318,35.7,0.000,3,4,bloodthirst momentum,blast:3426 Thicket Tusker:2006 Longtooth Wolf:1353 Greymuzzle:663,8 16 19 23 25 28 30 32 33 35 36 38 39 41 42 43 45 46 47 49 50 52 53 54 55 57 58 59 61 62 62 64 65 66 68 69 70 72 73 74 76 77 79 80 81,48 46 52 47 48 75 63 82 104 89 103 108 126 121 105 106 144 161 110 86 121 113 119 67 126 138 103 129 129 137 196 113 128 171 133 234 197 200 212 240 322 291 345 415 309,1 1 1 1 1 0.99 1 1 1 1 1 1 1 1 1 1 1 1 1 1 1 1 1 1 1 1 1 1 1 1 1 1 1 0.9 1 1 0.88 1 1 1 1 0.61 1 1 1,glacier_spear8 verdant_gaze8 ruin_bolt8 plaguebloom8 tether_of_anguish8 fallen_star8 | bloodthirst2 plague_bearer1 pyre_burst1 shatter1 kindling1 momentum1 wisdom4 might5 expanse5 velocity3 perennial5 fracture1 greed5 grave_call1
150,1034,arcanist,apprentice_wand,blink,1,dead,none,1,0,,0,45.00,,0,18727,47,53,1.18,0.097,0.097,39834,900.0,0.155,3,2,iron_vow stormborn,bolt_bone:1215 Risen Shieldman:1087 Barrow Knight:695 frost_orb:419,7 10 12 13 14 19 20 22 24 25 26 27 28 29 30 32 33 34 35 35 36 37 38 39 39 40 41 42 42 43 44 44 44 44 45 45 45 46 46 46 46 47 47 47 47,35 41 50 62 62 86 79 95 97 101 119 125 133 128 144 152 159 172 174 182 185 206 209 213 223 230 240 250 269 265 77 77 117 108 94 108 156 150 158 165 161 155 160 161 164,1 1 1 1 1 1 1 0.95 1 1 1 1 1 1 1 1 1 1 1 1 0.72 1 1 1 0.9 1 1 0.9 1 1 1 1 1 1 1 1 0.89 1 1 1 1 1 1 1 1,seeking_motes8 tether_of_anguish8 soul_siphon8 verdant_gaze8 fallen_star8 axe_gyre8 | iron_vow1 grave_call2 pyre_burst1 soul_harvest1 stormborn1 plague_bearer1 recovery1 expanse1
151,8953,arcanist,ember_staff,blink,1,dead,none,1,1,30.66,0,45.00,,0,37609,62,69,1.53,0.161,0.422,39834,39.4,0.000,2,3,arcane_overflow cinderwake,bolt_bone:3258 frost_orb:917 Barrow Knight:849 Risen Shieldman:68,6 9 12 14 16 18 19 22 23 25 26 28 29 31 32 33 34 35 36 37 38 39 40 41 42 43 44 45 47 47 48 49 50 51 52 53 55 55 56 57 58 59 60 61 62,40 46 52 57 63 75 89 88 93 112 121 124 136 143 133 152 164 174 182 188 186 214 200 213 202 203 231 197 253 223 293 199 233 278 229 323 302 325 326 271 347 305 302 360 362,1 1 1 1 1 1 0.96 1 1 1 1 1 1 1 1 0.96 1 1 1 1 1 1 1 1 1 1 1 1 1 1 1 1 1 1 1 1 1 1 1 1 1 1 1 0.98 1,fallen_star8 knifestorm8 gale_chakram8 glacier_spear8 tether_of_anguish8 soul_siphon8 | arcane_overflow1 butchers_mark1 emberseekers1 blood_scent1 deep_chill1 cinderwake1 shatter1 recovery4 expanse3 precision1 velocity3 vitality5 evasion2 kindling1
152,16872,arcanist,rime_rod,blink,1,dead,none,1,1,30.53,0,45.00,,0,37551,68,75,1.67,0.474,0.474,39834,31.6,0.000,0,4,ember_tithe hunters_mark,bolt_bone:1927 frost_orb:416 Risen Shieldman:99 Barrow Knight:78,7 10 14 17 19 21 23 25 27 28 30 31 32 34 35 36 37 39 40 41 42 43 44 45 46 47 48 49 50 51 52 53 54 55 56 57 58 60 61 62 63 64 65 67 68,35 43 61 51 72 83 85 92 103 102 124 124 130 142 138 154 157 175 177 181 192 188 206 218 232 243 229 233 269 193 236 272 287 280 254 268 269 314 302 249 279 351 324 369 366,1 1 1 0.96 0.88 0.9 0.97 0.97 1 1 1 0.94 1 1 1 1 1 0.83 1 1 1 1 1 1 1 1 1 1 1 1 1 1 1 1 1 1 1 1 1 1 1 1 1 1 0.83,deepwinter8 starseeker8 verdant_gaze8 moonfall8 strangleroot8 rend_and_mend8 | ember_tithe2 shatter1 emberseekers1 fracture1 hunters_mark1 soul_harvest1 precision5 evasion4 recovery4 chilling3 haste5 expanse5 deep_chill1
153,24791,arcanist,apprentice_wand,time_slip,1,dead,none,1,0,,1,31.09,barrow_knight,14,11451,42,48,1.54,0.000,0.000,39834,65.6,0.906,2,2,hunters_mark momentum,bolt_bone:1709 Barrow Knight:300 frost_orb:170 Risen Shieldman:14,6 10 12 14 16 18 19 20 22 23 24 26 27 28 29 30 31 32 33 34 35 36 37 37 38 39 39 40 41 42 42,46 48 47 66 65 77 81 83 91 105 124 113 123 149 147 150 159 179 185 195 190 200 205 215 220 223 231 252 279 257 94,1 1 1 1 1 1 0.98 1 1 1 0.93 1 1 1 0.87 1 1 1 1 0.76 1 1 1 1 1 1 1 1 1 0.98 0.86,seeking_motes8 reaving_arc8 axe_gyre8 rimeshard8 verdant_lance8 umbral_bolt8 | hunters_mark2 fracture1 dark_bargain1 deep_chill1 plague_bearer1 momentum1
154,32710,arcanist,ember_staff,time_slip,1,dead,none,1,0,,1,20.46,barrow_knight,10,10263,38,43,2.1,0.000,0.000,0,0.0,,3,1,stormborn stormborn,bolt_bone:858 Barrow Knight:376 frost_orb:110 Risen:13,5 9 10 14 16 17 19 22 24 26 27 28 29 30 32 33 34 34 36 37,43 36 55 58 77 78 89 93 96 117 111 120 153 144 146 161 185 168 207 184,1 1 1 1 0.98 1 0.93 0.95 1 1 1 1 1 0.81 1 0.74 1 0.55 1 0.92,cinderfall8 gale_chakram6 verdant_lance7 arcweb8 iron_palms6 reaving_arc7 | stormborn2 kindling1 static_charge1 pyre_burst1 soul_harvest1
155,40629,arcanist,rime_rod,time_slip,1,dead,none,1,1,31.39,1,36.99,barrow_knight,19,21868,49,55,1.49,0.000,0.299,39834,83.4,0.000,3,2,duelists_grace hunters_mark,bolt_bone:1748 Barrow Knight:489 frost_orb:345 Risen Shieldman:26,5 8 9 11 15 18 19 21 22 24 25 27 28 29 30 31 32 33 34 35 36 37 38 39 40 40 41 42 43 44 45 45 46 47 48 49,41 41 53 56 66 84 87 97 95 109 128 126 138 133 154 161 160 170 192 184 196 225 207 236 228 230 230 244 248 276 66 276 296 315 305 324,1 1 1 0.97 0.97 1 0.97 1 1 1 1 1 1 0.9 0.93 0.93 1 1 1 0.93 1 1 1 1 0.83 1 1 1 1 1 0.9 1 1 0.94 1 1,glacier_spear8 fallen_star8 razorgale8 seeking_motes8 thousand_cuts8 arrowfall8 | duelists_grace2 deep_chill1 kindling1 pyre_burst1 hunters_mark2 serration1 expanse2 perennial1 velocity1
156,1037,arcanist,apprentice_wand,blink,1,lamplings,none,1,1,31.46,0,45.00,,0,41506,59,66,1.47,0.370,0.370,43628,87.8,0.000,0,3,duelists_grace spirit_companion,firepot:7528 Lampling Tunneler:1128 blast:1078 burning ground:191,7 11 15 17 19 22 24 25 27 28 29 30 32 33 34 35 36 37 38 38 40 40 41 42 43 44 45 45 46 47 48 48 49 50 51 51 52 53 54 55 56 56 57 58 59,42 46 54 58 66 63 77 91 100 74 116 106 135 146 106 159 149 153 117 156 199 146 142 149 159 234 242 173 206 230 35 276 198 295 160 271 313 230 334 288 348 376 362 387 381,1 1 1 1 1 1 1 1 0.94 1 0.96 0.92 0.93 0.96 0.91 1 0.9 1 1 0.89 0.89 1 0.81 1 0.89 1 1 0.89 0.87 0.95 1 1 0.68 1 0.9 1 0.88 0.64 0.8 1 0.74 0.98 1 1 1,seeking_motes8 deepwinter8 sunbreak8 grave_tether8 ruin_bolt8 lunar_brand8 | duelists_grace1 fracture1 deep_chill1 sanctify1 grave_call1 spirit_companion2 consecration1 fleetfoot5 haste5 fortune4 might2 expanse2 serration2
157,8956,arcanist,ember_staff,blink,1,lamplings,none,1,1,30.56,0,45.00,,0,44428,65,72,1.6,0.303,0.303,43628,33.3,0.000,1,3,ember_tithe ember_tithe,firepot:4655 blast:1519 Lampling Tunneler:864 burning ground:281,10 13 16 19 21 23 26 27 29 30 32 33 34 35 36 38 39 40 41 42 43 44 45 46 47 48 50 50 51 52 53 54 55 56 57 58 59 60 60 61 62 63 64 65 65,39 50 58 54 50 69 74 85 80 82 97 87 97 98 97 97 124 105 100 122 155 135 129 193 100 195 118 196 131 124 146 204 134 184 286 313 303 299 276 217 247 353 266 408 368,1 1 1 1 1 1 1 1 1 0.72 0.94 1 0.91 0.9 1 1 0.73 1 0.92 1 0.94 0.8 0.94 1 0.73 1 1 1 1 1 0.94 1 0.88 0.99 1 0.95 1 0.87 1 1 1 1 1 1 0.94,living_flame8 rend_and_mend8 lunar_brand8 arcweb8 circle_of_dawn8 sanctified_earth8 | ember_tithe3 static_charge1 sanctify1 storm_caller1 grave_call1 thorns5 perennial5 evasion4 fortune4 ironhide5 vitality5 dread_command1
158,16875,arcanist,rime_rod,blink,1,lamplings,none,1,1,30.79,0,45.00,,0,44710,60,67,1.49,0.538,0.538,43628,47.3,0.000,0,3,cinderwake bloodthirst,firepot:6801 Lampling Tunneler:1422 blast:1152 burning ground:147,8 11 14 17 19 21 24 25 27 28 30 31 32 33 34 35 37 37 39 39 40 41 42 43 44 45 45 46 47 48 49 49 50 51 52 53 54 54 56 56 57 58 59 59 60,42 43 55 48 62 86 75 92 70 77 104 118 109 105 94 125 141 163 185 175 176 199 183 228 208 168 149 195 257 145 175 217 206 205 305 293 256 293 325 344 324 291 366 377 365,1 1 1 1 1 1 1 1 1 1 0.82 1 1 1 0.97 1 1 1 1 1 1 1 1 1 1 1 1 1 1 1 1 1 0.86 1 1 1 1 1 1 1 1 1 1 0.84 1,glacier_spear8 mote_cascade8 deathcoil8 living_flame8 ruin_bolt8 arcweb8 | cinderwake1 grave_call3 static_charge1 bloodthirst2 velocity1 ironhide3 might3 chilling1 perennial5 duplicity2 pyre_burst1
159,24794,arcanist,apprentice_wand,time_slip,1,lamplings,none,1,1,30.51,0,45.00,,0,43244,59,66,1.47,0.321,0.511,43628,30.8,0.000,1,3,momentum duelists_grace,firepot:2738 blast:1632 Lampling Tunneler:903 burning ground:177,8 12 15 16 19 20 23 25 27 27 29 30 32 33 33 35 36 37 38 39 39 41 42 43 43 44 45 46 47 48 48 49 50 51 52 53 53 54 55 56 57 58 58 59 59,41 47 54 66 70 73 108 92 69 105 130 109 96 108 99 129 137 162 187 163 193 225 193 138 181 229 202 153 219 231 223 208 285 244 204 221 344 338 335 263 340 362 364 398 392,1 1 1 1 1 0.95 1 0.97 1 1 0.91 1 0.8 1 1 1 0.78 1 1 1 0.78 1 1 0.99 1 1 1 1 1 1 0.83 1 1 1 0.91 1 1 0.86 1 1 1 1 0.8 0.82 0.69,starseeker8 great_herd8 verdant_gaze8 moonfall8 sanctified_earth8 arrowfall8 | momentum1 pack_leader1 dread_command1 sanctify1 plague_bearer1 duelists_grace1 soul_harvest1 serration4 ironhide3 expanse3 velocity3 perennial2 precision1 butchers_mark1
160,32713,arcanist,ember_staff,time_slip,1,lamplings,none,1,1,31.75,0,45.00,,0,41343,60,67,1.49,0.513,0.532,43628,104.8,0.000,0,3,duelists_grace bloodthirst,firepot:5021 blast:1773 Lampling Tunneler:1225 burning ground:319,7 12 15 17 20 22 23 25 27 28 30 31 33 34 35 36 37 38 39 40 41 42 43 44 45 46 47 48 49 50 50 50 51 52 53 53 54 55 56 57 58 58 59 60 60,42 46 56 56 67 69 93 92 79 101 74 126 85 108 128 122 149 179 171 138 151 142 156 119 193 193 173 185 199 209 34 215 296 302 286 284 313 335 390 371 355 347 371 352 377,1 1 1 1 1 1 1 0.88 0.99 0.92 1 1 0.87 1 0.98 1 1 1 1 1 0.92 1 1 1 1 1 1 1 1 1 0.66 1 1 1 1 1 1 1 1 1 1 1 1 0.98 1,living_flame8 axe_gyre8 plaguebloom8 tether_of_anguish8 steel_flurry8 iron_palms8 | duelists_grace1 grave_call1 pack_leader1 emberseekers1 dark_bargain1 bloodthirst1 plague_bearer1 perennial3 recovery3 fleetfoot2 precision1 vitality4 pyre_burst1 expanse4
161,40632,arcanist,rime_rod,time_slip,1,lamplings,none,1,1,31.22,1,44.62,lampling_sapper,25,42046,59,66,1.48,0.000,0.294,43628,73.0,0.000,3,3,restless_hands duelists_grace,firepot:4548 blast:2110 Lampling Tunneler:1569 burning ground:257,8 11 14 16 19 20 22 24 26 27 28 30 31 32 33 35 35 37 38 39 39 40 41 42 43 44 45 46 47 47 48 48 49 50 51 52 53 53 54 55 56 57 58 59,44 47 55 56 75 83 91 96 95 95 104 121 129 122 145 159 160 134 129 162 229 206 217 210 185 222 201 207 234 176 39 217 310 308 252 245 184 343 260 329 362 378 386 357,1 1 1 1 1 1 1 0.9 1 0.84 1 1 0.99 0.78 1 0.88 1 1 1 1 0.89 0.72 1 1 0.87 1 1 1 1 1 0.82 1 0.85 1 1 0.89 0.8 1 1 1 0.87 1 1 0.65,glacier_spear8 temple_breaker8 thousand_cuts8 soul_siphon8 fallen_star8 great_herd8 | restless_hands2 butchers_mark1 pyre_burst1 kindling1 duelists_grace1 blood_scent1 velocity3 evasion1 recovery1 expanse2 serration4 perennial4 dread_command1
162,1040,arcanist,apprentice_wand,blink,1,kerchiefs,none,1,1,30.99,0,45.00,,0,24356,66,73,1.62,0.056,0.653,45524,59.3,0.000,3,2,momentum momentum,firepot:4286 Kerchief Bruiser:1356 Kerchief Footpad:1020 burning ground:775,10 15 20 23 26 28 30 32 32 34 35 36 37 39 39 40 41 42 42 43 44 45 45 46 46 47 49 51 52 53 54 55 57 58 59 60 61 61 62 63 63 64 65 66 66,35 47 51 59 64 78 89 95 102 109 116 112 121 128 141 145 161 169 170 183 189 207 207 207 224 238 179 241 223 234 53 191 291 294 289 319 316 335 334 330 344 359 351 368 386,1 1 1 1 0.96 1 1 1 0.85 1 1 1 1 1 1 0.82 1 1 1 1 1 1 1 1 1 1 1 1 0.98 1 0.85 1 1 1 1 1 1 0.65 1 1 1 1 1 0.94 1,seeking_motes8 tether_of_anguish8 deepwinter8 arcweb8 moonfall8 sunbreak8 | momentum3 grave_call2 deep_chill1 fracture1 soul_harvest1 greed5 might4 recovery4 ironhide1 haste5 wisdom2
163,8959,arcanist,ember_staff,blink,1,kerchiefs,none,1,1,31.01,1,41.70,bruiser,22,35693,74,82,1.97,0.000,0.028,45524,60.5,0.000,3,2,arcane_overflow arcane_overflow,firepot:3158 Kerchief Footpad:864 burning ground:748 Kerchief Bruiser:494,11 14 20 22 26 29 29 32 34 36 37 39 40 42 43 45 46 48 50 51 53 54 55 57 58 59 60 62 63 64 64 66 67 68 69 70 71 72 72 73 74,39 43 49 66 60 73 56 83 83 85 98 101 116 116 114 165 138 132 86 134 187 138 207 157 231 178 227 190 184 173 40 218 284 246 285 310 328 316 337 348 387,1 1 1 1 1 1 1 1 1 1 1 1 0.94 1 1 1 1 1 0.88 1 1 0.83 1 1 1 1 0.99 1 1 0.98 0.78 1 1 1 1 1 1 0.95 0.8 1 1,living_flame8 lunar_brand8 temple_breaker8 umbral_bolt8 grave_tether8 plaguebloom8 | arcane_overflow3 kindling1 grave_call1 emberseekers1 soul_harvest1 dark_bargain1 perennial5 ferocity4 searing4 fortune4 sanctify1 evasion4 fleetfoot5
164,16878,arcanist,rime_rod,blink,1,kerchiefs,none,1,1,30.58,0,45.00,,0,40872,77,85,1.89,0.481,0.481,45524,34.7,0.000,0,3,stormborn spirit_companion,firepot:5834 burning ground:1257 Kerchief Footpad:439 Kerchief Enforcer:434,10 14 17 21 24 27 29 31 33 34 36 37 38 39 41 43 44 45 46 48 49 51 52 53 54 56 57 58 60 61 61 63 64 65 66 68 69 70 71 73 74 75 76 77 77,40 48 49 52 67 79 85 92 89 90 115 113 125 143 153 139 174 171 174 134 195 160 136 134 152 155 220 237 260 157 243 210 233 275 249 226 324 210 307 272 285 367 356 361 378,1 1 1 1 1 1 1 1 1 0.95 1 1 0.94 0.94 1 1 1 1 1 1 0.98 1 0.94 1 1 1 1 1 1 1 1 1 1 1 1 1 0.88 1 1 0.98 1 1 1 1 1,glacier_spear8 circle_of_dawn8 tether_of_anguish8 moonfall8 thunder_palm8 fallen_star8 | stormborn1 consecration1 grave_call1 storm_caller1 soul_harvest1 pack_leader1 spirit_companion1 velocity3 greed5 vitality5 expanse5 fracture1 haste5 recovery4 sanctify1
165,24797,arcanist,apprentice_wand,time_slip,1,kerchiefs,none,1,0,,0,45.00,,0,14673,55,62,1.38,0.228,0.228,45524,900.0,0.666,1,2,restless_hands restless_hands,firepot:3007 Kerchief Footpad:790 Kerchief Bruiser:656 burning ground:341,9 13 17 20 22 24 26 27 30 32 33 34 36 37 38 39 40 41 42 43 43 44 45 45 46 47 48 48 49 49 50 51 51 52 52 52 53 53 54 54 54 54 55 55 55,42 41 52 60 65 72 85 94 95 105 121 127 129 138 143 170 174 165 173 191 214 208 202 220 244 221 281 275 245 276 92 108 116 126 151 133 148 159 163 163 162 169 163 162 161,1 1 1 1 1 1 1 1 0.94 1 1 1 1 1 1 1 1 1 0.96 1 1 1 0.98 1 1 1 1 1 1 1 0.8 0.82 0.91 1 1 1 1 1 1 0.83 1 1 1 1 1,seeking_motes8 great_herd8 tether_of_anguish8 pyre_of_faith8 umbral_bolt8 circle_of_dawn8 | restless_hands3 pack_leader1 soul_harvest1 dread_command1 sanctify1 vitality3 searing4 perennial1 wisdom3 grave_call1
166,32716,arcanist,ember_staff,time_slip,1,kerchiefs,none,1,1,30.65,1,36.08,enforcer,18,31850,72,80,2.22,0.000,0.049,45524,38.9,0.000,2,2,ember_tithe momentum,firepot:4525 burning ground:944 Kerchief Enforcer:607 Kerchief Bruiser:67,12 17 21 25 27 30 32 34 36 37 39 41 42 43 45 47 48 49 51 52 54 55 56 58 59 60 61 63 64 65 66 67 69 70 71 72,40 48 53 66 60 100 95 107 101 97 143 112 126 165 126 160 160 168 153 152 183 123 182 249 188 197 167 232 178 248 228 224 281 293 335 327,1 1 1 1 0.94 0.68 0.93 1 1 1 1 0.87 1 1 1 1 1 1 1 0.82 1 0.86 0.72 1 0.86 1 1 1 1 1 0.94 1 1 0.92 0.96 1,living_flame8 mote_cascade8 reaving_arc8 strangleroot8 temple_breaker8 sunlance8 | ember_tithe1 pyre_burst1 emberseekers1 plague_bearer1 kindling1 grave_call1 perennial5 momentum1 serration4 duplicity3 searing4 evasion4 sanctify1 chilling3 pack_leader1
167,40635,arcanist,rime_rod,time_slip,1,kerchiefs,none,1,1,30.66,1,42.21,enforcer,23,27565,65,72,1.71,0.000,0.527,45524,39.5,0.000,1,2,hunters_mark stormborn,firepot:4439 Kerchief Footpad:1051 burning ground:925 Kerchief Bruiser:792,9 15 18 21 24 26 28 29 31 33 34 36 37 38 40 41 43 44 45 47 47 49 50 52 53 54 55 56 57 58 59 60 61 61 62 63 63 64 64 64 65 65,37 48 54 57 63 78 85 93 88 104 119 135 132 118 187 165 148 186 192 153 197 199 206 213 232 215 234 245 270 271 294 267 282 310 320 303 322 324 326 337 339 354,1 1 1 1 0.88 1 1 1 1 1 0.98 1 0.92 1 1 1 1 1 0.99 1 1 1 1 1 1 0.84 1 1 1 1 0.83 0.82 1 1 1 1 1 0.81 1 0.61 1 0.91,glacier_spear8 sunbreak8 sunlance8 iron_palms8 rend_and_mend8 aegis_wheel8 | hunters_mark3 sanctify1 deep_chill1 plague_bearer1 stormborn1 velocity3 ferocity3 might3 recovery4 vitality5 searing3 soul_harvest1
168,1062,arcanist,apprentice_wand,blink,2,pack,none,4,1,30.69,0,45.00,,0,30941,68,75,1.67,0.308,0.700,75792,41.3,0.000,1,2,iron_vow hunters_mark,Thicket Tusker:1413 Longtooth Wolf:1321 Greymuzzle:1303 blast:1034,10 14 17 22 24 27 30 30 32 34 35 37 38 39 40 41 43 44 46 47 49 50 52 53 54 56 57 58 59 61 61 62 64 65 66 66 66 67 67 67 67 68 68 68 68,43 46 57 70 77 89 94 102 110 110 129 139 140 154 172 179 148 160 197 104 104 109 134 121 132 178 146 138 236 114 220 206 197 214 341 332 337 353 419 361 380 385 387 414 419,1 1 1 1 1 1 1 1 1 1 1 1 1 1 1 1 1 1 1 1 1 1 1 1 1 1 1 1 1 1 1 0.96 1 1 1 1 1 0.91 0.94 1 0.95 0.95 1 1 1,seeking_motes8 volley8 steel_flurry8 tether_of_anguish8 lunar_brand8 verdant_gaze8 | iron_vow2 blood_scent1 grave_call2 pack_leader1 plague_bearer1 hunters_mark1 fortune4 vitality5 greed5 recovery4 fleetfoot5 evasion2
169,8981,arcanist,ember_staff,blink,2,pack,none,4,0,,1,30.38,wolf_alpha,16,27005,60,67,2.21,0.000,0.000,75792,23.0,0.073,3,2,iron_vow cinderwake,Greymuzzle:777 blast:143 Thicket Tusker:126 Blight-Sick Wolf:13,13 19 23 26 28 30 33 35 37 38 39 41 41 43 45 46 48 49 50 51 52 54 54 56 57 57 58 60 60 60,36 39 56 51 52 70 82 62 61 62 97 125 74 85 77 105 96 93 97 129 135 98 111 119 99 69 118 113 121 148,1 1 1 1 1 1 1 1 1 1 1 1 1 1 1 1 1 1 1 1 1 1 1 1 1 1 1 1 1 1,fallen_star8 soul_siphon8 tempest_coil8 harrowing8 plaguebloom8 moonfall8 | iron_vow1 emberseekers1 storm_caller1 kindling1 soul_harvest1 plague_bearer1 cinderwake1 expanse3 recovery3 velocity3 haste1 static_charge1 might1 perennial3
170,16900,arcanist,rime_rod,blink,2,pack,none,4,1,30.79,0,45.00,,0,47093,82,90,2,0.213,0.480,75792,47.5,0.000,3,3,stormborn momentum,blast:3694 Longtooth Wolf:2697 Thicket Tusker:1915 Blight-Sick Wolf:727,9 18 22 25 28 30 32 34 36 38 39 42 43 45 46 47 49 50 52 52 54 55 56 57 59 60 61 62 63 64 65 66 67 68 70 71 72 73 74 76 77 78 79 81 82,46 54 53 55 74 79 94 95 106 100 127 97 141 107 108 109 130 101 84 86 113 104 109 101 127 124 104 128 141 124 132 132 161 173 142 179 216 219 216 208 323 323 329 388 383,0.99 0.99 0.97 0.96 0.98 1 0.77 1 1 0.78 0.96 1 0.89 0.98 0.89 1 1 1 1 1 1 1 1 1 1 1 1 1 1 1 1 1 1 1 1 0.92 1 1 1 1 0.7 1 0.78 1 1,glacier_spear8 living_flame8 verdant_gaze8 starseeker8 plaguebloom8 wild_hunt8 | stormborn1 plague_bearer1 pyre_burst1 deep_chill1 dark_bargain1 shatter1 fleetfoot5 momentum2 vitality5 velocity3 precision5 evasion4 pack_leader1 perennial5
171,24819,arcanist,apprentice_wand,time_slip,2,pack,none,4,1,30.59,0,45.00,,0,37548,73,81,1.8,0.238,0.238,75792,35.6,0.000,1,2,bloodthirst iron_vow,blast:1164 Thicket Tusker:1121 Greymuzzle:973 Longtooth Wolf:151,10 17 20 23 27 29 31 33 34 36 38 39 41 42 43 45 46 48 48 50 51 52 54 55 56 57 58 59 60 62 62 63 64 66 67 67 68 69 70 70 71 71 71 72 73,51 48 60 70 72 82 102 127 100 96 134 138 106 153 170 167 183 173 180 217 170 167 195 181 146 167 271 282 201 277 332 283 306 342 313 349 376 367 366 390 405 406 417 404 412,1 1 1 1 1 1 1 1 1 1 1 1 1 0.98 1 1 1 1 1 1 1 1 1 1 1 1 1 1 1 1 1 1 1 1 1 1 1 1 1 1 1 1 1 1 1,mote_cascade8 thunder_palm8 aegis_wheel8 verdant_gaze8 reavers_wheel8 skybreak8 | bloodthirst2 soul_harvest1 grave_call1 static_charge1 plague_bearer1 iron_vow1 haste5 evasion4 vitality5 serration4 duplicity3 precision5 blood_scent1 pack_leader1
172,32738,arcanist,ember_staff,time_slip,2,pack,none,4,0,,1,30.22,wolf_alpha,16,26580,63,70,2.32,0.000,0.000,75792,13.4,0.285,3,2,hunters_mark glass_cannon,Greymuzzle:815 blast:390 Thicket Tusker:233 Longtooth Wolf:127,11 17 24 28 30 33 35 37 39 41 43 44 46 47 49 50 51 53 54 54 56 56 57 57 57 57 60 61 63 63,56 57 39 43 40 64 80 76 78 53 77 138 84 71 112 98 99 150 70 58 64 70 96 59 78 107 90 155 84 101,1 1 0.95 1 1 1 1 1 1 1 1 1 1 1 1 1 1 1 1 1 1 1 1 1 1 1 1 1 1 1,living_flame8 soul_siphon8 mote_cascade8 plaguebloom8 tether_of_anguish8 tempest_coil8 | hunters_mark2 dark_bargain3 plague_bearer1 perennial5 recovery2 glass_cannon1 duplicity2 expanse3 kindling1 wisdom3 thorns1
173,40657,arcanist,rime_rod,time_slip,2,pack,none,4,1,30.90,0,45.00,,0,46220,79,87,1.93,0.714,0.840,75792,53.7,0.000,0,3,duelists_grace cinderwake,blast:1467 Thicket Tusker:673 Longtooth Wolf:381 Blight-Sick Wolf:73,8 15 21 24 27 30 31 33 35 37 38 40 41 43 44 46 47 48 50 51 51 53 54 55 57 58 59 60 61 62 63 64 65 66 67 68 70 71 72 73 74 76 77 78 79,50 50 60 49 75 83 103 79 82 114 131 86 86 105 108 123 180 110 119 155 174 146 180 130 167 173 156 175 179 174 125 151 171 178 187 216 208 303 309 280 346 255 393 359 392,1 1 1 1 1 1 1 1 1 1 1 1 1 1 1 1 1 1 1 1 1 1 1 1 1 1 1 0.95 1 1 1 1 1 1 1 1 1 1 1 1 1 1 1 0.85 1,glacier_spear8 razorgale8 arrowfall8 thousand_cuts8 tether_of_anguish8 blightfield8 | duelists_grace1 blood_scent1 plague_bearer1 deep_chill1 shatter1 soul_harvest1 serration4 cinderwake1 greed5 ironhide5 recovery4 velocity3 expanse5 grave_call1 pack_leader1
174,1065,arcanist,apprentice_wand,blink,2,dead,none,4,1,31.61,1,42.58,barrow_knight,25,28847,59,66,1.55,0.000,0.394,61217,96.6,0.000,1,2,cinderwake cinderwake,bolt_bone:2349 frost_orb:928 Barrow Knight:761 Risen Shieldman:654,6 10 14 16 19 20 23 24 25 27 28 29 31 31 33 34 35 36 37 38 39 40 41 42 43 43 45 45 46 47 48 48 49 50 51 52 53 54 55 56 57 58,40 49 57 67 77 87 90 101 114 114 130 147 143 148 159 179 179 183 205 199 216 213 236 231 258 201 260 191 246 296 55 320 289 313 342 333 355 350 377 370 384 396,1 1 1 1 1 1 1 1 1 1 1 1 1 1 1 1 1 1 1 1 0.97 1 1 1 1 0.98 1 0.91 0.9 1 1 1 1 1 1 1 1 1 1 1 1 0.79,seeking_motes8 moonfall8 glacier_spear8 tether_of_anguish8 fallen_star8 arrowfall8 | cinderwake2 shatter1 pyre_burst1 kindling1 emberseekers1 soul_harvest1 expanse2 recovery3 fortune1 velocity2 dark_bargain1 haste1 fleetfoot1
175,8984,arcanist,ember_staff,blink,2,dead,none,4,1,31.58,1,37.41,barrow_knight,21,23221,55,62,1.66,0.000,0.159,61217,95.0,0.000,3,2,iron_vow bloodthirst,Barrow Knight:636 bolt_bone:523 frost_orb:74 Risen Shieldman:38,6 10 13 15 16 19 22 24 25 27 29 30 31 32 34 34 36 36 38 39 40 41 41 42 43 44 45 46 47 48 49 49 50 51 53 54 54,44 48 54 70 73 85 99 110 108 107 128 135 142 151 162 186 179 184 191 204 225 220 237 236 249 249 206 251 250 287 52 313 338 319 331 345 342,1 1 1 1 1 0.96 1 1 1 1 1 1 1 1 1 1 1 1 1 1 1 1 1 1 1 1 1 1 1 1 0.82 1 1 1 1 1 1,living_flame8 arcweb8 glacier_spear8 arrowfall8 wild_hunt8 gyrestorm8 | iron_vow1 soul_harvest1 deep_chill1 static_charge1 fracture1 bloodthirst1 dread_command1 wisdom2 velocity2 fleetfoot1 ferocity1 vitality1 perennial2 pyre_burst1
176,16903,arcanist,rime_rod,blink,2,dead,none,4,1,31.44,0,45.00,,0,29133,66,73,1.62,0.254,0.540,61217,86.1,0.000,2,2,ember_tithe stormborn,bolt_bone:3794 frost_orb:537 Barrow Knight:429 Risen Shieldman:56,8 12 15 18 20 23 25 27 29 30 32 33 35 36 37 38 39 40 41 42 43 45 46 47 48 49 50 52 53 54 54 55 56 57 58 59 60 61 61 63 63 64 65 66 66,44 49 56 67 74 85 93 100 112 121 127 151 144 146 180 179 184 180 199 216 212 214 241 236 241 274 260 273 278 287 57 305 322 314 343 366 354 327 347 369 393 380 430 382 389,1 1 1 0.92 1 0.93 0.97 0.95 0.9 1 1 0.94 1 0.75 1 1 1 1 1 0.86 1 1 1 1 1 1 1 1 1 1 1 1 1 1 1 1 1 1 1 1 1 1 1 1 1,rimeshard8 temple_breaker8 aegis_wheel8 thousand_cuts8 reavers_wheel8 soul_siphon8 | ember_tithe2 dark_bargain1 deep_chill1 fracture1 stormborn1 shatter1 evasion2 ironhide5 serration4 ferocity4 soul_harvest1 fortune4 recovery4
177,24822,arcanist,apprentice_wand,time_slip,2,dead,none,4,0,,1,21.45,barrow_knight,12,10083,40,46,2.14,0.000,0.000,0,0.0,,3,1,bloodthirst iron_vow,bolt_bone:928 Barrow Knight:767 frost_orb:223 Risen Shieldman:135,5 8 15 15 16 21 23 26 27 29 30 31 32 33 34 35 36 37 38 39 40,41 49 58 63 73 85 110 105 109 111 127 137 153 153 184 175 181 190 201 209 210,1 1 1 0.96 0.97 1 1 0.97 1 1 1 1 1 1 1 1 1 1 0.92 1 1,seeking_motes8 volley8 arcweb8 umbral_bolt8 verdant_lance7 cinderfall7 | bloodthirst3 dark_bargain1 plague_bearer1 iron_vow1 kindling1
178,32741,arcanist,ember_staff,time_slip,2,dead,none,4,0,,1,20.76,barrow_knight,12,9923,40,46,2.22,0.000,0.000,0,0.0,,3,1,cinderwake momentum,bolt_bone:778 Barrow Knight:528 Risen Shieldman:37 frost_orb:31,5 10 12 15 17 19 21 23 25 26 27 29 31 32 33 34 36 37 38 39,48 55 55 66 77 78 100 109 112 138 127 148 153 163 154 211 174 215 200 195,1 1 1 1 1 0.94 0.95 1 0.89 0.93 1 1 1 0.88 0.97 0.95 1 0.94 1 1,cinderfall8 gale_chakram7 knifestorm8 dawnpulse7 axe_gyre6 blightfield8 | cinderwake1 pyre_burst1 blood_scent1 sanctify1 consecration1 momentum1 butchers_mark1
179,40660,arcanist,rime_rod,time_slip,2,dead,none,4,0,,1,20.75,barrow_knight,12,6486,35,40,1.93,0.000,0.000,0,0.0,,3,1,arcane_overflow arcane_overflow,bolt_bone:2113 Barrow Knight:804 frost_orb:503 Risen Shieldman:66,3 8 11 13 15 17 19 19 21 22 23 24 26 27 28 30 30 31 33 34,48 46 54 65 76 87 93 99 112 115 125 133 157 146 157 165 181 199 194 207,1 1 1 1 0.97 1 1 1 1 1 0.81 1 1 1 1 1 1 0.92 0.97 0.87,rimeshard8 grave_tether5 axe_gyre8 verdant_lance7 reaving_arc8 iron_palms5 | arcane_overflow2 shatter1 grave_call2 dread_command1
180,1068,arcanist,apprentice_wand,blink,2,lamplings,none,4,1,30.61,0,45.00,,0,47716,65,72,1.6,0.398,0.434,67047,36.6,0.000,0,4,glass_cannon stormborn,firepot:6356 blast:2180 Lampling Tunneler:464 burning ground:376,9 14 17 20 22 25 27 28 30 31 32 34 35 36 37 38 39 40 41 42 43 44 45 46 47 48 49 50 50 51 52 53 54 55 55 56 57 58 59 60 61 62 63 64 65,44 55 56 64 64 87 78 100 92 101 107 79 102 134 99 109 157 132 203 201 144 164 166 149 141 187 116 126 168 127 128 167 180 142 153 146 242 199 175 176 407 267 212 208 376,1 1 1 1 1 0.92 1 1 1 0.92 1 0.87 1 1 0.73 1 1 1 1 0.95 1 1 0.9 1 1 1 1 1 1 0.95 1 1 1 1 1 1 1 0.84 1 1 1 1 1 1 1,seeking_motes8 rend_and_mend8 volley8 great_herd8 tether_of_anguish8 deepwinter8 | glass_cannon1 soul_harvest1 deep_chill1 shatter1 grave_call1 stormborn1 fracture1 haste4 greed4 vitality5 perennial5 chilling3 pack_leader1 recovery4
181,8987,arcanist,ember_staff,blink,2,lamplings,none,4,0,,1,30.28,grimtunnel_roused,16,26870,52,58,1.92,0.000,0.000,67047,16.8,0.278,1,2,glass_cannon duelists_grace,firepot:1794 blast:956 burning ground:165 Lampling Tunneler:116,8 15 17 20 23 25 27 29 30 32 33 34 35 37 38 39 39 41 41 43 44 44 46 47 47 48 49 50 51 52,46 51 54 59 60 67 57 65 71 62 66 88 82 84 94 118 120 104 109 91 119 102 113 94 112 133 136 104 144 131,1 1 1 1 1 0.91 1 0.84 1 1 1 0.76 1 1 1 0.8 1 1 1 1 0.73 1 1 1 0.74 1 0.89 1 1 1,cinderfall8 aegis_wheel8 moonfall8 grave_tether8 seeking_motes8 gyrestorm8 | glass_cannon2 pyre_burst1 emberseekers1 kindling1 duelists_grace2 vitality1 greed2 ferocity1 fleetfoot1 wisdom1
182,16906,arcanist,rime_rod,blink,2,lamplings,none,4,1,31.49,0,45.00,,0,46160,64,71,1.58,0.122,0.352,67047,89.4,0.000,3,4,restless_hands hunters_mark,firepot:6362 blast:2312 Lampling Tunneler:1267 burning ground:375,7 13 16 19 22 23 25 27 29 30 32 33 34 35 36 37 39 40 40 41 43 44 45 46 47 47 48 49 50 51 51 52 53 54 55 55 57 58 59 60 61 62 63 63 64,39 55 62 59 76 86 101 106 82 105 132 121 131 155 153 136 193 153 145 146 127 149 168 150 158 246 165 121 130 139 33 166 134 168 152 199 196 258 178 186 282 337 167 248 292,1 1 1 1 1 0.95 1 1 0.92 0.91 1 0.91 0.73 1 0.82 0.91 1 0.95 1 1 0.82 1 1 1 1 1 0.87 1 1 1 0.98 0.9 1 1 1 0.8 0.76 1 1 0.56 1 1 1 1 0.95,glacier_spear8 moonfall8 steel_flurry8 seeking_motes8 gale_chakram8 soul_siphon8 | restless_hands1 shatter1 grave_call2 blood_scent1 dread_command1 hunters_mark1 pack_leader1 recovery4 velocity2 expanse5 fleetfoot1 perennial4 might4
183,24825,arcanist,apprentice_wand,time_slip,2,lamplings,none,4,1,30.65,0,45.00,,0,46724,64,71,1.58,0.353,0.353,67047,38.7,0.000,0,4,duelists_grace stormborn,firepot:4468 blast:2459 Lampling Tunneler:888 burning ground:238,8 12 16 19 20 23 26 28 29 30 31 33 34 36 36 38 39 40 41 42 43 44 45 46 46 48 48 49 50 51 52 52 54 54 55 56 57 58 59 60 61 62 63 64 64,45 54 57 66 71 86 95 89 77 67 123 100 134 134 127 138 108 133 146 183 199 237 174 239 225 165 226 228 121 169 191 153 180 187 162 260 263 300 289 277 386 288 264 415 284,1 1 1 1 1 0.96 0.87 0.89 0.87 1 1 1 1 1 1 1 1 1 0.99 1 1 1 1 1 1 0.69 1 1 1 1 1 1 1 1 0.89 1 1 1 0.86 0.86 1 1 0.91 1 1,mote_cascade8 tempest_coil8 arrowfall8 deathcoil8 sanctified_earth8 glacier_spear8 | duelists_grace1 static_charge1 consecration1 sanctify1 deep_chill1 stormborn2 grave_call1 velocity3 fleetfoot1 ironhide4 haste5 duplicity2 expanse3
184,32744,arcanist,ember_staff,time_slip,2,lamplings,none,4,1,30.46,0,45.00,,0,45700,65,72,1.6,0.191,0.345,67047,27.4,0.000,3,3,iron_vow arcane_overflow,firepot:4411 Lampling Tunneler:1679 blast:1500 Lampling Sapper:290,8 13 15 18 20 22 25 27 29 30 32 33 34 35 36 38 39 39 41 42 43 44 45 46 47 48 49 50 51 52 53 54 55 56 57 58 59 60 61 61 61 62 63 64 65,43 44 69 60 60 77 98 98 95 94 122 107 147 104 131 178 171 177 180 152 173 234 215 129 180 165 201 175 170 181 173 174 197 147 160 287 265 345 327 311 362 387 408 418 427,1 1 1 1 1 1 1 0.97 1 1 1 1 1 0.94 0.95 1 1 0.96 1 1 1 1 1 1 1 0.84 1 1 1 0.89 1 1 1 1 1 0.91 1 0.89 1 1 1 1 1 1 1,living_flame8 arcweb8 steel_flurry8 ruin_bolt8 tether_of_anguish8 razorgale8 | iron_vow1 emberseekers1 butchers_mark1 kindling1 static_charge1 arcane_overflow1 dark_bargain1 might2 ferocity2 perennial5 recovery3 fleetfoot5 serration4 storm_caller1
185,40663,arcanist,rime_rod,time_slip,2,lamplings,none,4,1,31.07,0,45.00,,0,46435,64,71,1.58,0.580,0.591,67047,63.9,0.000,0,4,duelists_grace hunters_mark,firepot:4141 blast:2086 Lampling Tunneler:636 burning ground:422,8 11 15 17 19 22 23 26 28 29 31 32 33 35 36 37 38 39 40 41 42 43 44 45 46 47 48 49 50 51 51 52 53 54 55 56 57 57 59 59 60 61 62 63 64,43 63 59 72 78 76 93 86 109 116 107 147 140 97 117 147 184 174 170 212 173 161 161 178 211 227 172 179 220 159 27 181 195 173 230 206 216 325 337 311 259 324 387 258 187,1 1 0.98 0.95 1 0.76 0.92 0.73 1 1 1 1 1 1 0.94 1 1 1 1 1 1 0.88 1 1 1 1 1 1 1 1 1 1 1 1 1 1 1 0.86 1 0.91 1 0.92 1 0.99 1,glacier_spear8 fallen_star8 sunbreak8 hailwheel8 grave_tether8 ruin_bolt8 | duelists_grace1 pyre_burst1 kindling1 shatter1 soul_harvest1 hunters_mark2 velocity3 might5 chilling3 expanse4 vitality5 ironhide4 sanctify1
186,1071,arcanist,apprentice_wand,blink,2,kerchiefs,none,4,1,31.31,1,37.87,bruiser,22,30837,72,80,2.11,0.000,0.202,69962,78.3,0.000,2,2,cinderwake cinderwake,firepot:3388 Kerchief Footpad:1522 Kerchief Bruiser:901 burning ground:772,10 17 21 24 27 30 32 33 36 37 39 40 41 43 44 46 46 47 49 50 51 53 54 54 56 58 59 60 62 63 64 65 66 67 69 70 70,39 55 57 67 75 97 72 98 104 125 131 137 141 164 163 150 181 157 167 172 228 219 146 169 229 281 225 195 225 196 40 173 294 326 246 352 349,1 1 1 1 1 1 1 1 0.9 1 1 1 1 1 1 1 1 1 1 1 1 1 1 1 1 1 1 0.88 1 1 0.85 1 0.99 1 1 0.78 1,seeking_motes8 moonfall8 living_flame8 verdant_gaze8 tether_of_anguish8 great_herd8 | cinderwake3 soul_harvest1 pack_leader1 pyre_burst1 kindling1 emberseekers1 perennial5 recovery4 velocity3 might3 greed5 expanse4 grave_call1
187,8990,arcanist,ember_staff,blink,2,kerchiefs,none,4,1,30.60,1,35.74,enforcer,20,32753,73,81,2.27,0.000,0.194,69962,35.8,0.000,3,2,momentum iron_vow,firepot:2338 burning ground:651 Kerchief Enforcer:305 Kerchief Bruiser:54,12 18 22 26 29 31 33 34 37 38 41 42 44 45 46 48 50 51 52 53 55 55 57 58 60 61 62 64 65 66 66 68 69 70 72,35 50 58 70 73 93 96 85 102 84 119 128 109 109 165 110 132 179 115 120 161 164 235 135 173 180 209 193 256 138 203 208 198 238 227,1 1 1 1 0.93 1 0.92 0.9 1 0.91 1 0.98 1 0.82 1 1 1 1 0.98 1 1 1 1 1 1 1 1 1 0.31 0.97 1 0.9 1 1 1,living_flame8 gyrestorm8 skybreak8 sunbreak8 razorgale8 starseeker8 | momentum1 sanctify1 static_charge1 consecration1 pyre_burst1 soul_harvest1 ferocity4 serration4 perennial5 iron_vow1 precision5 might5 warding3 grave_call1 emberseekers1
188,16909,arcanist,rime_rod,blink,2,kerchiefs,none,4,0,,1,30.15,enforcer,16,25363,62,69,2.29,0.000,0.000,69962,9.2,0.880,2,2,glass_cannon glass_cannon,firepot:2456 burning ground:436 Kerchief Footpad:219 Kerchief Enforcer:184,8 14 18 24 26 30 32 34 36 38 40 41 43 45 45 47 49 51 52 54 55 57 57 57 58 60 60 61 61 62,39 49 56 69 57 93 102 84 105 107 127 136 141 155 109 142 141 180 148 102 154 101 86 84 94 78 109 77 100 153,1 1 1 0.94 0.91 1 0.87 0.97 1 1 1 0.98 0.98 0.84 0.87 0.77 1 0.73 1 1 0.65 0.75 1 1 1 1 1 1 1 0.62,glacier_spear8 arrowfall8 circle_of_dawn8 living_flame8 gale_chakram8 tether_of_anguish8 | glass_cannon2 deep_chill1 shatter1 fracture1 consecration1 sanctify1 recovery1 velocity2 emberseekers1 evasion1 perennial1 precision2 haste2
189,24828,arcanist,apprentice_wand,time_slip,2,kerchiefs,none,4,1,30.35,1,36.47,enforcer,20,33970,71,79,2.17,0.000,0.382,69962,20.9,0.000,3,2,glass_cannon cinderwake,firepot:1573 burning ground:687 Kerchief Bruiser:394 Kerchief Enforcer:153,13 17 22 22 28 28 32 34 36 38 39 39 41 42 44 45 47 49 49 50 51 51 53 54 56 57 59 60 62 63 64 65 67 68 69 70,52 54 57 46 60 67 63 104 110 87 115 100 121 150 91 138 149 163 114 142 169 133 146 127 143 249 133 237 213 173 237 236 257 296 201 336,1 1 1 1 1 1 1 1 1 1 0.96 1 1 0.81 1 1 1 0.99 1 1 1 1 1 1 1 1 1 1 0.96 1 1 0.97 1 1 1 1,starseeker8 tether_of_anguish8 moonfall8 predators_volley8 blightfield8 thornbloom8 | glass_cannon2 plague_bearer1 soul_harvest1 pack_leader1 grave_call3 cinderwake1 haste4 precision5 greed3 ironhide3 recovery4 velocity3
190,32747,arcanist,ember_staff,time_slip,2,kerchiefs,none,4,1,30.81,1,44.86,footpad,27,38131,81,89,1.98,0.000,0.222,69962,48.7,0.000,3,3,arcane_overflow stormborn,firepot:5335 Kerchief Enforcer:2159 Kerchief Bruiser:1088 burning ground:885,10 15 20 23 27 29 31 33 35 36 38 40 41 43 45 46 48 49 51 52 54 56 57 59 60 61 63 64 66 67 67 68 69 70 72 72 74 75 76 76 78 79 80 80,52 48 52 75 86 82 94 99 108 139 127 143 147 150 172 184 162 136 192 134 196 215 183 157 240 252 247 273 152 218 218 263 313 269 268 339 308 367 343 330 398 388 412 397,1 1 1 1 1 1 1 1 1 1 0.96 0.92 1 1 1 0.89 1 1 1 1 1 1 1 1 1 1 1 1 1 1 1 1 1 1 1 1 1 1 1 1 1 1 1 1,living_flame8 tether_of_anguish8 steel_flurry8 tempest_coil8 circle_of_dawn8 rend_and_mend8 | arcane_overflow2 pyre_burst1 blood_scent1 consecration1 sanctify1 dark_bargain1 stormborn1 recovery4 perennial5 haste5 fleetfoot5 emberseekers1 expanse5 vitality5
191,40666,arcanist,rime_rod,time_slip,2,kerchiefs,none,4,1,30.95,0,45.00,,0,41269,85,93,2.07,0.131,0.642,69962,57.1,0.000,2,3,cinderwake ember_tithe,firepot:2996 burning ground:996 Kerchief Enforcer:364 Kerchief Bruiser:165,10 15 21 23 27 29 32 34 36 38 40 41 42 44 45 47 49 50 52 54 55 57 58 60 61 62 64 65 67 68 69 70 71 72 74 75 76 78 79 80 82 83 83 84 85,50 44 58 61 77 87 99 126 88 123 154 132 155 143 135 177 168 179 130 169 210 182 226 193 165 184 183 201 189 171 77 251 310 313 347 324 370 368 339 394 385 412 406 398 396,1 1 1 1 1 1 1 0.98 1 1 0.93 1 1 0.9 1 1 1 0.98 1 1 1 1 1 1 1 1 1 1 1 1 0.94 0.98 1 1 1 1 0.9 0.99 1 0.97 1 1 0.84 1 0.77,glacier_spear8 living_flame8 mote_cascade8 blighted_earth8 iron_palms8 sanctified_earth8 | cinderwake1 pyre_burst1 emberseekers1 grave_call2 sanctify1 soul_harvest1 ember_tithe1 chilling3 duplicity3 thorns5 velocity3 perennial5 ironhide5 plague_bearer1
192,1093,arcanist,apprentice_wand,blink,3,pack,none,7,1,31.30,0,45.00,,0,37448,80,88,1.96,0.247,0.247,109671,78.0,0.000,1,2,momentum momentum,Thicket Tusker:2170 Longtooth Wolf:1952 blast:1643 Blight-Sick Wolf:888,8 18 24 26 30 33 34 37 38 40 42 42 44 45 47 48 50 51 53 54 55 57 58 59 61 62 64 65 67 68 69 69 71 72 73 74 75 76 77 77 78 79 79 80 80,47 59 69 64 58 95 79 83 124 111 149 157 164 168 169 192 123 100 112 106 241 173 172 183 120 138 138 192 187 182 50 239 216 354 381 336 390 410 397 398 395 405 386 398 428,1 1 1 1 1 1 1 1 1 1 1 1 0.98 1 0.94 1 0.98 1 1 1 1 1 1 1 1 1 1 1 1 1 1 1 1 1 1 0.93 1 0.91 1 1 1 1 1 0.94 1,starseeker8 tether_of_anguish8 skybreak8 moonfall8 reckoning8 soul_siphon8 | momentum3 static_charge1 grave_call3 precision5 wisdom4 velocity3 ironhide5 soul_harvest1 recovery4 expanse5 pack_leader1
193,9012,arcanist,ember_staff,blink,3,pack,none,7,1,30.63,0,45.00,,0,44583,81,89,1.98,0.320,0.320,109671,37.8,0.000,1,3,momentum restless_hands,Greymuzzle:1663 Thicket Tusker:1297 blast:1228 Longtooth Wolf:671,7 15 24 28 30 33 35 37 39 40 42 44 45 47 47 49 51 52 53 55 56 57 58 59 60 62 63 64 65 66 67 68 69 70 72 73 74 75 76 78 79 79 80 81 81,40 58 58 50 81 94 66 89 67 83 98 94 103 87 79 108 100 97 94 89 114 104 132 103 129 165 145 126 137 134 217 170 166 197 197 184 206 286 313 194 412 387 347 387 386,1 1 0.94 1 1 0.9 1 1 1 1 0.87 1 1 1 1 1 1 1 1 1 1 1 1 1 1 1 1 1 1 0.98 1 1 1 1 1 1 1 1 1 0.95 1 1 0.99 1 1,living_flame8 circle_of_dawn8 verdant_lance8 great_herd8 sanctified_earth8 starseeker8 | momentum1 sanctify1 consecration1 plague_bearer1 pyre_burst1 grave_call2 ironhide5 perennial5 restless_hands2 precision5 vitality5 thorns5 recovery4
194,16931,arcanist,rime_rod,blink,3,pack,none,7,1,31.30,0,45.00,,0,39708,78,86,1.91,0.502,0.502,109671,78.0,0.000,0,2,spirit_companion momentum,Thicket Tusker:1345 Longtooth Wolf:1204 blast:1012 Blight-Sick Wolf:243,3 16 23 27 30 32 34 36 38 39 41 43 44 46 47 49 50 52 53 54 55 56 58 59 60 61 63 64 65 66 66 67 68 69 70 72 73 74 75 76 76 77 78 78 78,44 57 61 59 60 86 99 85 120 91 97 114 105 118 119 113 108 118 105 113 138 133 153 161 190 216 145 178 183 147 31 183 324 248 230 342 391 340 396 393 389 412 391 430 396,0.92 1 0.95 1 0.83 0.95 1 1 0.94 0.95 0.75 1 1 1 1 1 1 1 1 1 1 1 0.98 1 1 1 1 1 1 1 1 1 1 1 1 1 1 1 1 1 1 1 1 1 1,rimeshard8 seeking_motes8 sanctified_earth8 thornbloom8 razorgale8 volley8 | spirit_companion3 deep_chill1 consecration1 sanctify1 ironhide5 momentum1 searing4 serration4 warding3 recovery4 vitality5 soul_harvest1 dark_bargain1
195,24850,arcanist,apprentice_wand,time_slip,3,pack,none,7,1,31.25,1,44.55,wolf,29,38192,82,90,2.02,0.000,0.199,109671,74.8,0.000,3,2,duelists_grace iron_vow,Longtooth Wolf:3292 Thicket Tusker:2529 blast:1751 Blight-Sick Wolf:834,10 14 17 20 26 28 31 33 36 37 39 40 42 44 45 47 48 49 50 52 52 55 56 58 59 61 62 63 65 66 67 68 69 71 72 73 74 76 77 78 79 80 81 81,54 55 65 70 82 96 127 103 121 129 155 150 161 162 192 199 157 224 213 189 243 181 186 266 197 178 186 218 154 257 53 200 253 273 324 350 357 407 374 396 363 403 398 397,0.77 0.68 0.45 1 0.77 1 1 1 1 1 1 0.67 0.84 1 1 1 1 0.87 1 1 1 1 1 1 1 1 0.94 1 1 1 0.71 1 1 1 0.83 1 1 1 0.9 1 1 0.88 1 0.8,mote_cascade8 thornbloom8 moonbrand8 wild_hunt8 verdant_lance8 umbral_bolt8 | duelists_grace1 dark_bargain2 plague_bearer1 pack_leader1 soul_harvest1 grave_call1 iron_vow2 vitality5 duplicity3 haste5 fleetfoot5 perennial5 velocity3
196,32769,arcanist,ember_staff,time_slip,3,pack,none,7,1,30.52,0,45.00,,0,46555,83,91,2.02,0.032,0.571,109671,31.1,0.000,3,3,hunters_mark stormborn,blast:3693 Thicket Tusker:2038 Longtooth Wolf:1598 Greymuzzle:356,10 19 23 26 28 32 33 35 37 39 41 41 44 45 46 48 50 51 52 53 55 56 57 59 60 61 62 63 65 66 66 68 69 70 71 72 74 75 76 77 79 80 81 82 83,55 53 55 71 55 94 81 102 75 105 105 115 128 119 111 103 136 101 206 129 147 202 134 103 144 171 140 151 169 178 242 240 239 269 217 253 252 211 332 326 390 402 418 455 398,1 1 1 1 1 1 1 1 1 1 1 1 1 1 1 0.85 0.97 1 1 1 1 1 1 1 1 1 1 1 1 1 1 1 1 1 1 1 1 1 1 1 0.64 1 0.82 1 1,living_flame8 thousand_cuts8 glacier_spear8 iron_palms8 plaguebloom8 reavers_wheel8 | hunters_mark2 blood_scent1 butchers_mark1 soul_harvest1 plague_bearer1 perennial5 stormborn1 recovery4 serration4 velocity3 might5 emberseekers1 greed5 pyre_burst1
197,40688,arcanist,rime_rod,time_slip,3,pack,none,7,1,30.92,0,45.00,,0,46757,83,91,2.02,0.203,0.530,109671,55.1,0.000,2,3,duelists_grace momentum,blast:2813 Thicket Tusker:1963 Greymuzzle:263 Longtooth Wolf:145,3 13 21 26 27 31 34 36 37 39 40 43 44 46 47 48 50 51 53 54 55 56 58 59 60 61 63 64 65 65 66 67 69 70 71 72 74 75 76 77 78 80 81 82 83,55 53 59 52 76 85 88 98 125 90 143 116 108 107 101 131 151 127 110 98 179 159 130 180 152 208 177 152 146 122 123 157 249 260 338 179 208 277 237 361 290 393 425 419 406,0.97 0.99 1 1 1 1 1 1 1 1 0.82 1 1 1 1 1 1 1 1 1 1 1 1 1 1 1 1 1 1 1 1 1 1 1 1 1 1 0.7 1 1 1 1 0.83 1 1,deepwinter8 circle_of_dawn8 judgement_disc8 living_flame8 hallowed_ring8 great_herd8 | duelists_grace1 shatter1 consecration1 sanctify1 emberseekers1 grave_call1 thorns5 perennial5 momentum1 recovery4 evasion4 fleetfoot5 haste5 soul_harvest1 pyre_burst1
198,1096,arcanist,apprentice_wand,blink,3,dead,none,7,0,,1,36.45,barrow_knight,14,8679,42,48,1.32,0.000,0.000,88580,386.9,0.668,3,1,duelists_grace bloodthirst,bolt_bone:1175 Barrow Knight:702 Risen Shieldman:459 frost_orb:304,7 11 15 17 19 20 21 23 24 25 26 27 29 29 30 31 32 33 34 34 35 35 36 36 37 37 38 38 39 39 40 40 40 41 41 41,50 48 66 72 79 97 105 108 119 120 136 144 158 166 176 183 200 205 203 223 234 239 248 261 268 280 291 302 335 368 242 166 164 172 167 169,1 1 1 1 1 0.98 0.98 0.99 1 1 1 1 1 1 1 1 1 1 1 1 1 1 1 1 1 1 1 1 1 1 1 1 1 1 0.6 1,seeking_motes8 axe_gyre8 umbral_bolt8 knifestorm8 grave_tether8 moonbrand8 | duelists_grace3 soul_harvest1 blood_scent1 pack_leader1 bloodthirst1 fortune1
199,9015,arcanist,ember_staff,blink,3,dead,none,7,1,32.17,0,45.00,,0,37847,67,74,1.64,0.477,0.495,88580,130.0,0.000,0,3,iron_vow iron_vow,bolt_bone:1597 Barrow Knight:910 frost_orb:502 Risen:45,6 11 15 17 21 23 25 27 29 30 31 33 34 36 37 38 39 41 42 43 45 45 47 48 48 50 51 52 53 53 54 54 55 56 57 59 60 60 61 63 64 65 66 67 67,37 49 63 71 81 96 98 123 118 127 143 147 160 175 179 188 202 176 202 229 223 242 252 270 224 274 290 227 308 310 43 53 334 315 260 287 401 402 389 356 332 404 423 389 292,1 1 1 1 1 1 1 1 1 1 1 1 1 1 1 1 1 1 1 1 1 0.95 1 1 1 1 1 1 1 1 1 1 1 1 1 1 1 1 1 1 1 0.89 1 1 1,living_flame8 tempest_coil8 rimeshard8 grave_tether8 razorgale8 iron_palms8 | iron_vow2 static_charge1 shatter1 kindling1 pyre_burst1 storm_caller1 ironhide5 vitality5 serration4 perennial5 fleetfoot3 expanse5 deep_chill1
200,16934,arcanist,rime_rod,blink,3,dead,none,7,0,,1,20.20,barrow_knight,14,11305,44,50,2.48,0.000,0.000,0,0.0,,1,1,glass_cannon glass_cannon,bolt_bone:717 Barrow Knight:227 frost_orb:76 Risen Shieldman:24,4 8 14 16 18 22 25 26 29 30 31 32 34 36 37 39 40 41 42 44,49 53 62 69 81 100 105 108 117 130 146 140 140 166 177 182 195 215 221 203,1 1 1 1 1 1 0.95 1 1 1 1 1 1 1 1 1 1 1 1 1,rimeshard8 grave_tether8 umbral_bolt8 volley8 blightfield8 hallowed_ring8 | glass_cannon2 grave_call1 soul_harvest1 deep_chill1 shatter1 sanctify1 might1
201,24853,arcanist,apprentice_wand,time_slip,3,dead,none,7,1,30.44,1,35.74,barrow_knight,22,30120,59,66,1.85,0.000,0.249,88580,26.5,0.000,3,2,hunters_mark duelists_grace,bolt_bone:2236 Barrow Knight:983 frost_orb:518,7 12 15 17 20 22 24 26 28 30 32 34 35 36 37 39 40 41 43 44 45 46 47 48 48 50 50 50 52 53 54 55 56 57 58,50 54 75 71 85 104 104 128 125 130 113 157 168 170 177 180 198 210 208 214 238 170 145 142 128 141 143 118 174 171 152 173 319 288 288,1 1 1 1 1 1 0.95 0.96 1 0.94 1 1 1 0.94 0.76 1 1 1 0.92 0.94 1 1 0.95 1 1 1 0.98 1 1 0.92 0.69 0.49 1 0.82 1,mote_cascade8 steel_flurry8 fallen_star8 aegis_wheel8 hallowed_ring8 moonfall8 | hunters_mark2 pyre_burst1 sanctify1 blood_scent1 emberseekers1 duelists_grace1 expanse2 vitality4 might3 duplicity2 wisdom1 fleetfoot1 grave_call1
202,32772,arcanist,ember_staff,time_slip,3,dead,none,7,0,,1,11.07,risen_archer,9,3941,31,35,3.16,0.000,0.000,0,0.0,,3,1,stormborn,bolt_bone:474 Barrow Knight:441,8 12 15 18 20 22 24 26 28 29 31,44 46 65 66 85 92 105 112 125 127 134,1 1 1 1 0.95 0.94 0.95 0.86 0.91 0.94 0.16,cinderfall7 iron_palms7 seeking_motes5 gale_chakram4 axe_gyre6 arcweb4 | stormborn2 pyre_burst1 static_charge1 kindling1
203,40691,arcanist,rime_rod,time_slip,3,dead,none,7,1,30.76,1,42.90,risen_archer,28,37506,67,74,1.72,0.000,0.103,88580,45.7,0.000,3,3,arcane_overflow iron_vow,bolt_bone:2107 Barrow Knight:346 frost_orb:267,3 9 13 15 18 20 23 25 26 28 30 32 33 34 35 37 38 39 40 41 43 44 45 46 47 48 50 51 53 53 54 55 56 58 59 60 61 62 63 64 65 67,45 49 62 75 92 96 107 126 122 133 149 151 160 163 213 187 221 221 207 225 246 244 261 281 274 276 255 221 135 191 187 235 215 186 347 336 248 345 312 315 430 378,1 1 1 0.97 1 1 1 1 1 0.94 0.82 1 1 1 1 1 1 1 1 1 1 1 1 1 1 1 1 1 1 0.43 1 1 1 1 1 1 1 1 1 0.96 1 1,glacier_spear8 razorgale8 fallen_star8 harrowing8 soul_siphon8 thousand_cuts8 | arcane_overflow1 shatter1 grave_call1 butchers_mark1 pyre_burst1 iron_vow1 deep_chill1 serration4 expanse5 recovery4 velocity3 perennial5 chilling3 fracture1
204,1099,arcanist,apprentice_wand,blink,3,lamplings,none,7,1,32.59,0,45.00,,0,40661,64,71,1.58,0.494,0.494,97017,155.3,0.000,0,2,restless_hands iron_vow,firepot:5260 blast:1517 Lampling Tunneler:1463 burning ground:245,7 12 15 19 21 23 24 27 28 31 32 34 35 37 38 39 40 41 42 43 44 45 46 47 48 50 50 51 52 53 54 54 54 55 56 57 58 59 60 61 61 62 63 64 64,44 51 64 79 62 93 97 112 125 102 131 141 135 98 163 181 194 206 179 175 206 170 181 162 161 202 235 163 178 168 27 30 263 254 297 270 396 382 400 398 369 295 388 401 410,1 1 1 1 1 0.97 1 1 1 1 1 1 1 1 1 0.82 1 1 1 1 1 1 1 1 1 1 1 0.99 1 1 1 1 1 1 1 1 1 1 1 1 1 0.88 1 1 1,starseeker8 glacier_spear8 circle_of_dawn8 grave_tether8 hallowed_ring8 ruin_bolt8 | restless_hands1 grave_call3 pack_leader1 deep_chill1 iron_vow1 vitality5 expanse5 velocity3 might5 greed2 precision4 sanctify1
205,9018,arcanist,ember_staff,blink,3,lamplings,none,7,1,30.69,0,45.00,,0,47833,68,75,1.67,0.465,0.465,97017,41.3,0.000,0,4,restless_hands restless_hands,firepot:6528 blast:3308 burning ground:325 Lampling Tunneler:241,9 14 18 21 22 25 27 30 31 32 34 35 37 38 39 40 41 43 44 45 46 47 48 49 50 51 52 52 53 54 55 56 57 58 59 60 60 62 62 63 64 66 67 67 68,41 54 63 75 64 87 99 103 92 104 126 119 98 110 96 106 109 128 131 95 103 124 97 118 150 147 142 134 123 140 149 137 161 142 141 157 200 174 263 156 180 192 315 266 307,1 1 1 1 1 0.76 1 1 0.92 0.9 1 1 0.9 1 0.89 1 1 0.82 0.93 1 0.74 1 1 1 1 0.89 1 0.87 1 1 0.87 0.98 1 1 1 1 1 1 1 0.99 1 1 1 1 1,cinderfall8 seeking_motes8 deepwinter8 reckoning8 knifestorm8 arcweb8 | restless_hands2 shatter1 grave_call1 blood_scent1 deep_chill1 kindling1 might5 fortune4 haste5 vitality5 chilling3 velocity3 static_charge1
206,16937,arcanist,rime_rod,blink,3,lamplings,none,7,1,31.34,0,45.00,,0,46562,69,76,1.69,0.764,0.765,97017,80.3,0.000,0,3,bloodthirst hunters_mark,firepot:6204 blast:1554 Lampling Tunneler:1174 burning ground:314,7 12 15 20 22 24 27 29 30 33 34 36 37 39 40 41 42 43 44 45 46 47 48 49 50 51 52 53 54 55 56 56 57 58 59 60 61 62 63 64 65 66 67 68 69,40 49 64 71 75 97 80 105 104 93 138 122 103 121 120 141 138 110 135 146 169 240 220 211 181 197 158 204 192 138 29 161 184 169 155 166 241 231 316 327 286 239 274 288 291,1 1 1 1 1 1 0.94 1 1 1 1 1 1 1 0.91 0.99 1 1 0.93 1 1 1 1 0.96 1 1 1 1 0.94 1 1 1 1 1 1 1 1 1 1 0.99 1 1 1 1 1,deepwinter8 rend_and_mend8 moonfall8 verdant_lance8 tether_of_anguish8 soul_siphon8 | bloodthirst1 shatter1 plague_bearer1 deep_chill1 dark_bargain1 soul_harvest1 hunters_mark1 recovery4 precision5 greed5 haste4 emberseekers1 vitality5 ironhide5
207,24856,arcanist,apprentice_wand,time_slip,3,lamplings,none,7,1,31.82,0,45.00,,0,41159,64,71,1.58,0.361,0.754,97017,108.9,0.000,0,2,iron_vow iron_vow,firepot:2697 Lampling Tunneler:1666 blast:1461 burning ground:195,9 14 17 21 23 25 27 29 31 32 33 35 36 37 38 39 41 41 42 44 45 46 47 48 49 49 51 52 52 53 54 54 55 56 56 58 58 60 60 61 62 63 63 64 64,55 52 66 70 82 97 104 125 108 130 138 161 147 173 189 214 100 133 133 162 234 218 255 156 162 243 180 125 137 137 39 156 204 158 352 392 394 406 398 377 387 409 378 393 404,1 1 1 1 1 1 1 0.93 1 1 1 1 0.98 0.94 1 1 1 1 1 1 1 1 1 1 1 1 1 0.98 1 1 1 1 1 1 1 1 1 1 1 1 1 1 1 1 1,starseeker8 rend_and_mend8 iron_palms8 circle_of_dawn8 tether_of_anguish8 moonfall8 | iron_vow2 sanctify1 grave_call2 pack_leader1 dread_command1 soul_harvest1 recovery4 expanse5 velocity3 precision3 perennial5 warding3
208,32775,arcanist,ember_staff,time_slip,3,lamplings,none,7,1,30.37,0,45.00,,0,48290,74,82,1.82,0.677,0.677,97017,22.4,0.000,0,4,arcane_overflow ember_tithe,firepot:2880 blast:1423 Lampling Tunneler:439 burning ground:217,8 15 18 21 24 26 27 30 31 33 34 35 37 38 39 41 42 43 44 45 47 48 49 50 51 52 53 54 55 56 57 58 59 60 61 63 64 65 66 68 69 70 71 72 74,56 64 67 70 80 77 108 78 102 90 149 134 131 147 142 160 140 166 122 113 113 119 174 150 153 208 160 129 117 140 167 133 151 156 197 227 212 257 222 218 155 199 168 231 203,1 1 1 0.96 1 1 1 0.92 1 1 1 1 1 1 1 1 1 1 1 1 1 0.9 1 1 1 1 1 1 1 0.97 1 1 1 1 1 1 1 0.72 1 0.99 1 1 1 1 1,cinderfall8 verdant_lance8 deathcoil8 aegis_wheel8 deepwinter8 blightfield8 | arcane_overflow1 emberseekers1 kindling1 plague_bearer1 pyre_burst1 ember_tithe1 deep_chill1 ironhide5 haste5 duplicity3 wisdom4 greed5 shatter1 warding3 grave_call1
209,40694,arcanist,rime_rod,time_slip,3,lamplings,none,7,1,30.98,0,45.00,,0,42712,67,74,1.64,0.727,0.727,97017,58.7,0.000,0,4,bloodthirst bloodthirst,firepot:6682 blast:3461 Lampling Tunneler:1603 burning ground:432,9 13 16 20 22 25 27 29 30 31 33 34 35 36 38 39 40 41 41 42 43 44 45 46 46 47 48 49 50 52 52 53 54 55 56 57 58 60 61 62 63 65 66 67 67,55 52 65 83 79 93 102 107 128 132 146 142 164 160 204 200 201 204 228 224 245 251 270 264 278 312 338 207 248 169 59 203 230 264 241 214 248 259 240 264 353 170 240 312 391,1 1 1 1 1 1 1 0.93 1 1 1 1 1 1 1 1 1 1 1 1 0.94 0.97 0.95 1 1 1 1 1 0.99 1 1 1 1 1 1 1 1 1 1 1 1 0.96 1 1 1,deepwinter8 aegis_wheel8 starseeker8 tether_of_anguish8 verdant_lance8 skybreak8 | bloodthirst3 shatter1 grave_call1 dread_command2 thorns5 vitality5 wisdom4 haste5 precision5 duplicity3 emberseekers1
210,1102,arcanist,apprentice_wand,blink,3,kerchiefs,none,7,1,30.80,0,45.00,,0,43473,87,95,2.11,0.374,0.521,101235,48.1,0.000,0,3,spirit_companion iron_vow,firepot:4429 Kerchief Footpad:1325 burning ground:990 Kerchief Enforcer:827,8 15 22 26 28 32 34 35 38 39 40 42 44 44 46 47 49 51 53 54 56 57 59 60 62 63 65 65 67 69 69 71 72 73 74 76 77 79 80 81 83 84 85 86 87,48 51 63 70 80 98 105 118 124 128 136 157 164 166 190 193 175 167 145 211 196 141 128 136 202 119 98 167 127 151 140 204 226 198 248 237 212 233 251 248 362 382 407 377 390,0.91 1 1 1 1 1 1 1 1 0.86 0.9 1 1 1 1 1 1 1 0.92 1 1 1 1 1 1 1 1 1 1 1 1 1 1 1 1 1 1 0.94 1 1 0.99 1 1 1 1,mote_cascade8 arrowfall8 pyre_of_faith8 glacier_spear8 deathcoil8 tempest_coil8 | spirit_companion3 shatter1 grave_call1 static_charge1 deep_chill1 iron_vow2 searing4 duplicity3 ironhide5 expanse5 velocity3 perennial5
211,9021,arcanist,ember_staff,blink,3,kerchiefs,none,7,1,30.46,0,45.00,,0,35920,85,93,2.07,0.170,0.575,101235,27.6,0.000,3,1,iron_vow bloodthirst,firepot:3574 Kerchief Footpad:1667 Kerchief Bruiser:1214 burning ground:736,7 13 16 23 26 29 32 34 36 37 38 40 40 42 43 44 45 47 47 49 50 53 55 56 58 60 61 63 65 67 68 68 69 71 73 74 76 78 79 80 81 82 83 84 85,52 55 58 71 85 94 92 110 121 121 140 151 150 170 196 181 198 205 207 251 131 164 236 147 154 243 225 205 166 166 273 141 198 175 234 311 398 406 402 394 398 395 396 402 396,1 1 1 1 1 1 1 0.91 1 1 1 1 1 1 1 1 1 1 1 1 1 1 1 1 1 0.87 1 1 1 1 1 1 1 0.94 0.97 1 1 1 1 1 1 1 1 1 1,fallen_star8 tether_of_anguish8 glacier_spear8 moonfall8 starseeker8 predators_volley8 | iron_vow1 soul_harvest1 emberseekers1 deep_chill1 grave_call2 bloodthirst1 might5 wisdom4 expanse5 recovery4 precision5 velocity3 pack_leader1 kindling1
212,16940,arcanist,rime_rod,blink,3,kerchiefs,none,7,1,30.33,0,45.00,,0,46327,85,93,2.07,0.175,0.337,101235,19.6,0.000,2,3,restless_hands momentum,firepot:5288 burning ground:2037 Kerchief Enforcer:714 Kerchief Footpad:561,3 14 21 24 29 32 35 37 39 41 43 45 47 48 50 52 53 55 56 57 59 61 61 61 62 64 64 65 65 66 68 68 69 69 70 71 72 74 76 77 78 79 81 83 85,46 55 66 67 68 82 78 76 84 133 121 124 116 97 119 105 111 117 111 82 140 110 96 118 77 94 85 110 156 109 150 144 128 138 209 267 275 309 347 257 373 401 394 370 395,1 1 1 1 1 0.68 1 1 0.98 0.91 1 1 1 1 0.93 1 1 0.94 1 0.72 1 1 1 1 1 1 1 0.88 1 1 1 1 1 0.86 1 1 1 1 1 1 1 1 1 0.67 1,glacier_spear8 tether_of_anguish8 ruin_bolt8 arrowfall8 blighted_earth8 cinderfall8 | restless_hands2 deep_chill1 grave_call2 plague_bearer1 pack_leader1 velocity3 haste5 momentum1 might5 chilling3 wisdom4 ferocity4 soul_harvest1
213,24859,arcanist,apprentice_wand,time_slip,3,kerchiefs,none,7,1,32.29,1,40.96,footpad,26,34334,78,86,2.1,0.000,0.391,101235,137.6,0.000,3,2,spirit_companion cinderwake,Kerchief Footpad:3522 firepot:3114 Kerchief Bruiser:2405 burning ground:792,6 15 22 26 28 31 34 36 39 40 42 43 44 46 47 50 51 53 54 56 57 59 60 61 63 64 66 67 68 69 70 70 71 71 72 73 75 75 76 77,56 50 71 72 75 91 109 115 123 140 144 169 131 155 175 174 167 179 190 165 264 208 226 236 193 237 211 282 219 308 46 54 326 366 344 393 378 404 403 387,0.94 0.89 0.94 0.94 1 1 0.72 0.9 1 0.68 0.97 0.93 0.91 1 1 1 1 1 0.91 1 1 1 0.99 1 1 1 1 1 1 1 1 0.61 1 0.88 0.9 1 0.87 1 0.85 1,starseeker8 soul_siphon8 plaguebloom8 great_herd8 arrowfall8 verdant_gaze8 | spirit_companion3 grave_call2 plague_bearer1 pack_leader1 soul_harvest1 perennial5 cinderwake1 expanse5 velocity3 vitality5 recovery4 precision5
214,32778,arcanist,ember_staff,time_slip,3,kerchiefs,none,7,1,30.86,1,37.31,enforcer,22,34172,78,86,2.31,0.000,0.076,101235,51.8,0.000,3,2,hunters_mark duelists_grace,firepot:3666 Kerchief Enforcer:1567 burning ground:985 Kerchief Bruiser:177,11 16 22 26 29 32 33 36 38 40 42 44 45 47 49 51 52 53 55 57 58 60 61 62 63 65 66 67 68 70 70 71 73 74 75 77 78,51 49 60 80 62 99 97 112 90 108 146 152 172 117 141 167 177 181 152 130 173 168 158 241 188 169 203 182 223 191 160 252 290 294 385 331 359,0.88 1 1 0.98 1 1 1 0.9 1 1 1 1 1 0.69 1 1 1 0.9 1 1 1 1 0.76 1 0.86 1 1 1 0.79 1 1 1 1 1 0.75 1 0.94,living_flame8 hallowed_ring8 razorgale8 thousand_cuts8 thunder_palm8 great_herd8 | hunters_mark2 pyre_burst1 sanctify1 grave_call1 pack_leader1 might5 perennial5 haste5 duelists_grace1 vitality5 warding3 serration4 kindling1 soul_harvest1
215,40697,arcanist,rime_rod,time_slip,3,kerchiefs,none,7,0,,1,18.23,pillager,12,11590,51,57,3.13,0.000,0.000,0,0.0,,3,1,arcane_overflow arcane_overflow,firepot:1618 burning ground:524 Kerchief Enforcer:156 Kerchief Footpad:69,7 16 19 24 29 30 34 36 38 39 42 44 45 47 47 50 50 51,45 56 64 80 59 97 97 125 114 156 105 121 147 141 103 71 83 95,0.83 1 1 1 0.84 1 1 1 1 1 0.98 1 0.89 1 0.72 0.69 0.69 0.58,deepwinter8 umbral_bolt8 mote_cascade8 axe_gyre8 dawnpulse8 gale_chakram8 | arcane_overflow3 deep_chill1 sanctify1 shatter1 consecration1 haste1 velocity1 fortune1 duplicity1 chilling1
216,1031,stalker,hunting_bow,mark_prey,1,pack,none,1,1,30.44,1,42.87,wolf,24,40312,68,75,1.75,0.000,0.715,49318,26.5,0.000,3,3,stormborn duelists_grace,Thicket Tusker:2335 Longtooth Wolf:1790 blast:1425 Blight-Sick Wolf:457,12 15 20 23 25 27 29 32 33 35 36 38 38 40 41 43 44 45 46 47 48 50 51 52 53 54 55 56 57 58 59 60 61 62 63 64 65 65 66 66 67 67,40 54 51 52 54 72 71 83 82 66 106 101 98 97 111 154 120 133 152 117 113 137 204 141 148 153 176 146 162 186 205 203 274 198 214 298 337 326 325 340 340 355,0.97 1 0.98 0.96 0.92 0.77 1 0.9 1 1 1 1 1 0.88 1 1 0.89 1 1 1 1 1 1 1 1 1 1 1 1 1 1 1 1 0.92 1 1 1 1 1 1 1 1,volley8 verdant_gaze8 rimeshard8 blightfield8 thornbloom8 soul_siphon8 | stormborn2 plague_bearer1 shatter1 emberseekers1 soul_harvest1 deep_chill1 duelists_grace1 expanse5 recovery4 serration4 searing4 warding3 fortune4
217,8950,stalker,knife_belt,mark_prey,1,pack,none,1,1,30.31,1,43.35,boar,24,45534,72,80,1.85,0.000,0.495,49318,18.6,0.000,0,4,arcane_overflow arcane_overflow,Thicket Tusker:1667 blast:1656 Longtooth Wolf:520 Blight-Sick Wolf:130,7 13 16 22 24 27 29 31 32 34 35 37 38 40 41 43 44 44 46 47 48 49 50 52 53 54 54 54 55 57 58 58 59 61 62 63 64 65 66 68 69 70 71,43 47 50 47 42 84 66 76 102 81 103 109 106 81 93 110 116 92 83 115 60 94 127 74 109 102 75 108 130 100 131 182 144 170 214 247 145 255 199 162 254 209 326,0.93 0.98 1 1 1 0.88 1 0.86 1 0.96 1 1 1 1 0.95 1 0.89 1 1 1 1 1 1 1 1 1 1 1 1 1 1 1 1 1 0.75 0.88 1 1 1 1 0.81 1 1,thousand_cuts8 mote_cascade8 glacier_spear8 moonbrand8 living_flame8 razorgale8 | arcane_overflow2 shatter1 kindling1 deep_chill1 grave_call1 dread_command1 velocity3 perennial5 duplicity3 thorns5 precision5 serration4 soul_harvest1 pack_leader1
218,16869,stalker,hunting_bow,smoke_bomb,1,pack,none,1,1,30.63,1,44.61,wolf,26,40845,70,78,1.75,0.000,0.581,49318,37.7,0.000,3,3,duelists_grace momentum,blast:3262 Longtooth Wolf:2188 Thicket Tusker:1254 Blight-Sick Wolf:480,8 14 17 20 23 25 27 29 31 32 34 35 36 38 39 40 41 43 44 45 46 47 48 49 51 52 53 54 55 56 57 58 59 60 61 62 64 65 65 66 67 68 69 70,36 45 49 53 60 76 73 85 106 110 119 126 127 144 140 161 157 128 141 190 202 196 226 199 209 222 232 162 206 184 222 216 216 222 313 243 293 326 355 322 341 282 349 375,0.94 1 0.96 0.97 0.98 1 0.97 1 1 1 0.99 0.89 1 0.9 1 1 1 1 1 0.87 0.92 0.87 0.93 1 0.93 0.91 1 1 1 1 1 1 1 1 1 1 0.35 1 0.79 0.4 1 1 1 0.81,arrowfall8 gale_chakram8 verdant_gaze8 wild_hunt8 plaguebloom8 glacier_spear8 | duelists_grace2 plague_bearer1 pack_leader1 deep_chill1 dread_command2 momentum1 fleetfoot5 evasion4 ferocity4 perennial5 greed5 velocity3 shatter1
219,24788,stalker,knife_belt,smoke_bomb,1,pack,none,1,1,30.52,0,45.00,,0,33995,66,73,1.62,0.292,0.421,49318,31.0,0.000,2,2,spirit_companion restless_hands,blast:1999 Thicket Tusker:1179 Longtooth Wolf:321 Greymuzzle:138,9 13 18 19 24 25 27 29 31 33 34 36 36 38 40 41 42 43 44 45 46 47 48 49 50 51 52 53 54 55 55 56 58 58 59 60 61 62 62 63 64 64 65 65 66,40 51 50 57 61 77 81 59 99 82 98 121 120 146 125 154 143 172 174 182 190 214 214 209 274 280 252 254 265 248 245 285 279 266 312 292 316 320 326 352 341 357 367 373 376,1 1 1 1 1 0.91 1 1 1 1 0.96 0.97 0.64 1 0.95 1 1 1 1 1 1 0.94 1 1 1 1 1 1 1 1 1 1 1 0.92 1 1 0.9 1 1 1 1 1 0.71 1 1,steel_flurry8 aegis_wheel8 fallen_star8 everbloom8 reavers_wheel8 ruin_bolt8 | spirit_companion2 pack_leader1 pyre_burst1 soul_harvest1 grave_call2 restless_hands1 expanse4 fleetfoot5 serration4 thorns3 might3 ironhide4
220,32707,stalker,hunting_bow,mark_prey,1,pack,none,1,0,,1,30.24,wolf_alpha,14,26759,60,67,2.22,0.000,0.000,49318,14.1,0.268,3,2,glass_cannon arcane_overflow,Thicket Tusker:707 blast:695 Greymuzzle:421 Longtooth Wolf:181,10 16 21 21 25 27 28 31 32 35 37 38 39 41 42 43 44 46 47 48 49 51 52 53 54 55 56 57 58 60,37 51 39 36 62 60 90 64 96 75 75 88 131 106 90 101 128 104 155 154 108 112 118 111 107 100 122 137 149 203,0.97 1 1 1 1 1 1 1 1 1 1 1 1 1 1 1 1 1 1 1 1 1 1 1 1 1 1 1 1 1,arrowfall8 reckoning8 soul_siphon8 seeking_motes8 tether_of_anguish8 verdant_gaze8 | glass_cannon1 soul_harvest1 pack_leader1 dread_command1 dark_bargain1 grave_call1 arcane_overflow2 velocity2 fortune2 recovery1 ferocity2 vitality1 evasion1
221,40626,stalker,knife_belt,mark_prey,1,pack,none,1,1,30.25,0,45.00,,0,45089,72,80,1.78,0.281,0.296,49318,15.0,0.000,2,3,bloodthirst momentum,Thicket Tusker:3616 blast:2979 Longtooth Wolf:2633 Greymuzzle:1155,9 14 18 22 25 26 29 31 33 34 36 37 38 40 41 42 44 45 46 47 47 49 50 52 52 53 55 56 57 58 59 60 61 62 63 64 65 66 66 68 69 69 70 71 72,41 45 53 50 64 66 89 83 84 98 114 104 116 134 112 111 128 118 121 123 134 111 132 115 113 177 130 136 167 143 165 192 273 247 216 278 276 331 305 358 383 361 372 390 378,1 1 1 1 1 1 1 0.98 1 1 1 1 1 1 1 0.95 0.95 1 1 1 1 1 1 1 1 1 1 1 1 0.92 1 1 1 1 1 1 1 1 0.87 1 1 1 1 1 1,thousand_cuts8 tether_of_anguish8 thornbloom8 thunder_palm8 plaguebloom8 mote_cascade8 | bloodthirst2 butchers_mark1 grave_call1 pack_leader1 dread_command1 momentum1 haste5 serration4 perennial5 recovery4 duplicity3 plague_bearer1 ferocity4 dark_bargain1
222,1034,stalker,hunting_bow,mark_prey,1,dead,none,1,0,,1,30.30,barrow_knight,14,15698,45,51,1.68,0.000,0.000,39834,17.7,0.291,3,2,iron_vow ember_tithe,Barrow Knight:427 bolt_bone:207 frost_orb:38,6 9 9 15 16 18 20 22 23 25 26 27 28 30 31 32 33 34 35 36 37 38 39 40 41 42 43 43 44 45,35 44 51 60 66 69 89 91 101 110 118 123 136 135 152 188 164 167 177 183 187 202 197 223 225 238 255 241 244 262,1 1 1 1 0.91 1 1 1 1 1 1 1 1 1 1 1 1 1 0.93 0.98 1 1 1 1 1 1 1 1 1 1,volley8 knifestorm8 seeking_motes8 cinderfall8 sunbreak8 moonbrand8 | iron_vow1 blood_scent1 consecration1 sanctify1 soul_harvest1 ember_tithe1 grave_call1 might1
223,8953,stalker,knife_belt,mark_prey,1,dead,none,1,1,31.31,0,45.00,,0,24878,52,58,1.29,0.058,0.266,39834,78.6,0.000,3,3,arcane_overflow spirit_companion,bolt_bone:3521 Barrow Knight:1038 frost_orb:893 Risen Shieldman:616,5 8 11 13 15 17 19 21 22 24 25 27 28 29 30 31 32 33 34 36 36 37 38 39 40 41 42 43 44 44 45 45 46 47 47 48 48 49 50 51 51 51 51 52 52,34 40 53 56 60 82 92 90 98 101 113 126 136 129 149 157 170 164 181 192 190 201 214 214 227 225 242 241 260 267 103 276 301 296 299 314 314 322 362 344 345 356 362 360 440,1 1 1 1 1 1 1 1 0.95 1 1 1 1 1 1 1 1 1 1 1 1 0.92 1 1 0.92 1 0.88 0.93 1 1 1 1 1 1 1 1 1 1 1 1 1 1 1 1 1,steel_flurry8 gale_chakram8 tether_of_anguish8 hallowed_ring8 living_flame8 seeking_motes8 | arcane_overflow2 blood_scent1 grave_call1 sanctify1 spirit_companion1 recovery4 soul_harvest1 ferocity1 velocity3 greed2 fleetfoot3 perennial1
224,16872,stalker,hunting_bow,smoke_bomb,1,dead,none,1,1,30.79,0,45.00,,0,29566,59,66,1.47,0.001,0.060,39834,47.3,0.000,3,1,ember_tithe arcane_overflow,bolt_bone:1246 Barrow Knight:614 frost_orb:171 Risen:63,7 10 13 16 18 20 21 23 25 26 28 30 31 33 34 35 36 38 39 40 41 42 43 44 45 46 47 48 49 50 50 51 52 53 54 55 56 56 57 57 58 58 59 59 59,33 45 52 56 65 83 92 83 97 109 115 128 133 132 153 156 164 151 173 180 166 206 199 213 235 225 240 195 252 269 248 278 263 291 287 305 309 316 334 336 357 378 356 362 376,1 1 1 0.97 1 0.96 0.96 1 1 1 0.92 1 1 0.95 1 1 1 1 0.94 1 0.41 1 1 1 1 1 1 1 1 1 0.9 1 1 1 1 1 1 1 1 1 1 1 1 0.95 1,volley8 moonbrand8 everbloom8 arcweb8 cinderfall8 verdant_gaze8 | ember_tithe1 dark_bargain1 emberseekers1 pyre_burst1 storm_caller1 arcane_overflow1 plague_bearer1 ironhide5 serration1 recovery4 evasion1 warding3 thorns2 static_charge1
225,24791,stalker,knife_belt,smoke_bomb,1,dead,none,1,0,,0,45.00,,0,11170,40,46,1.02,0.060,0.060,39834,900.0,0.825,3,2,hunters_mark duelists_grace,bolt_bone:1855 frost_orb:495 Risen Shieldman:156 Risen:106,4 8 10 12 13 15 15 17 18 20 20 21 22 23 24 25 26 27 28 30 30 32 32 34 34 35 35 36 37 37 38 38 38 39 39 39 39 39 39 40 40 40 40 40 40,41 36 51 54 89 72 79 88 112 114 106 122 131 133 144 147 160 163 182 178 188 189 206 210 228 228 234 235 257 261 80 134 137 143 149 149 154 159 162 166 135 172 164 171 165,1 1 1 1 0.75 0.68 1 1 1 0.98 1 1 1 1 0.95 1 1 1 1 0.81 1 1 0.68 1 0.95 0.96 1 1 1 0.93 1 1 0.82 0.77 1 1 1 0.8 1 1 0.77 1 1 1 0.79,knifestorm8 cinderfall6 iron_palms8 reaving_arc8 rimeshard7 axe_gyre8 | hunters_mark1 pyre_burst1 soul_harvest1 blood_scent1 duelists_grace2 kindling1
226,32710,stalker,hunting_bow,mark_prey,1,dead,none,1,1,31.04,1,36.22,barrow_knight,19,24842,50,56,1.55,0.000,0.527,39834,62.2,0.000,2,2,stormborn momentum,bolt_bone:3238 frost_orb:715 Barrow Knight:271 Risen Shieldman:150,6 10 12 14 15 17 19 20 22 23 25 26 28 29 31 32 33 33 35 36 37 38 39 40 41 42 43 44 45 46 47 47 48 49 50 50,35 40 49 56 62 75 82 95 99 98 110 119 141 136 157 153 166 171 184 231 201 170 217 203 240 233 245 240 179 262 54 272 296 312 344 321,1 1 1 1 0.96 1 1 1 1 1 1 1 1 1 1 1 1 1 1 1 1 0.93 0.92 1 1 0.91 1 1 0.98 0.95 1 0.94 0.89 1 0.82 1,volley8 gale_chakram8 living_flame8 tether_of_anguish8 thunder_palm8 deepwinter8 | stormborn2 grave_call1 fracture1 storm_caller1 momentum1 pyre_burst1 haste1 perennial2 recovery1 serration1
227,40629,stalker,knife_belt,mark_prey,1,dead,none,1,1,31.09,0,45.00,,0,29565,58,65,1.44,0.420,0.422,39834,65.5,0.000,0,3,duelists_grace duelists_grace,bolt_bone:3560 frost_orb:613 Risen Shieldman:593 Risen:274,5 8 11 13 15 16 18 20 22 24 24 27 28 30 30 32 32 34 35 36 37 38 39 40 41 42 43 44 45 46 46 47 47 48 49 50 51 52 53 54 55 56 56 57 58,33 43 50 60 73 75 91 87 98 110 114 118 129 141 138 150 161 165 176 176 192 204 204 184 214 223 239 254 240 262 47 268 270 294 302 297 317 330 350 348 330 355 383 354 384,1 1 1 0.92 0.96 0.91 0.71 1 1 0.96 0.9 1 1 0.84 1 1 1 1 1 1 0.96 0.93 0.93 1 1 0.92 1 0.93 1 1 1 1 1 0.88 1 1 0.9 1 1 1 1 1 1 1 1,thousand_cuts8 circle_of_dawn8 razorgale8 soul_siphon8 living_flame8 moonfall8 | duelists_grace2 consecration1 pyre_burst1 dark_bargain1 soul_harvest1 sanctify1 greed1 serration3 recovery4 perennial3 duplicity3 haste2 pack_leader1
228,1037,stalker,hunting_bow,mark_prey,1,lamplings,none,1,1,30.32,0,45.00,,0,47171,60,67,1.49,0.308,0.512,43628,19.3,0.000,1,4,duelists_grace iron_vow,firepot:3307 blast:1552 Lampling Tunneler:565 burning ground:238,7 11 15 17 20 21 24 26 27 28 30 31 32 33 34 35 36 37 38 39 40 41 42 43 43 44 45 46 47 48 48 49 50 51 52 53 53 54 55 56 57 57 58 59 60,31 45 49 58 58 68 76 60 94 108 87 110 98 116 77 124 98 122 96 130 132 121 113 125 142 167 129 131 144 135 168 181 167 133 208 201 190 271 282 340 345 330 312 366 369,1 0.97 1 1 1 1 1 1 1 1 1 0.76 1 0.76 0.88 0.94 1 1 0.77 0.9 0.67 1 1 1 0.96 0.69 0.87 0.71 0.99 0.98 1 1 0.99 1 1 1 0.9 0.82 0.9 0.9 1 1 1 0.87 1,arrowfall8 thunder_palm8 knifestorm8 aegis_wheel8 sanctified_earth8 ruin_bolt8 | duelists_grace3 blood_scent1 sanctify1 grave_call1 iron_vow1 haste5 might3 ironhide5 vitality3 chilling3 velocity3 pack_leader1
229,8956,stalker,knife_belt,mark_prey,1,lamplings,none,1,1,30.42,1,35.44,lampling_sapper,17,33256,55,62,1.75,0.000,0.234,43628,25.2,0.000,3,2,ember_tithe glass_cannon,firepot:2578 blast:1587 Lampling Tunneler:425 burning ground:354,10 13 16 19 21 23 25 27 28 29 31 32 34 34 36 37 38 39 40 41 42 43 44 45 46 47 48 48 49 50 51 52 53 53 54,33 39 46 56 48 63 74 86 73 91 92 99 106 110 89 109 101 136 117 130 137 134 131 112 102 131 131 153 188 131 183 144 157 169 167,1 1 1 1 1 1 0.94 1 1 0.84 0.92 0.93 1 1 0.98 1 0.7 1 0.99 0.71 0.99 1 1 1 0.81 0.84 1 1 0.78 1 1 1 1 1 0.98,thousand_cuts8 ruin_bolt8 thornbloom8 plaguebloom8 predators_volley8 temple_breaker8 | ember_tithe1 plague_bearer1 soul_harvest1 grave_call2 pack_leader1 glass_cannon1 serration2 might2 perennial2 evasion1 precision2 wisdom1 blood_scent1
230,16875,stalker,hunting_bow,smoke_bomb,1,lamplings,none,1,1,31.60,1,41.74,lampling_sapper,22,39828,58,65,1.56,0.000,0.442,43628,95.7,0.000,3,3,cinderwake cinderwake,firepot:4630 Lampling Tunneler:1811 blast:979 burning ground:352,7 11 14 16 17 20 22 24 26 27 28 30 31 32 33 34 36 36 37 38 39 40 41 42 43 44 45 45 46 47 48 48 49 50 51 52 53 54 55 56 57,34 48 44 64 57 81 71 89 92 82 85 115 129 103 107 116 117 147 137 151 170 150 143 132 137 221 222 242 262 156 39 237 215 284 307 153 321 320 332 262 351,1 1 1 1 1 0.9 0.78 1 0.77 1 0.93 0.9 0.9 1 0.91 1 0.9 1 0.9 0.92 1 1 1 0.8 0.88 0.44 1 1 1 0.98 0.96 1 1 1 1 0.83 1 1 0.58 0.93 1,arrowfall8 plaguebloom8 umbral_bolt8 verdant_gaze8 moonfall8 dawnpulse8 | cinderwake2 plague_bearer1 grave_call2 pack_leader1 sanctify1 evasion3 perennial2 wisdom3 expanse3 thorns3 velocity1 dark_bargain1
231,24794,stalker,knife_belt,smoke_bomb,1,lamplings,none,1,1,30.42,0,45.00,,0,43229,60,67,1.49,0.399,0.560,43628,24.9,0.000,0,3,momentum bloodthirst,firepot:4647 blast:2269 Lampling Tunneler:1469 Lampling Sapper:271,7 12 15 18 21 22 25 26 28 29 31 32 33 34 35 36 38 38 39 40 41 42 43 44 45 46 47 48 48 49 50 51 52 53 53 54 55 56 56 57 58 59 59 59 60,42 50 55 64 54 78 76 81 77 82 91 83 88 86 84 154 122 136 136 115 135 205 130 161 192 160 146 127 159 178 157 189 216 154 290 228 313 311 337 332 306 366 366 363 377,1 1 1 1 1 1 1 0.93 1 1 1 0.92 1 1 1 1 1 1 1 1 1 1 0.91 1 1 1 1 0.99 1 1 1 1 1 0.94 1 0.89 1 1 1 1 1 1 1 1 1,steel_flurry8 soul_siphon8 starseeker8 reckoning8 tether_of_anguish8 skybreak8 | momentum1 dark_bargain1 grave_call2 pack_leader1 bloodthirst1 blood_scent1 fleetfoot5 recovery4 haste4 precision3 expanse4 searing1 storm_caller1
232,32713,stalker,hunting_bow,mark_prey,1,lamplings,none,1,1,30.31,0,45.00,,0,38084,58,65,1.44,0.203,0.671,43628,18.7,0.000,1,3,duelists_grace arcane_overflow,firepot:7066 Lampling Tunneler:2106 blast:1343 Lampling Sapper:172,8 13 15 18 20 22 25 25 28 29 30 32 33 34 35 36 37 38 39 40 41 42 43 44 45 46 47 47 49 49 50 51 52 53 53 55 55 56 56 57 57 58 58 58 58,40 46 54 44 46 80 74 83 66 75 99 106 130 129 135 120 129 178 150 171 151 194 189 210 206 241 249 213 189 241 287 193 272 228 269 277 318 318 330 336 355 413 356 361 371,1 1 1 1 1 0.93 0.95 1 1 1 1 1 1 0.86 1 1 1 0.91 1 1 1 1 0.89 0.78 1 1 1 1 1 1 1 1 0.92 0.88 1 1 1 0.72 1 1 1 0.56 1 0.81 1,predators_volley8 skybreak8 aegis_wheel8 deathcoil8 steel_flurry8 starseeker8 | duelists_grace1 static_charge1 dark_bargain2 grave_call1 dread_command1 arcane_overflow1 vitality4 precision3 duplicity2 haste1 recovery4 soul_harvest1 fleetfoot1
233,40632,stalker,knife_belt,mark_prey,1,lamplings,none,1,1,30.29,0,45.00,,0,47591,62,69,1.53,0.444,0.586,43628,17.2,0.000,0,4,restless_hands restless_hands,firepot:5232 blast:2001 Lampling Tunneler:775 Lampling Sapper:254,8 12 15 17 20 22 24 26 27 28 30 31 32 33 34 35 36 37 38 39 40 41 42 43 44 45 45 46 47 48 48 49 50 51 52 53 54 55 56 57 58 59 60 61 62,40 45 53 56 76 77 68 67 68 73 68 77 68 97 77 113 114 108 93 100 123 113 127 105 130 146 155 132 128 154 148 145 209 189 198 240 275 269 258 180 255 344 378 351 380,1 1 1 1 1 1 1 1 1 1 1 1 1 1 1 0.95 1 0.91 1 1 1 0.88 0.89 1 0.88 1 1 0.73 1 1 0.87 0.88 1 0.85 1 0.99 0.85 1 0.87 1 1 1 1 1 0.8,thousand_cuts8 reavers_wheel8 aegis_wheel8 plaguebloom8 volley8 sunbreak8 | restless_hands3 blood_scent1 sanctify1 butchers_mark1 grave_call2 serration4 might3 vitality5 perennial5 wisdom2 greed4
234,1040,stalker,hunting_bow,mark_prey,1,kerchiefs,none,1,1,30.42,0,45.00,,0,37083,77,85,1.89,0.223,0.223,45524,25.2,0.000,3,2,momentum ember_tithe,firepot:4144 Kerchief Bruiser:1061 Kerchief Footpad:881 burning ground:674,10 15 18 23 25 28 30 31 33 35 37 38 39 40 42 44 45 47 48 50 51 53 55 56 58 59 60 62 63 64 65 66 68 69 70 70 72 73 74 74 75 76 76 77 77,42 48 53 50 56 86 83 88 67 112 96 125 129 135 113 135 165 134 103 174 167 164 132 193 193 213 181 262 164 183 261 249 268 311 269 317 313 322 329 351 344 361 362 380 367,1 1 1 1 1 1 1 0.98 1 0.93 1 1 1 0.8 1 1 0.89 1 1 1 1 0.9 1 0.93 1 1 1 1 1 0.99 0.94 0.94 0.99 1 1 0.86 1 1 1 1 0.88 1 1 1 0.72,volley8 reavers_wheel8 aegis_wheel8 everbloom8 thousand_cuts8 razorgale8 | momentum2 grave_call2 blood_scent1 butchers_mark1 ember_tithe1 thorns5 vitality5 ironhide5 searing4 wisdom4 serration4 pack_leader1 sanctify1
235,8959,stalker,knife_belt,mark_prey,1,kerchiefs,none,1,0,,1,21.06,footpad,9,12796,46,52,2.47,0.000,0.000,0,0.0,,3,1,arcane_overflow hunters_mark,firepot:1248 Kerchief Footpad:621 Kerchief Bruiser:433 burning ground:174,9 15 18 22 23 27 29 31 32 34 36 37 38 40 41 42 44 45 45 46 46,38 45 54 64 72 66 70 97 98 101 127 124 138 131 143 150 137 169 184 185 183,0.8 1 1 1 1 0.89 1 1 1 0.92 1 0.61 1 1 1 1 1 0.85 0.61 0.71 0.21,knifestorm8 moonbrand8 seeking_motes8 gale_chakram8 umbral_bolt8 spirit_herd8 | arcane_overflow2 blood_scent1 pack_leader1 grave_call2 hunters_mark1 ironhide1
236,16878,stalker,hunting_bow,smoke_bomb,1,kerchiefs,none,1,1,30.64,1,38.12,pillager,19,29089,66,73,1.92,0.000,0.173,45524,38.1,0.000,3,2,stormborn glass_cannon,firepot:4277 burning ground:817 Kerchief Enforcer:526 Kerchief Bruiser:267,10 13 18 20 22 25 27 29 31 32 34 35 37 38 39 41 42 43 44 46 47 48 49 51 52 53 55 56 57 58 59 60 61 63 64 64 65 66,37 43 46 54 78 71 78 82 93 101 136 119 121 138 156 144 122 160 164 122 185 180 198 218 200 181 227 244 211 240 315 225 294 296 219 300 315 317,1 1 1 1 1 1 1 1 1 0.81 1 1 1 1 1 1 1 1 1 1 1 1 0.95 1 1 1 1 1 1 1 1 1 1 0.58 1 1 1 1,arrowfall8 pyre_of_faith8 hailwheel8 tether_of_anguish8 circle_of_dawn8 axe_gyre8 | stormborn1 storm_caller1 grave_call3 glass_cannon1 consecration1 velocity3 recovery4 might5 chilling3 searing4 sanctify1 fleetfoot5
237,24797,stalker,knife_belt,smoke_bomb,1,kerchiefs,none,1,1,30.47,1,43.18,bruiser,25,29216,67,74,1.71,0.000,0.372,45524,28.0,0.000,3,2,restless_hands cinderwake,firepot:2136 burning ground:549 Kerchief Footpad:500 Kerchief Bruiser:453,7 14 17 20 23 25 28 30 31 33 34 36 38 39 39 41 43 43 44 46 47 48 49 50 51 53 54 55 57 58 58 59 60 61 62 63 64 64 65 65 65 66 67,37 44 50 59 52 74 91 96 122 104 111 111 143 166 140 156 165 178 173 191 190 208 203 217 219 239 208 264 230 250 260 280 286 288 301 302 316 342 329 327 339 346 355,1 1 1 1 1 0.79 1 1 0.55 0.99 0.77 0.65 1 1 1 0.9 1 1 1 0.83 1 1 1 1 0.98 1 0.95 1 0.84 1 1 1 0.84 1 1 0.67 1 1 1 0.94 1 0.78 0.69,knifestorm8 verdant_lance8 strangleroot8 seeking_motes8 great_herd8 aegis_wheel8 | restless_hands1 soul_harvest1 butchers_mark1 plague_bearer1 grave_call2 cinderwake1 perennial5 chilling3 might5 ironhide5 ferocity4 recovery4 blood_scent1
238,32716,stalker,hunting_bow,mark_prey,1,kerchiefs,none,1,1,31.34,1,41.49,bruiser,23,37967,80,88,2.12,0.000,0.726,45524,80.2,0.000,3,2,ember_tithe momentum,firepot:3543 Kerchief Bruiser:1007 burning ground:911 Kerchief Footpad:852,12 17 22 25 28 30 32 34 35 37 39 41 42 44 46 47 49 50 51 53 55 56 57 59 60 61 63 64 65 67 67 68 69 70 72 73 75 76 77 79 80,36 42 56 62 69 74 90 97 72 104 125 134 127 143 149 148 140 137 172 169 132 175 140 145 124 240 147 191 189 185 34 197 273 224 270 268 318 331 265 345 368,1 1 1 1 1 0.98 1 0.99 1 1 1 0.99 1 0.89 1 1 0.99 1 1 1 1 1 1 1 1 1 1 1 1 1 1 1 1 1 1 1 1 1 1 1 1,volley8 thunder_palm8 rend_and_mend8 plaguebloom8 wild_hunt8 deathcoil8 | ember_tithe2 pack_leader1 soul_harvest1 plague_bearer1 grave_call2 thorns5 momentum2 duplicity3 recovery4 fleetfoot5 haste5 perennial5
239,40635,stalker,knife_belt,mark_prey,1,kerchiefs,none,1,0,,1,26.25,footpad,11,20133,55,62,2.36,0.000,0.000,0,0.0,,3,2,hunters_mark glass_cannon,firepot:2058 burning ground:287 Kerchief Footpad:243 Kerchief Enforcer:203,6 12 18 21 24 27 29 31 33 34 36 38 39 41 42 43 45 46 48 49 50 51 52 53 54 54,40 48 50 64 70 85 60 87 86 104 123 135 124 140 137 156 161 125 147 190 176 140 126 215 125 165,0.91 1 1 1 0.84 0.92 1 1 0.97 1 0.87 0.96 0.92 0.9 1 1 1 1 0.62 1 1 1 1 1 1 0.67,thousand_cuts8 volley8 great_herd8 thornbloom8 razorgale8 reaving_arc8 | hunters_mark3 blood_scent1 butchers_mark1 pack_leader1 glass_cannon1 haste1 searing1 perennial1 serration2 sanctify1 expanse1
240,1062,stalker,hunting_bow,mark_prey,2,pack,none,4,1,30.46,0,45.00,,0,37173,74,82,1.82,0.687,0.745,75792,27.5,0.000,0,2,iron_vow momentum,Thicket Tusker:2204 Longtooth Wolf:1957 blast:1172 Greymuzzle:1098,8 14 17 22 24 27 30 33 34 35 38 39 41 42 44 45 46 48 49 50 51 53 54 56 57 58 59 61 62 63 64 65 66 68 69 70 71 71 72 72 73 73 74 74 74,39 56 56 47 74 70 93 79 104 109 97 118 114 76 87 104 133 110 121 106 144 124 139 163 182 172 194 193 204 166 186 227 276 253 319 342 351 368 421 374 373 394 390 386 445,1 1 1 1 1 1 0.97 0.97 1 1 1 1 1 0.83 1 1 1 1 1 1 1 1 0.98 0.94 1 1 0.99 1 0.99 1 1 1 1 1 1 1 1 1 1 1 1 1 1 1 1,volley8 thornbloom8 tether_of_anguish8 circle_of_dawn8 verdant_gaze8 arcweb8 | iron_vow1 sanctify1 plague_bearer1 storm_caller1 dark_bargain1 consecration1 vitality5 momentum1 fortune4 wisdom4 evasion4 duplicity3 ironhide5 static_charge1 grave_call1
241,8981,stalker,knife_belt,mark_prey,2,pack,none,4,1,30.88,0,45.00,,0,23950,61,68,1.51,0.110,0.651,75792,53.0,0.000,3,1,iron_vow duelists_grace,Longtooth Wolf:2661 Thicket Tusker:1835 Greymuzzle:768 Blight-Sick Wolf:659,6 15 19 21 25 26 28 30 32 32 34 35 36 36 37 38 39 40 41 42 42 43 43 44 46 47 48 50 51 52 53 54 55 56 56 57 58 58 59 59 60 60 60 61 61,44 50 60 65 73 83 92 101 112 125 131 134 141 151 160 167 182 194 192 209 209 221 232 237 251 246 283 295 252 302 201 307 310 323 328 347 360 367 379 364 437 383 393 391 442,1 0.96 1 1 1 1 1 0.92 0.95 1 1 1 1 0.97 1 1 1 1 1 1 1 1 1 1 1 1 1 0.93 1 1 1 1 1 1 1 1 1 1 1 1 0.79 1 0.39 0.71 0.88,steel_flurry8 seeking_motes8 arrowfall8 moonfall8 grave_tether8 tempest_coil8 | iron_vow2 blood_scent1 grave_call2 soul_harvest1 pack_leader1 duelists_grace1 greed5 vitality3 expanse2 velocity3 haste3 fleetfoot1
242,16900,stalker,hunting_bow,smoke_bomb,2,pack,none,4,0,,1,43.65,boar,26,28594,65,72,1.65,0.000,0.000,75792,819.2,0.259,3,2,stormborn stormborn,Thicket Tusker:2109 blast:1819 Longtooth Wolf:1168 Greymuzzle:866,8 16 18 22 25 27 30 32 34 35 37 39 40 41 43 44 46 46 48 49 51 52 53 54 55 56 57 59 60 61 62 62 62 62 62 63 63 63 63 64 64 64 65,43 44 53 55 67 75 92 99 110 114 130 134 111 160 151 161 188 182 189 145 216 148 219 198 143 229 214 185 231 261 63 71 78 74 83 86 83 103 95 108 107 110 116,0.96 1 1 1 1 0.91 1 1 1 0.9 0.85 0.94 1 0.95 0.9 1 1 1 1 1 0.96 1 1 1 1 1 1 1 1 1 1 0.97 0.58 0.93 0.89 0.88 1 1 0.76 1 0.77 1 0.94,volley8 sanctified_earth8 sunbreak8 everbloom8 razorgale8 seeking_motes8 | stormborn3 sanctify1 consecration1 storm_caller1 dark_bargain1 serration4 might5 thorns3 ironhide4 vitality4 haste2 butchers_mark1
243,24819,stalker,knife_belt,smoke_bomb,2,pack,none,4,1,31.31,0,45.00,,0,39763,71,79,1.76,0.508,0.628,75792,78.4,0.000,0,3,bloodthirst iron_vow,blast:909 Thicket Tusker:633 Longtooth Wolf:331 Greymuzzle:138,5 12 16 19 23 26 28 30 32 34 35 37 38 40 41 42 44 45 46 47 48 49 51 52 53 54 55 56 57 59 59 59 61 62 63 64 65 66 67 67 68 69 70 71 71,40 55 61 55 76 92 95 103 101 102 125 136 145 134 165 165 146 198 185 175 190 202 212 159 206 233 217 228 180 245 112 218 236 330 294 346 349 355 366 380 377 412 382 391 390,1 1 1 1 1 1 1 1 1 1 1 1 1 1 1 1 1 1 1 1 1 1 1 1 1 1 1 1 1 1 1 1 1 1 1 1 1 1 1 1 1 1 1 1 1,thousand_cuts8 aegis_wheel8 deepwinter8 reavers_wheel8 tether_of_anguish8 razorgale8 | bloodthirst2 deep_chill1 shatter1 soul_harvest1 fracture1 iron_vow1 ironhide5 haste5 evasion3 recovery4 serration4 pack_leader1 perennial5 blood_scent1
244,32738,stalker,hunting_bow,mark_prey,2,pack,none,4,1,30.21,0,45.00,,0,44393,74,82,1.82,0.237,0.249,75792,12.8,0.000,3,4,hunters_mark stormborn,blast:4733 Thicket Tusker:3233 Longtooth Wolf:2083 Greymuzzle:1425,10 15 21 24 27 28 30 33 34 36 37 38 40 41 43 44 45 46 48 49 50 51 52 53 54 56 56 57 59 60 60 62 63 63 65 66 67 68 69 70 71 71 72 73 74,43 49 56 46 66 90 92 68 90 87 138 116 114 135 109 183 131 125 106 93 95 113 173 160 151 149 127 141 152 170 142 179 199 202 315 330 255 301 377 376 378 397 391 401 406,1 1 0.95 1 0.92 1 1 1 1 0.88 1 1 0.77 0.94 1 1 0.95 0.87 1 1 1 0.94 1 1 1 0.94 0.94 1 0.87 0.94 1 0.79 1 1 0.94 0.77 1 0.92 1 1 1 1 1 1 1,arrowfall8 reavers_wheel8 pyre_of_faith8 seeking_motes8 thunder_palm8 ruin_bolt8 | hunters_mark3 consecration1 sanctify1 grave_call1 stormborn1 might5 haste5 serration4 vitality5 searing4 pyre_burst1 velocity3 dread_command1
245,40657,stalker,knife_belt,mark_prey,2,pack,none,4,1,30.61,0,45.00,,0,27595,64,71,1.58,0.218,0.493,75792,36.7,0.000,3,2,duelists_grace hunters_mark,blast:2478 Thicket Tusker:2144 Longtooth Wolf:2014 Blight-Sick Wolf:559,7 15 19 22 25 27 29 31 33 34 36 37 38 40 41 42 44 45 46 47 48 49 50 51 53 54 55 56 57 58 59 59 60 61 61 62 62 62 62 63 63 64 64 64 64,43 52 57 73 79 92 96 103 99 115 126 140 156 125 153 167 187 205 199 216 224 223 239 205 204 248 278 271 233 299 311 312 325 318 336 336 360 359 385 367 372 383 396 458 392,0.99 0.95 0.96 1 1 1 1 1 1 0.95 1 1 1 1 1 1 0.84 1 0.86 1 1 1 0.95 1 0.94 0.94 1 1 0.93 1 1 1 1 0.93 1 1 1 0.92 1 1 1 0.62 1 1 0.88,steel_flurry8 axe_gyre8 skybreak8 rimeshard8 pyre_of_faith8 sunlance8 | duelists_grace1 grave_call2 sanctify1 fracture1 dark_bargain1 hunters_mark1 searing3 perennial5 vitality5 fleetfoot2 precision4 evasion4 static_charge1
246,1065,stalker,hunting_bow,mark_prey,2,dead,none,4,0,,1,31.73,barrow_knight,16,12902,43,49,1.54,0.000,0.000,61217,103.9,0.334,3,2,cinderwake momentum,bolt_bone:2161 Barrow Knight:795 Risen Shieldman:562 frost_orb:436,5 10 12 14 16 18 19 20 21 23 24 26 27 27 28 29 30 31 32 33 34 35 36 36 37 38 39 40 41 41 42,41 44 56 65 75 86 93 106 107 114 123 138 139 146 154 168 186 197 197 200 207 221 230 238 268 254 269 275 279 324 68,1 1 1 1 1 1 1 1 1 1 1 0.58 0.93 1 0.82 1 1 1 1 1 1 1 0.74 0.81 1 0.7 1 0.93 0.75 1 0.72,arrowfall8 cinderfall8 iron_palms8 knifestorm8 reaving_arc8 verdant_lance8 | cinderwake3 grave_call2 momentum1 pyre_burst1 velocity2
247,8984,stalker,knife_belt,mark_prey,2,dead,none,4,1,30.87,0,45.00,,0,32265,60,67,1.49,0.072,0.388,61217,51.9,0.000,3,4,iron_vow iron_vow,bolt_bone:2597 frost_orb:810 Barrow Knight:367 Risen Shieldman:102,4 7 11 13 15 16 19 20 21 23 24 25 27 29 30 31 32 33 34 35 36 37 38 38 39 41 42 42 43 44 45 46 47 48 49 50 51 53 53 54 55 57 58 59 60,48 43 51 61 67 83 85 100 112 114 127 128 140 148 168 174 178 183 188 210 210 230 237 241 252 251 263 266 289 287 190 308 325 296 390 359 361 338 356 331 390 396 395 347 415,1 1 1 1 1 1 1 1 1 1 1 1 1 1 1 1 1 1 1 1 1 1 1 1 0.99 1 1 1 1 1 1 1 0.94 1 1 1 1 1 1 1 1 1 1 0.31 0.88,knifestorm8 great_herd8 sunbreak8 deathcoil8 glacier_spear8 axe_gyre8 | iron_vow2 blood_scent1 shatter1 consecration1 pack_leader1 deep_chill1 expanse4 might4 velocity2 perennial5 thorns1 duplicity3 sanctify1
248,16903,stalker,hunting_bow,smoke_bomb,2,dead,none,4,0,,0,45.00,,0,17624,53,59,1.31,0.259,0.259,61217,900.0,0.097,2,1,ember_tithe restless_hands,bolt_bone:2513 Risen Shieldman:608 Barrow Knight:561 Risen:524,7 11 14 16 18 20 22 24 26 27 28 29 30 32 32 34 35 36 36 38 38 39 41 42 43 44 44 45 46 47 48 48 49 49 49 50 50 50 51 51 51 52 52 52 53,40 47 51 61 82 91 87 102 101 122 131 141 148 152 159 166 182 210 197 198 215 219 227 252 246 257 262 320 297 295 80 78 84 81 80 86 97 112 108 120 149 164 163 146 164,1 1 1 1 1 0.96 0.98 1 1 1 0.94 1 0.62 1 1 1 1 1 1 1 1 1 1 0.93 1 1 1 1 1 1 1 0.86 1 1 1 1 1 0.84 1 1 1 1 0.94 1 1,arrowfall8 deathcoil8 umbral_bolt8 living_flame8 moonbrand8 plaguebloom8 | ember_tithe1 dark_bargain1 kindling1 grave_call1 plague_bearer1 restless_hands1 emberseekers1 velocity3 duplicity2 serration2 perennial1 fleetfoot1
249,24822,stalker,knife_belt,smoke_bomb,2,dead,none,4,0,,1,44.26,risen_archer,26,17580,49,55,1.24,0.000,0.000,61217,855.8,0.742,3,1,bloodthirst spirit_companion,bolt_bone:2736 Risen Shieldman:1216 Risen:835 frost_orb:447,5 10 12 15 17 19 21 22 24 25 27 28 30 31 32 33 34 35 36 37 37 38 39 40 40 41 42 43 43 44 44 45 45 46 46 46 47 47 47 48 48 48 48 49,38 48 54 67 75 80 86 95 104 112 125 134 147 161 167 172 189 186 195 214 209 216 225 237 254 260 270 279 279 289 84 83 98 102 66 88 96 102 159 154 167 165 166 165,1 1 1 1 1 1 1 1 1 1 1 1 1 1 0.97 1 1 1 1 1 1 1 1 1 1 1 1 1 1 1 0.94 1 1 1 0.84 1 1 1 1 1 1 1 0.53 0.6,steel_flurry8 skybreak8 reckoning8 gale_chakram8 arrowfall8 grave_tether8 | bloodthirst3 blood_scent1 dark_bargain1 spirit_companion1 grave_call1 fleetfoot1 velocity1 fortune1 precision1 searing1
250,32741,stalker,hunting_bow,mark_prey,2,dead,none,4,1,31.38,1,43.13,risen_warrior,26,28899,56,63,1.46,0.000,0.406,61217,82.8,0.000,3,2,cinderwake arcane_overflow,Risen Shieldman:3400 bolt_bone:3089 Risen:1375 frost_orb:500,7 10 13 15 18 20 21 22 24 26 27 28 30 30 32 33 34 35 36 38 38 39 40 41 42 43 44 45 46 47 47 48 49 50 51 51 51 52 53 53 54 55 56,41 49 51 68 76 87 96 95 110 106 127 136 147 157 162 195 186 184 196 210 215 219 233 262 254 256 267 278 257 294 71 316 321 326 343 355 367 360 382 400 383 436 395,1 1 1 1 1 1 1 1 0.95 1 1 0.92 1 0.95 1 1 1 1 1 1 0.88 1 1 0.98 1 1 1 1 1 1 1 1 1 1 0.87 1 1 1 1 1 0.92 0.75 1,arrowfall8 tether_of_anguish8 blightfield8 tempest_coil8 spirit_herd8 razorgale8 | cinderwake2 grave_call1 static_charge1 plague_bearer1 soul_harvest1 arcane_overflow1 pack_leader1 recovery1 expanse5 haste2 greed2 velocity1 serration2
251,40660,stalker,knife_belt,mark_prey,2,dead,none,4,1,30.56,1,44.43,risen_archer,26,34787,59,66,1.49,0.000,0.022,61217,33.3,0.000,3,3,arcane_overflow hunters_mark,bolt_bone:3861 Barrow Knight:787 frost_orb:684 Risen:218,3 8 11 14 16 18 20 22 23 25 27 29 30 32 33 34 35 36 37 39 40 41 42 43 44 45 46 47 48 49 50 51 52 52 53 54 55 56 56 57 58 58 59 59,49 49 51 65 72 80 92 104 110 121 124 142 141 158 149 168 189 184 192 215 222 195 240 212 228 182 244 203 228 254 289 283 325 292 320 301 356 327 328 375 398 389 402 387,0.96 1 1 0.94 1 0.93 1 0.91 0.96 1 0.95 1 0.94 1 1 1 0.93 1 1 1 0.69 1 0.96 0.94 1 0.92 1 0.8 1 0.89 1 1 1 1 1 0.82 1 1 0.17 1 1 0.72 1 1,knifestorm8 hallowed_ring8 circle_of_dawn8 tempest_coil8 great_herd8 hailwheel8 | arcane_overflow1 consecration1 blood_scent1 storm_caller1 pack_leader1 hunters_mark1 static_charge1 perennial3 recovery4 chilling3 expanse1 velocity2 precision1 butchers_mark1
252,1068,stalker,hunting_bow,mark_prey,2,lamplings,none,4,0,,1,30.61,grimtunnel_roused,16,26800,49,55,1.8,0.000,0.000,67047,36.6,0.453,3,2,glass_cannon iron_vow,firepot:2568 blast:1214 Lampling Tunneler:304 burning ground:176,7 13 15 18 21 23 25 26 28 29 31 32 32 34 35 36 37 38 39 40 41 42 43 44 45 46 47 48 48 49,45 49 54 69 59 77 83 87 106 90 102 104 109 127 86 140 111 142 123 142 133 120 128 109 119 153 171 147 140 137,1 1 0.96 1 1 1 0.42 1 1 0.8 0.95 0.88 0.58 1 0.87 0.96 1 1 0.85 1 1 1 0.96 0.88 0.99 1 0.81 1 1 0.76,volley8 wild_hunt8 ruin_bolt8 blightfield8 fallen_star8 gale_chakram8 | glass_cannon1 dread_command2 grave_call1 plague_bearer1 iron_vow2 might1 fleetfoot1 expanse1 serration1
253,8987,stalker,knife_belt,mark_prey,2,lamplings,none,4,1,30.34,0,45.00,,0,44577,62,69,1.53,0.151,0.232,67047,20.1,0.000,3,4,glass_cannon duelists_grace,firepot:5810 blast:1964 Lampling Tunneler:737 burning ground:389,7 13 16 19 21 23 25 27 28 29 31 32 33 34 36 36 37 38 39 40 41 42 43 44 45 46 47 48 48 49 50 51 52 53 54 55 56 56 58 58 59 60 61 62 62,35 53 60 61 65 72 70 88 86 79 86 111 107 147 109 112 124 102 133 141 115 111 123 111 127 159 179 136 153 118 154 167 187 166 243 351 354 361 376 369 407 387 414 392 395,1 1 1 1 1 0.81 0.9 0.87 0.89 1 1 1 0.87 1 1 0.59 1 1 1 1 1 1 1 0.87 1 1 1 1 1 1 1 0.86 1 0.67 1 1 1 1 0.98 1 0.77 1 1 0.45 1,thousand_cuts8 aegis_wheel8 skybreak8 starseeker8 cinderfall8 razorgale8 | glass_cannon1 blood_scent1 emberseekers1 kindling1 static_charge1 duelists_grace1 soul_harvest1 vitality5 evasion4 serration4 haste4 wisdom4 precision5 dark_bargain1
254,16906,stalker,hunting_bow,smoke_bomb,2,lamplings,none,4,1,31.53,1,42.98,lampling_sapper,27,37817,56,63,1.47,0.000,0.317,67047,91.7,0.000,3,2,restless_hands hunters_mark,firepot:4970 Lampling Tunneler:3558 blast:1497 burning ground:214,8 12 16 18 21 23 25 26 28 29 31 32 33 34 35 36 37 38 39 40 41 42 43 43 44 45 46 47 48 49 49 49 50 51 52 52 53 54 54 55 55 56,43 57 59 61 60 89 95 90 95 99 116 107 118 121 90 168 161 155 164 100 223 213 172 239 238 250 253 252 249 168 39 270 294 264 343 358 394 351 358 380 394 404,1 1 1 1 1 0.85 0.95 0.85 1 1 0.92 0.92 0.92 1 1 1 1 0.98 1 1 1 1 1 1 1 1 1 1 0.88 0.75 1 1 1 1 0.63 0.99 0.83 0.59 1 1 0.78 1,arrowfall8 ruin_bolt8 aegis_wheel8 great_herd8 axe_gyre8 verdant_lance8 | restless_hands1 grave_call3 dread_command1 hunters_mark2 perennial4 velocity2 chilling1 vitality3 might2 haste1 pack_leader1
255,24825,stalker,knife_belt,smoke_bomb,2,lamplings,none,4,1,32.02,0,45.00,,0,42794,59,66,1.47,0.612,0.612,67047,121.0,0.000,0,3,duelists_grace momentum,firepot:5017 blast:2267 Lampling Tunneler:1805 burning ground:262,4 11 14 17 20 21 24 26 27 29 30 31 33 34 35 36 37 38 39 40 41 42 43 44 44 45 46 47 48 49 49 49 50 51 52 53 54 54 55 56 57 58 58 59 59,39 56 51 60 72 71 92 103 82 83 132 131 131 107 138 132 130 130 173 116 158 110 128 146 185 183 152 184 160 157 29 38 171 265 229 279 349 362 334 376 386 397 402 358 402,1 1 1 1 1 1 1 0.99 1 0.92 1 1 1 1 1 1 1 1 1 1 1 1 1 0.94 1 1 1 1 1 1 0.88 0.78 1 1 1 1 1 1 1 1 0.99 1 1 1 1,thousand_cuts8 tether_of_anguish8 circle_of_dawn8 thornbloom8 soul_siphon8 razorgale8 | duelists_grace1 sanctify1 soul_harvest1 grave_call2 consecration1 momentum1 blood_scent1 vitality4 ferocity3 greed4 serration2 recovery4 perennial1
256,32744,stalker,hunting_bow,mark_prey,2,lamplings,none,4,1,32.71,0,45.00,,0,41906,58,65,1.44,0.281,0.281,67047,162.5,0.000,1,3,iron_vow duelists_grace,firepot:4535 Lampling Tunneler:1378 blast:518 Lampling Sapper:222,8 11 15 18 20 23 25 26 28 29 31 31 32 34 35 36 37 38 39 39 40 42 43 44 45 45 46 47 48 49 49 49 50 50 51 52 53 54 54 55 56 56 57 58 58,36 52 65 72 60 79 87 94 92 79 117 110 117 118 121 125 114 153 141 168 160 171 144 175 134 180 186 262 169 191 53 40 153 270 337 329 317 370 355 320 395 399 415 395 407,1 1 1 1 1 1 1 1 1 1 1 1 1 1 0.96 0.91 1 1 1 0.99 1 0.82 1 1 1 1 1 1 0.82 1 0.7 1 0.96 1 1 0.87 0.99 1 1 1 1 1 1 1 1,arrowfall8 hailwheel8 sunlance8 strangleroot8 rend_and_mend8 blighted_earth8 | iron_vow1 grave_call2 pack_leader1 plague_bearer1 duelists_grace1 dread_command1 ironhide3 searing2 vitality3 chilling3 velocity2 fracture1
257,40663,stalker,knife_belt,mark_prey,2,lamplings,none,4,0,,1,30.52,grimtunnel_roused,16,26080,49,55,1.8,0.000,0.000,67047,31.0,0.507,3,2,duelists_grace glass_cannon,firepot:3457 blast:1143 Lampling Tunneler:1063 burning ground:142,5 9 12 16 19 21 23 24 27 28 30 31 32 33 35 36 37 38 38 39 41 41 42 43 44 45 46 47 48 49,37 56 55 67 71 91 89 84 91 100 136 121 142 124 118 129 154 143 122 159 164 149 158 154 122 133 155 190 144 150,1 1 1 1 0.97 0.94 1 0.95 1 1 0.76 1 1 1 0.96 1 1 0.74 0.7 1 1 0.83 0.83 0.81 0.96 0.69 1 1 0.63 0.81,thousand_cuts8 moonfall8 sunlance8 spirit_herd8 gale_chakram8 everbloom8 | duelists_grace2 grave_call2 blood_scent1 dread_command1 glass_cannon1 thorns1 greed2 searing1 serration1
258,1071,stalker,hunting_bow,mark_prey,2,kerchiefs,none,4,1,30.26,1,40.69,enforcer,25,22128,64,71,1.74,0.000,0.672,69962,15.8,0.000,1,3,cinderwake momentum,firepot:4192 burning ground:958 Kerchief Footpad:884 Kerchief Bruiser:798,8 13 19 22 25 27 29 31 33 35 36 37 38 39 39 40 41 43 44 45 46 47 49 49 50 51 51 53 53 55 55 57 58 59 60 61 62 63 63 64,39 54 58 68 70 83 87 97 105 124 128 139 145 160 166 175 183 189 146 206 213 228 232 227 243 252 260 279 293 293 313 332 321 332 337 343 357 353 360 372,1 1 1 1 1 1 0.93 1 1 1 1 0.91 0.89 1 0.88 1 1 1 1 1 1 1 1 1 1 1 1 1 1 1 1 0.95 1 1 0.92 1 1 0.88 1 1,predators_volley8 steel_flurry8 reckoning8 tether_of_anguish8 deepwinter8 pyre_of_faith8 | cinderwake1 soul_harvest1 consecration1 grave_call1 fracture1 momentum1 sanctify1 wisdom3 searing4 precision2 haste2 fleetfoot2 kindling1 perennial5
259,8990,stalker,knife_belt,mark_prey,2,kerchiefs,none,4,1,30.28,0,45.00,,0,46146,79,87,1.93,0.805,0.806,69962,16.5,0.000,0,4,momentum arcane_overflow,firepot:2676 burning ground:814 Kerchief Footpad:74,7 16 19 24 27 29 31 32 35 36 38 40 41 43 44 45 45 46 48 49 50 50 51 51 53 54 55 57 58 60 60 62 63 65 66 67 69 70 71 73 74 75 77 78 79,43 48 58 60 73 87 96 87 110 101 107 121 85 151 129 87 90 133 115 81 94 89 95 118 168 96 173 181 145 143 187 137 130 205 171 170 290 214 318 374 339 379 313 291 336,0.99 1 1 1 1 0.92 1 1 1 1 1 1 1 1 1 1 0.97 1 1 0.91 1 1 1 1 1 1 1 1 1 0.96 1 1 1 1 1 1 1 0.99 1 1 1 1 1 1 1,thousand_cuts8 razorgale8 aegis_wheel8 grave_tether8 arrowfall8 deepwinter8 | momentum1 blood_scent1 deep_chill1 shatter1 soul_harvest1 pack_leader1 haste5 arcane_overflow1 ironhide5 serration4 greed5 vitality5 velocity3 emberseekers1 grave_call1
260,16909,stalker,hunting_bow,smoke_bomb,2,kerchiefs,none,4,1,30.67,1,43.71,bruiser,26,39424,79,87,1.99,0.000,0.295,69962,40.2,0.000,3,3,glass_cannon bloodthirst,firepot:1683 burning ground:752 Kerchief Bruiser:555 Kerchief Footpad:421,12 16 17 23 28 28 32 34 36 38 39 40 42 43 44 46 47 49 51 52 53 55 56 57 58 60 61 62 64 65 66 67 68 69 71 72 73 74 75 77 77 78 79,47 46 60 62 72 74 95 108 109 104 129 141 128 159 163 161 160 199 167 197 187 121 243 175 250 156 241 245 212 207 265 315 318 304 262 249 274 228 356 356 386 398 401,1 1 1 1 0.98 0.62 1 0.84 0.98 0.96 1 1 0.79 1 1 1 1 1 1 1 1 1 1 1 1 1 1 1 1 1 1 1 0.87 1 1 0.48 1 1 1 1 1 1 1,volley8 moonfall8 mote_cascade8 tempest_coil8 aegis_wheel8 circle_of_dawn8 | glass_cannon1 dark_bargain1 soul_harvest1 static_charge1 pack_leader1 consecration1 greed5 bloodthirst2 warding3 vitality5 expanse5 duplicity3 evasion4 sanctify1
261,24828,stalker,knife_belt,smoke_bomb,2,kerchiefs,none,4,0,,1,17.26,pillager,10,8671,44,50,2.9,0.000,0.000,0,0.0,,3,1,glass_cannon glass_cannon,firepot:991 burning ground:229 Kerchief Footpad:180 Kerchief Enforcer:133,6 14 17 20 24 26 28 31 32 34 36 37 39 40 40 43 44,45 45 53 64 74 92 96 96 104 114 129 128 147 151 187 140 185,0.82 1 1 0.92 1 0.71 0.87 0.61 0.83 1 0.6 0.76 0.86 1 1 0.76 0.87,knifestorm8 hallowed_ring8 volley8 cinderfall8 axe_gyre8 rimeshard8 | glass_cannon2 kindling1 grave_call1 sanctify1 consecration1 shatter1
262,32747,stalker,hunting_bow,mark_prey,2,kerchiefs,none,4,1,31.81,0,45.00,,0,24842,69,76,1.69,0.504,0.509,69962,108.7,0.000,0,2,arcane_overflow bloodthirst,firepot:4151 Kerchief Footpad:2158 Kerchief Bruiser:1040 Kerchief Enforcer:340,8 14 20 23 26 28 31 33 33 36 37 39 40 41 42 44 45 46 47 48 49 51 52 53 55 55 57 58 60 61 62 62 63 64 65 66 66 67 67 68 68 68 69 69 69,40 49 59 64 75 84 96 106 117 114 125 135 149 148 159 172 179 184 205 200 219 230 233 251 185 264 271 281 291 211 53 215 309 342 346 344 350 349 368 377 380 384 414 390 382,0.97 1 1 1 1 0.93 1 1 1 1 1 1 1 1 0.93 1 1 1 1 1 0.89 1 1 1 1 1 1 1 0.93 1 1 1 1 1 1 1 1 1 1 1 1 1 1 1 1,arrowfall8 hailwheel8 knifestorm8 sunlance8 tether_of_anguish8 seeking_motes8 | arcane_overflow1 blood_scent1 grave_call1 pack_leader1 dark_bargain2 bloodthirst1 vitality5 chilling3 greed5 velocity3 searing4 consecration1 recovery4
263,40666,stalker,knife_belt,mark_prey,2,kerchiefs,none,4,1,30.73,1,40.34,footpad,24,32788,75,83,2.06,0.000,0.227,69962,44.0,0.000,3,3,cinderwake arcane_overflow,firepot:2694 Kerchief Bruiser:1018 burning ground:766 Kerchief Footpad:673,8 14 19 23 26 28 29 31 32 34 35 37 39 39 40 42 43 44 45 45 47 48 50 51 53 55 56 58 59 61 61 63 65 66 68 69 71 72 74 75,41 47 59 65 73 74 91 96 105 120 125 139 154 148 166 169 185 194 194 207 213 216 227 146 159 218 174 176 274 190 192 254 174 316 305 334 332 369 365 335,0.91 1 1 1 1 1 1 0.85 0.62 0.8 1 1 1 0.83 0.85 1 0.9 1 0.8 0.88 1 1 1 1 1 1 0.97 1 1 1 1 1 1 1 1 1 1 1 1 0.94,steel_flurry8 living_flame8 ruin_bolt8 moonfall8 great_herd8 glacier_spear8 | cinderwake2 soul_harvest1 fracture1 blood_scent1 dread_command1 arcane_overflow1 wisdom4 perennial5 might5 velocity3 fleetfoot5 grave_call1 expanse5 butchers_mark1
264,1093,stalker,hunting_bow,mark_prey,3,pack,none,7,1,30.82,0,45.00,,0,40559,77,85,1.89,0.592,0.720,109671,49.2,0.000,0,2,momentum ember_tithe,Thicket Tusker:2756 blast:1974 Longtooth Wolf:1822 Blight-Sick Wolf:914,9 12 20 24 27 29 32 33 36 37 38 40 41 43 44 46 47 49 50 51 53 54 56 57 58 59 60 62 63 64 64 65 67 68 68 70 71 72 73 74 75 76 76 76 77,44 56 61 55 85 83 105 89 95 89 141 158 121 148 127 93 185 166 117 156 150 148 121 160 149 147 221 187 271 198 202 349 344 208 334 271 363 395 396 336 324 395 396 413 390,1 1 1 1 1 1 1 1 1 0.95 1 1 1 0.9 1 1 1 1 0.95 1 1 1 0.92 1 1 1 1 1 1 1 1 1 1 1 1 1 1 1 1 1 1 1 1 1 1,arrowfall8 aegis_wheel8 tether_of_anguish8 gale_chakram8 circle_of_dawn8 knifestorm8 | momentum3 soul_harvest1 consecration1 blood_scent1 grave_call1 sanctify1 ember_tithe1 perennial5 expanse5 velocity3 ironhide5 searing4 recovery4
265,9012,stalker,knife_belt,mark_prey,3,pack,none,7,0,,1,30.30,wolf_alpha,18,25192,61,68,2.24,0.000,0.000,109671,17.9,0.239,3,2,momentum hunters_mark,blast:2651 Thicket Tusker:1800 Longtooth Wolf:954 Greymuzzle:890,3 9 17 20 24 26 29 30 33 35 37 39 40 42 43 45 46 47 48 50 51 52 53 54 55 57 58 59 60 61,52 52 62 68 72 95 105 121 87 85 126 109 131 113 162 106 128 107 131 98 154 137 145 118 103 166 154 122 282 232,0.94 0.93 0.8 1 1 1 1 0.9 1 1 1 0.83 1 1 1 0.94 1 1 0.94 1 1 1 1 1 1 1 1 1 0.95 1,thousand_cuts8 great_herd8 skybreak8 starseeker8 pyre_of_faith8 moonfall8 | momentum1 static_charge1 grave_call2 blood_scent1 consecration1 hunters_mark2 greed2 perennial2 recovery2 precision2 searing3 serration3
266,16931,stalker,hunting_bow,smoke_bomb,3,pack,none,7,1,31.05,1,37.65,boar,23,20256,58,65,1.73,0.000,0.230,109671,63.1,0.000,3,1,spirit_companion spirit_companion,Thicket Tusker:2346 blast:2018 Longtooth Wolf:1913 Greymuzzle:476,5 11 15 18 21 25 27 29 31 32 34 35 37 38 39 40 41 42 43 43 45 45 46 47 49 49 50 51 52 53 53 54 55 56 57 57 58,50 54 66 72 80 96 99 115 122 123 153 160 163 164 173 193 205 205 217 230 264 243 259 264 274 274 315 313 308 321 162 335 354 353 365 377 394,0.96 0.96 1 0.93 1 1 0.96 1 0.95 0.63 0.83 0.91 0.78 0.88 0.95 0.94 0.81 1 0.76 0.88 0.93 1 0.88 1 0.84 1 0.74 0.94 1 1 1 0.87 1 1 1 1 1,arrowfall8 knifestorm8 gyrestorm8 moonfall8 verdant_gaze8 hailwheel8 | spirit_companion3 grave_call1 blood_scent1 pack_leader1 plague_bearer1 vitality2 ferocity2 velocity3 perennial2 chilling1 expanse2 dread_command1
267,24850,stalker,knife_belt,smoke_bomb,3,pack,none,7,0,,1,30.52,wolf_alpha,18,12615,49,55,1.8,0.000,0.000,109671,31.4,0.886,3,1,duelists_grace restless_hands,Thicket Tusker:964 Greymuzzle:719 Longtooth Wolf:680 blast:592,3 9 11 18 22 25 28 29 30 31 32 33 34 35 37 37 38 39 40 41 42 43 44 45 45 46 47 47 48 49,54 52 64 71 82 95 114 107 116 127 144 146 165 203 181 188 198 207 215 228 231 242 258 260 265 280 298 295 315 320,0.98 1 0.97 0.98 0.83 0.93 1 1 1 1 0.91 1 1 1 0.96 1 1 1 1 0.95 1 0.8 0.74 1 1 1 0.79 1 1 1,knifestorm8 iron_palms8 reaving_arc8 cinderfall8 sunlance8 blightfield8 | duelists_grace1 grave_call1 dread_command1 soul_harvest1 kindling1 restless_hands1 butchers_mark1 searing2
268,32769,stalker,hunting_bow,mark_prey,3,pack,none,7,1,30.23,0,45.00,,0,47501,77,85,1.89,0.233,0.233,109671,13.7,0.000,1,4,hunters_mark bloodthirst,blast:1672 Greymuzzle:592 Longtooth Wolf:507 Thicket Tusker:267,7 13 20 25 27 30 32 34 36 37 39 41 42 44 45 46 47 47 49 49 52 53 54 55 56 56 57 57 58 59 60 61 62 63 63 65 67 68 70 70 72 74 75 76 77,49 53 54 43 55 69 48 58 72 62 89 82 82 97 72 86 103 70 75 59 83 102 61 56 72 83 56 85 77 98 138 94 103 116 112 90 125 178 130 177 216 215 186 322 399,0.98 1 1 1 1 1 1 1 1 1 1 1 0.95 1 1 1 1 1 1 1 1 1 1 1 1 1 1 1 1 1 1 1 1 1 1 1 1 1 1 1 1 1 1 1 1,predators_volley8 steel_flurry8 soul_siphon8 moonbrand8 cinderfall8 aegis_wheel8 | hunters_mark3 blood_scent1 pyre_burst1 dark_bargain1 bloodthirst1 ironhide5 precision5 recovery4 evasion4 fleetfoot5 kindling1 haste5 emberseekers1
269,40688,stalker,knife_belt,mark_prey,3,pack,none,7,1,31.40,0,45.00,,0,26992,66,73,1.62,0.267,0.703,109671,84.2,0.000,3,2,duelists_grace restless_hands,Longtooth Wolf:3029 Thicket Tusker:2464 blast:1863 Greymuzzle:1645,5 14 18 23 25 27 30 32 34 35 37 38 40 41 42 44 45 46 47 48 49 50 51 52 53 54 55 56 57 58 58 59 59 60 61 61 63 64 64 64 64 65 65 65 66,43 50 64 69 74 97 98 106 122 125 151 153 168 166 176 193 198 212 218 216 248 199 259 265 275 295 288 305 312 250 84 344 353 366 367 349 387 394 388 390 391 393 382 382 399,1 1 0.97 1 1 1 1 1 1 1 1 1 1 1 1 1 1 1 0.94 1 1 1 0.97 1 1 1 1 1 1 1 1 1 1 0.92 1 1 1 0.83 1 1 1 1 1 0.71 1,steel_flurry8 gale_chakram8 tether_of_anguish8 aegis_wheel8 rend_and_mend8 gyrestorm8 | duelists_grace2 grave_call1 pack_leader1 soul_harvest1 blood_scent1 restless_hands1 perennial5 vitality5 recovery4 fleetfoot4 dark_bargain1 ferocity1 wisdom2
270,1096,stalker,hunting_bow,mark_prey,3,dead,none,7,1,31.49,0,45.00,,0,20517,52,58,1.29,0.038,0.038,88580,89.3,0.000,3,2,duelists_grace cinderwake,bolt_bone:2926 frost_orb:1030 Barrow Knight:634 Risen Shieldman:187,4 8 11 13 16 18 19 20 21 22 23 25 25 26 27 28 29 29 30 31 32 33 35 36 38 39 39 40 41 42 43 43 44 46 47 48 48 49 49 50 50 51 51 52 52,51 52 60 71 77 91 102 105 119 126 139 141 160 165 179 180 191 194 221 234 234 250 251 227 270 294 293 294 298 291 61 329 366 382 367 385 387 394 389 398 390 395 448 459 414,1 1 1 1 1 1 1 1 1 0.92 1 0.94 1 1 0.97 1 1 0.87 1 1 1 0.1 1 0.41 1 0.93 1 1 1 1 1 1 0.92 1 1 1 1 1 1 1 1 1 1 1 1,volley8 sanctified_earth8 tether_of_anguish8 soul_siphon8 rend_and_mend8 seeking_motes8 | duelists_grace1 sanctify1 soul_harvest1 dread_command1 cinderwake1 consecration1 ironhide4 grave_call1 fortune3 recovery3 expanse1 perennial3 ferocity1
271,9015,stalker,knife_belt,mark_prey,3,dead,none,7,1,30.95,0,45.00,,0,20760,52,58,1.29,0.148,0.687,88580,56.8,0.000,1,2,iron_vow glass_cannon,bolt_bone:1144 frost_orb:219 Barrow Knight:179 Risen Shieldman:57,4 9 13 14 16 19 20 22 23 25 26 28 29 30 30 31 33 33 34 35 36 37 37 38 39 40 41 41 42 43 44 45 46 47 48 48 49 49 50 50 50 51 51 52 52,46 55 58 72 84 88 96 104 122 132 137 148 169 165 182 195 199 207 212 223 235 239 258 261 281 252 282 293 314 319 98 350 364 354 364 376 387 388 385 446 402 401 395 387 398,1 1 1 1 1 1 1 1 1 1 1 1 1 1 1 1 1 1 0.92 0.8 1 1 1 1 0.87 1 1 1 0.99 1 1 0.99 1 1 1 1 1 1 1 0.73 1 1 1 1 1,thousand_cuts8 seeking_motes8 iron_palms8 soul_siphon8 reckoning8 sanctified_earth8 | iron_vow1 blood_scent1 grave_call2 sanctify1 pack_leader1 glass_cannon1 fortune1 serration4 recovery2 fleetfoot1 ironhide1 duplicity1
272,16934,stalker,hunting_bow,smoke_bomb,3,dead,none,7,0,,1,10.26,barrow_knight,10,3605,28,32,3.12,0.000,0.000,0,0.0,,0,0,glass_cannon,bolt_bone:121 Barrow Knight:102,7 12 14 16 17 19 22 24 26 28,44 48 59 70 81 91 97 113 124 152,1 1 1 0.9 1 1 1 0.89 1 1,volley3 gale_chakram3 seeking_motes6 knifestorm5 cinderfall8 iron_palms6 | glass_cannon2 blood_scent1 dark_bargain1 pyre_burst1
273,24853,stalker,knife_belt,smoke_bomb,3,dead,none,7,0,,1,11.83,barrow_knight,10,3390,28,32,2.71,0.000,0.000,0,0.0,,0,0,hunters_mark,Barrow Knight:254 bolt_bone:224 Risen Shieldman:20 Risen:11,2 8 12 14 16 18 21 22 23 26 27,45 49 61 69 75 98 96 110 121 124 161,0.96 1 1 0.92 1 1 1 0.95 1 0.96 1,knifestorm4 volley8 gale_chakram6 iron_palms4 cinderfall7 moonbrand2 | hunters_mark2 kindling1 pyre_burst1 dark_bargain1
274,32772,stalker,hunting_bow,mark_prey,3,dead,none,7,0,,1,30.18,barrow_knight,18,16644,47,53,1.76,0.000,0.000,88580,10.8,0.751,3,2,stormborn iron_vow,bolt_bone:753 Barrow Knight:596 frost_orb:197 Risen:62,6 10 13 15 17 19 21 22 24 26 28 30 31 32 33 34 35 36 38 39 40 40 42 42 43 44 45 45 47 47,44 52 59 72 78 91 104 107 121 124 138 150 155 165 170 184 198 183 219 223 237 250 254 274 289 287 291 304 315 255,0.95 1 1 0.87 1 1 1 1 1 1 1 1 0.89 1 1 1 1 1 1 1 1 0.83 1 1 0.88 1 1 1 1 0.86,volley8 razorgale8 dawnpulse8 verdant_lance8 iron_palms8 moonbrand8 | stormborn1 sanctify1 dark_bargain1 consecration1 plague_bearer1 iron_vow1 soul_harvest1 serration1
275,40691,stalker,knife_belt,mark_prey,3,dead,none,7,1,31.51,1,39.36,risen_archer,25,22794,53,59,1.5,0.000,0.538,88580,90.3,0.000,3,2,arcane_overflow restless_hands,bolt_bone:2478 Risen:783 Risen Shieldman:570 frost_orb:357,2 5 9 10 16 18 19 23 24 25 27 28 30 31 32 33 34 35 36 37 39 39 40 41 41 43 44 45 45 47 48 48 49 49 51 52 52 53 53,56 49 60 69 78 100 101 113 120 124 134 151 155 147 166 189 198 224 219 223 243 247 256 264 272 288 301 298 322 271 62 330 358 354 371 390 372 402 394,0.9 1 0.95 1 1 0.95 0.72 1 0.94 1 1 1 1 1 1 0.94 0.93 1 1 1 1 1 0.85 1 1 1 0.79 1 1 1 1 1 1 1 1 0.69 1 1 1,knifestorm8 starseeker8 verdant_gaze8 spirit_herd8 thornbloom8 predators_volley8 | arcane_overflow2 blood_scent1 grave_call2 soul_harvest1 restless_hands1 expanse2 precision3 searing2 fortune1 ferocity1 wisdom2
276,1099,stalker,hunting_bow,mark_prey,3,lamplings,none,7,1,31.52,1,40.29,lampling_sapper,26,39303,59,66,1.64,0.000,0.306,97017,91.4,0.000,3,3,restless_hands momentum,firepot:4299 blast:2782 Lampling Tunneler:1339 burning ground:453,7 11 15 19 21 24 26 28 29 31 32 33 34 36 36 37 39 40 41 42 43 44 45 45 46 47 48 49 50 51 51 51 52 53 54 55 56 56 57 58,48 52 64 65 55 85 89 98 90 82 100 129 105 88 94 96 116 125 116 109 128 193 117 121 143 150 168 163 165 142 35 156 176 197 165 208 240 255 245 271,1 1 1 1 1 1 1 0.88 0.94 0.97 0.85 1 1 1 0.91 0.99 0.91 1 0.79 1 1 0.68 1 1 1 0.98 1 1 1 1 0.56 0.89 0.87 1 1 0.8 1 1 0.31 0.79,predators_volley8 knifestorm8 pyre_of_faith8 spirit_herd8 thunder_palm8 blighted_earth8 | restless_hands2 blood_scent1 sanctify1 grave_call1 momentum1 soul_harvest1 searing4 precision3 greed2 velocity3 chilling1 haste1 deep_chill1
277,9018,stalker,knife_belt,mark_prey,3,lamplings,none,7,1,30.44,1,38.18,lampling_sapper,25,35805,57,64,1.68,0.000,0.430,97017,26.2,0.000,3,3,restless_hands glass_cannon,firepot:3585 blast:1892 Lampling Tunneler:774 burning ground:232,5 11 14 17 20 22 24 26 28 29 30 32 33 34 35 36 37 38 40 40 41 41 43 44 45 46 47 48 49 49 50 51 52 53 54 55 55 56,45 53 63 66 82 100 103 112 101 129 138 128 159 148 138 193 149 162 127 228 121 202 131 159 132 152 164 146 180 127 180 117 197 201 214 344 204 239,1 1 1 1 1 0.93 1 0.77 0.92 0.94 1 1 1 0.94 0.83 1 0.82 0.85 0.64 0.88 1 0.82 0.82 1 1 1 1 1 1 1 1 1 1 1 1 1 1 1,steel_flurry8 circle_of_dawn8 moonfall8 thornbloom8 deepwinter8 fallen_star8 | restless_hands1 grave_call1 dread_command1 soul_harvest1 pyre_burst1 glass_cannon1 pack_leader1 haste2 expanse3 searing1 fleetfoot2 vitality1 perennial4 consecration1
278,16937,stalker,hunting_bow,smoke_bomb,3,lamplings,none,7,1,31.32,0,45.00,,0,40905,60,67,1.49,0.468,0.491,97017,79.4,0.000,0,3,bloodthirst hunters_mark,firepot:7388 Lampling Tunneler:2224 blast:1769 Lampling Sapper:173,7 11 14 17 20 22 25 26 27 29 30 32 33 34 36 37 38 39 40 41 42 43 44 45 46 46 47 48 49 50 50 50 51 52 53 54 55 56 57 57 58 59 59 60 60,42 58 67 69 70 100 85 106 86 93 138 101 149 120 115 164 187 214 175 143 244 180 262 154 171 274 304 255 296 215 33 260 326 295 345 322 392 384 205 383 329 391 358 408 409,1 1 1 1 1 1 0.95 1 1 0.93 1 0.86 1 1 0.98 1 0.9 1 1 1 1 1 1 1 0.79 1 1 1 1 1 1 1 0.95 1 0.83 1 0.95 1 1 1 1 0.71 0.8 1 0.96,volley8 fallen_star8 circle_of_dawn8 gale_chakram8 aegis_wheel8 pyre_of_faith8 | bloodthirst1 grave_call2 sanctify1 dread_command1 hunters_mark2 searing1 expanse3 ferocity1 perennial3 recovery4 vitality3 consecration1
279,24856,stalker,knife_belt,smoke_bomb,3,lamplings,none,7,1,33.56,0,45.00,,0,41814,62,69,1.53,0.218,0.304,97017,213.8,0.000,3,2,iron_vow restless_hands,firepot:3423 Lampling Tunneler:2731 blast:868 burning ground:190,7 12 15 18 21 23 26 27 28 30 32 32 34 35 37 38 39 40 41 42 43 44 45 46 47 48 49 50 51 52 52 52 53 53 54 55 56 56 57 58 59 60 61 62 62,41 57 66 71 73 86 82 105 94 87 123 102 135 128 117 140 133 146 162 174 165 161 169 187 146 258 225 187 203 183 30 41 35 242 292 298 280 387 255 298 402 401 406 394 413,1 1 1 1 1 1 1 1 1 1 0.82 0.9 1 0.94 0.91 1 1 1 1 1 1 1 0.88 1 0.89 1 1 1 1 0.98 0.9 1 1 0.97 0.88 1 1 0.97 1 0.93 0.83 1 1 1 1,thousand_cuts8 razorgale8 plaguebloom8 verdant_gaze8 ruin_bolt8 thornbloom8 | iron_vow1 butchers_mark1 grave_call2 plague_bearer1 dark_bargain1 restless_hands1 pack_leader1 perennial4 evasion2 might3 serration4 searing1 ironhide3
280,32775,stalker,hunting_bow,mark_prey,3,lamplings,none,7,1,31.05,0,45.00,,0,46537,63,70,1.56,0.210,0.210,97017,63.0,0.000,3,4,arcane_overflow hunters_mark,firepot:6944 blast:1511 Lampling Tunneler:1353 burning ground:363,6 12 15 19 21 24 26 28 29 30 31 32 34 35 36 38 39 40 41 42 42 43 44 45 46 47 48 49 50 51 51 51 52 53 54 55 56 57 58 59 60 60 61 62 63,42 53 57 50 63 85 87 83 78 69 111 113 78 101 79 102 121 117 165 132 168 175 155 167 102 204 155 153 162 101 26 170 244 201 265 228 300 256 199 301 228 286 394 286 396,1 1 1 1 1 1 1 0.95 1 1 1 1 1 0.91 1 0.81 1 0.9 1 1 1 0.89 1 1 1 1 1 0.63 1 1 0.81 0.96 1 1 0.84 1 0.81 1 1 1 1 1 1 1 1,volley8 sunbreak8 great_herd8 temple_breaker8 rend_and_mend8 plaguebloom8 | arcane_overflow2 pack_leader1 plague_bearer1 sanctify1 dread_command1 hunters_mark2 serration4 evasion4 perennial5 might5 chilling3 recovery4
281,40694,stalker,knife_belt,mark_prey,3,lamplings,none,7,1,31.23,0,45.00,,0,44121,61,68,1.51,0.429,0.429,97017,73.6,0.000,0,3,bloodthirst cinderwake,firepot:6479 Lampling Tunneler:2022 blast:1706 burning ground:194,3 11 15 17 19 22 25 26 28 30 31 33 34 35 36 37 39 39 41 41 43 44 44 45 46 47 48 49 50 50 51 51 52 53 54 55 56 56 57 58 59 60 60 61 61,52 55 68 74 75 78 96 92 93 89 99 89 125 111 116 135 133 132 104 113 130 150 151 125 195 171 149 170 106 106 33 179 248 175 227 256 365 316 411 393 386 397 396 399 401,1 1 1 1 1 1 1 1 0.94 1 1 0.92 1 1 1 0.91 0.89 0.97 1 1 1 0.91 1 1 1 1 1 1 1 1 1 1 1 1 1 0.9 1 1 1 1 1 1 1 0.97 1,steel_flurry8 gale_chakram8 plaguebloom8 harrowing8 soul_siphon8 fallen_star8 | bloodthirst2 plague_bearer1 blood_scent1 emberseekers1 cinderwake2 kindling1 ironhide5 expanse4 perennial4 recovery3 fleetfoot1 haste1
282,1102,stalker,hunting_bow,mark_prey,3,kerchiefs,none,7,0,,1,4.35,footpad,6,1178,23,26,5.97,0.000,0.000,0,0.0,,3,0,spirit_companion,Kerchief Footpad:1020,6 11 15 20,50 50 62 78,0.98 1 0.81 0.44,volley5 knifestorm4 cinderfall6 rimeshard4 iron_palms5 judgement_disc1 | spirit_companion3 shatter1
283,9021,stalker,knife_belt,mark_prey,3,kerchiefs,none,7,1,31.40,1,40.91,bruiser,26,33988,74,82,2,0.000,0.151,101235,84.1,0.000,3,2,iron_vow arcane_overflow,Kerchief Bruiser:3496 firepot:3198 Kerchief Footpad:1716 burning ground:760,2 9 15 19 21 27 29 32 34 36 36 39 39 41 44 45 47 48 50 51 52 54 55 57 58 59 60 62 63 64 65 65 66 67 69 69 70 71 72 73,51 47 71 74 83 97 99 117 130 115 143 154 164 163 143 139 187 171 138 159 206 168 157 155 137 222 224 169 221 251 42 322 355 312 335 373 380 413 395 416,1 1 1 1 1 1 0.74 0.94 1 0.9 1 0.91 0.65 1 0.84 1 1 1 1 1 1 0.98 1 1 1 0.93 0.89 1 1 0.88 0.76 1 1 1 0.96 1 1 0.65 1 0.48,thousand_cuts8 thunder_palm8 reavers_wheel8 plaguebloom8 razorgale8 soul_siphon8 | iron_vow1 grave_call3 dread_command1 pack_leader1 plague_bearer1 arcane_overflow1 perennial5 vitality5 serration4 haste5 recovery4 chilling3 deep_chill1
284,16940,stalker,hunting_bow,smoke_bomb,3,kerchiefs,none,7,0,,0,45.00,,0,10082,50,56,1.24,0.079,0.079,101235,900.0,0.873,3,1,restless_hands restless_hands,firepot:4873 Kerchief Footpad:585 burning ground:343 Kerchief Bruiser:298,6 10 14 17 20 22 23 25 28 29 31 31 32 33 35 37 37 38 38 38 39 39 41 41 41 42 43 44 44 45 46 46 47 47 48 48 49 49 49 49 49 50 50 50 50,50 52 60 76 78 91 107 107 117 124 131 143 154 159 177 185 191 205 207 220 224 238 252 286 293 290 287 294 300 312 160 163 165 161 162 167 165 164 161 162 166 166 163 164 162,0.94 1 1 1 0.93 0.85 1 0.85 0.9 1 0.93 1 1 1 0.78 0.92 0.93 1 0.79 1 0.98 1 0.86 1 0.88 0.83 1 0.79 0.87 1 1 1 1 1 1 1 0.87 1 1 0.75 0.5 0.99 0.43 0.72 0.81,volley8 rimeshard8 circle_of_dawn8 reavers_wheel8 razorgale8 hallowed_ring8 | restless_hands3 fracture1 grave_call1 dark_bargain1 deep_chill1 recovery2 serration1 haste1
285,24859,stalker,knife_belt,smoke_bomb,3,kerchiefs,none,7,1,32.90,1,38.89,bruiser,25,21543,64,71,1.83,0.000,0.345,101235,174.0,0.000,3,1,spirit_companion cinderwake,Kerchief Footpad:2919 firepot:2230 Kerchief Bruiser:1950 burning ground:308,1 10 14 19 21 25 26 29 32 32 34 35 37 38 39 41 42 43 44 45 47 48 50 51 52 53 53 55 56 57 58 59 59 60 61 61 63 64,52 53 59 78 73 87 102 110 125 128 139 148 161 169 175 188 200 209 214 235 229 235 257 257 249 286 302 319 318 333 63 48 159 352 373 388 382 455,0.92 0.94 1 0.96 1 0.97 1 1 1 1 1 1 1 1 1 1 0.94 1 0.92 0.63 1 0.8 0.88 1 1 1 1 1 1 1 1 1 1 1 1 1 1 1,thousand_cuts8 razorgale8 lunar_brand8 deathcoil8 great_herd8 strangleroot8 | spirit_companion1 blood_scent1 butchers_mark1 grave_call2 pack_leader1 cinderwake1 soul_harvest1 perennial3 duplicity3 fortune3 recovery1 serration3 chilling2
286,32778,stalker,hunting_bow,mark_prey,3,kerchiefs,none,7,1,30.61,1,41.07,bruiser,26,38903,75,83,2.02,0.000,0.581,101235,36.7,0.000,3,2,hunters_mark arcane_overflow,firepot:2486 Kerchief Bruiser:2336 Kerchief Footpad:1107 burning ground:762,7 14 17 25 28 29 33 35 36 39 41 43 43 45 47 48 50 50 53 53 55 55 56 57 57 57 57 57 59 60 61 61 62 64 66 68 70 72 74 75 75,46 54 62 48 58 59 76 73 79 86 124 96 119 113 100 108 88 127 60 64 119 96 97 150 74 116 154 120 142 163 192 156 131 174 228 260 315 311 383 393 437,0.97 1 1 1 0.92 1 1 1 1 1 1 1 0.88 1 1 1 1 1 1 1 1 1 1 1 1 1 1 1 1 1 1 1 1 1 1 1 1 1 0.78 0.99 0.59,arrowfall8 lunar_brand8 tether_of_anguish8 thornbloom8 blightfield8 reckoning8 | hunters_mark3 plague_bearer1 dark_bargain2 soul_harvest1 velocity3 arcane_overflow1 precision5 ironhide5 fortune4 ferocity4 wisdom4 grave_call1
287,40697,stalker,knife_belt,mark_prey,3,kerchiefs,none,7,1,31.23,1,37.60,bruiser,22,33796,73,81,2.15,0.000,0.453,101235,73.9,0.000,3,2,arcane_overflow arcane_overflow,firepot:4745 Kerchief Bruiser:1171 Kerchief Footpad:1095 burning ground:828,3 13 18 25 27 31 32 36 38 39 42 43 45 47 48 49 51 53 54 55 56 57 59 59 61 63 64 65 65 66 67 68 68 69 70 71 72,53 56 73 63 97 98 103 77 119 136 148 101 139 144 146 137 134 139 179 118 147 161 112 116 124 157 179 203 150 189 37 217 365 227 376 378 385,0.94 1 1 1 1 1 1 1 1 1 1 1 0.88 1 1 1 0.9 1 1 1 0.64 0.99 0.89 1 0.76 1 1 1 0.86 0.89 1 1 1 1 1 0.6 0.89,steel_flurry8 fallen_star8 thornbloom8 plaguebloom8 starseeker8 predators_volley8 | arcane_overflow2 pyre_burst1 plague_bearer1 dark_bargain1 kindling1 grave_call1 expanse4 fleetfoot5 vitality5 precision4 perennial5 dread_command2 fortune3
